info: syncing channel updates for 1.95.0-x86_64-unknown-linux-gnu
info: latest update on 2026-04-16 for version 1.95.0 (59807616e 2026-04-14)
info: component clippy is up to date
info: downloading component rustfmt
[1m[92m    Updating[0m crates.io index
[1m[92m Downloading[0m crates ...
[1m[92m  Downloaded[0m anstyle v1.0.14
[1m[92m  Downloaded[0m async-stream v0.3.6
[1m[92m  Downloaded[0m adler2 v2.0.1
[1m[92m  Downloaded[0m asn1-rs-derive v0.6.0
[1m[92m  Downloaded[0m futures-io v0.3.34
[1m[92m  Downloaded[0m async-stream-impl v0.3.6
[1m[92m  Downloaded[0m futures-core v0.3.34
[1m[92m  Downloaded[0m asn1-rs-impl v0.2.0
[1m[92m  Downloaded[0m cranelift-control v0.132.3
[1m[92m  Downloaded[0m crossbeam v0.8.5
[1m[92m  Downloaded[0m fallible-streaming-iterator v0.1.9
[1m[92m  Downloaded[0m glob v0.3.4
[1m[92m  Downloaded[0m clap_lex v1.1.0
[1m[92m  Downloaded[0m getrandom v0.2.17
[1m[92m  Downloaded[0m futures-macro v0.3.34
[1m[92m  Downloaded[0m futures-sink v0.3.34
[1m[92m  Downloaded[0m futures-task v0.3.34
[1m[92m  Downloaded[0m fd-lock v4.0.4
[1m[92m  Downloaded[0m foreign-types v0.3.2
[1m[92m  Downloaded[0m ciborium-ll v0.2.2
[1m[92m  Downloaded[0m errno v0.3.14
[1m[92m  Downloaded[0m cranelift-bitset v0.132.3
[1m[92m  Downloaded[0m is-terminal v0.4.17
[1m[92m  Downloaded[0m heck v0.5.0
[1m[92m  Downloaded[0m block-buffer v0.10.4
[1m[92m  Downloaded[0m cast v0.3.0
[1m[92m  Downloaded[0m ariadne v0.4.1
[1m[92m  Downloaded[0m cpufeatures v0.2.17
[1m[92m  Downloaded[0m idna_adapter v1.2.2
[1m[92m  Downloaded[0m itoa v1.0.18
[1m[92m  Downloaded[0m home v0.5.12
[1m[92m  Downloaded[0m peeking_take_while v0.1.2
[1m[92m  Downloaded[0m curve25519-dalek-derive v0.1.1
[1m[92m  Downloaded[0m cpufeatures v0.3.0
[1m[92m  Downloaded[0m autocfg v1.5.1
[1m[92m  Downloaded[0m byteorder v1.5.0
[1m[92m  Downloaded[0m phf_shared v0.11.3
[1m[92m  Downloaded[0m openssl-probe v0.1.6
[1m[92m  Downloaded[0m digest v0.10.7
[1m[92m  Downloaded[0m fallible-iterator v0.3.0
[1m[92m  Downloaded[0m crossbeam-deque v0.8.7
[1m[92m  Downloaded[0m deranged v0.5.8
[1m[92m  Downloaded[0m plotters-backend v0.3.7
[1m[92m  Downloaded[0m pyo3-macros v0.29.2
[1m[92m  Downloaded[0m lazycell v1.3.0
[1m[92m  Downloaded[0m allocator-api2 v0.2.21
[1m[92m  Downloaded[0m httpdate v1.0.3
[1m[92m  Downloaded[0m cranelift-bforest v0.132.3
[1m[92m  Downloaded[0m powerfmt v0.2.0
[1m[92m  Downloaded[0m generic-array v0.14.7
[1m[92m  Downloaded[0m openssl-macros v0.1.1
[1m[92m  Downloaded[0m rand_core v0.6.4
[1m[92m  Downloaded[0m quote v1.0.47
[1m[92m  Downloaded[0m quinn-udp v0.5.15
[1m[92m  Downloaded[0m pyo3-build-config v0.29.2
[1m[92m  Downloaded[0m phf_codegen v0.11.3
[1m[92m  Downloaded[0m rusticata-macros v4.1.0
[1m[92m  Downloaded[0m region v3.0.2
[1m[92m  Downloaded[0m clap_builder v4.6.6
[1m[92m  Downloaded[0m bindgen v0.66.1
[1m[92m  Downloaded[0m serde_urlencoded v0.7.1
[1m[92m  Downloaded[0m slab v0.4.12
[1m[92m  Downloaded[0m siphasher v1.0.3
[1m[92m  Downloaded[0m tinyvec_macros v0.1.1
[1m[92m  Downloaded[0m tokio-native-tls v0.3.1
[1m[92m  Downloaded[0m native-tls v0.2.18
[1m[92m  Downloaded[0m tokio-rustls v0.26.4
[1m[92m  Downloaded[0m tower-layer v0.3.3
[1m[92m  Downloaded[0m tower-service v0.3.3
[1m[92m  Downloaded[0m tower-lsp v0.20.0
[1m[92m  Downloaded[0m tokio-macros v2.7.2
[1m[92m  Downloaded[0m version_check v0.9.5
[1m[92m  Downloaded[0m utf8_iter v1.0.4
[1m[92m  Downloaded[0m webpki-roots v0.26.11
[1m[92m  Downloaded[0m walkdir v2.5.0
[1m[92m  Downloaded[0m which v4.4.2
[1m[92m  Downloaded[0m rustix v1.1.4
[1m[92m  Downloaded[0m zerofrom v0.1.8
[1m[92m  Downloaded[0m zeroize v1.9.0
[1m[92m  Downloaded[0m zmij v1.0.23
[1m[92m  Downloaded[0m serde_json v1.0.151
[1m[92m  Downloaded[0m tower-http v0.6.11
[1m[92m  Downloaded[0m url v2.5.8
[1m[92m  Downloaded[0m tracing-subscriber v0.3.23
[1m[92m  Downloaded[0m vcpkg v0.2.15
[1m[92m  Downloaded[0m yansi v1.0.1
[1m[92m  Downloaded[0m winnow v0.7.15
[1m[92m  Downloaded[0m zerovec v0.11.6
[1m[92m  Downloaded[0m gimli v0.33.0
[1m[92m  Downloaded[0m openssl v0.10.81
[1m[92m  Downloaded[0m zlib-rs v0.6.8
[1m[92m  Downloaded[0m x509-parser v0.18.1
[1m[92m  Downloaded[0m winnow v1.0.4
[1m[92m  Downloaded[0m zerotrie v0.2.4
[1m[92m  Downloaded[0m libmimalloc-sys v0.1.49
[1m[92m  Downloaded[0m webpki-roots v1.0.9
[1m[92m  Downloaded[0m nix v0.29.0
[1m[92m  Downloaded[0m tracing v0.1.44
[1m[92m  Downloaded[0m unicode-width v0.2.2
[1m[92m  Downloaded[0m tokio-util v0.7.19
[1m[92m  Downloaded[0m ureq v2.12.1
[1m[92m  Downloaded[0m unicode-segmentation v1.13.3
[1m[92m  Downloaded[0m unicode-width v0.1.14
[1m[92m  Downloaded[0m typenum v1.20.1
[1m[92m  Downloaded[0m tower v0.5.3
[1m[92m  Downloaded[0m libc v0.2.189
[1m[92m  Downloaded[0m tower v0.4.13
[1m[92m  Downloaded[0m toml_edit v0.22.27
[1m[92m  Downloaded[0m hyper v1.11.0
[1m[92m  Downloaded[0m tokio v1.53.1
[1m[92m  Downloaded[0m hyper v0.14.32
[1m[92m  Downloaded[0m regalloc2 v0.15.2
[1m[92m  Downloaded[0m plotters v0.3.7
[1m[92m  Downloaded[0m icu_properties_data v2.2.0
[1m[92m  Downloaded[0m h2 v0.4.15
[1m[92m  Downloaded[0m h2 v0.3.27
[1m[92m  Downloaded[0m zerovec-derive v0.11.3
[1m[92m  Downloaded[0m zerocopy-derive v0.7.35
[1m[92m  Downloaded[0m yasna v0.6.0
[1m[92m  Downloaded[0m xattr v1.6.1
[1m[92m  Downloaded[0m time v0.3.55
[1m[92m  Downloaded[0m reqwest v0.12.28
[1m[92m  Downloaded[0m regex v1.13.1
[1m[92m  Downloaded[0m zerocopy-derive v0.8.56
[1m[92m  Downloaded[0m libm v0.2.16
[1m[92m  Downloaded[0m zerocopy v0.7.35
[1m[92m  Downloaded[0m itertools v0.12.1
[1m[92m  Downloaded[0m idna v1.1.0
[1m[92m  Downloaded[0m http v0.2.12
[1m[92m  Downloaded[0m zerocopy v0.8.56
[1m[92m  Downloaded[0m hashbrown v0.17.1
[1m[92m  Downloaded[0m hashbrown v0.14.5
[1m[92m  Downloaded[0m zerofrom-derive v0.1.7
[1m[92m  Downloaded[0m libffi-sys v4.2.1
[1m[92m  Downloaded[0m yoke-derive v0.8.2
[1m[92m  Downloaded[0m yoke v0.8.3
[1m[92m  Downloaded[0m writeable v0.6.3
[1m[92m  Downloaded[0m tar v0.4.46
[1m[92m  Downloaded[0m syn v3.0.3
[1m[92m  Downloaded[0m syn v2.0.119
[1m[92m  Downloaded[0m rustls v0.23.45
[1m[92m  Downloaded[0m libsql v0.10.0-pre.4
[1m[92m  Downloaded[0m http v1.5.0
[1m[92m  Downloaded[0m hashbrown v0.16.1
[1m[92m  Downloaded[0m futures-util v0.3.34
[1m[92m  Downloaded[0m wasmtime-internal-core v45.0.3
[1m[92m  Downloaded[0m serde v1.0.229
[1m[92m  Downloaded[0m rustyline v15.0.0
[1m[92m  Downloaded[0m rustls-webpki v0.103.14
[1m[92m  Downloaded[0m rustls v0.22.4
[1m[92m  Downloaded[0m ring v0.17.14
[1m[92m  Downloaded[0m rand v0.10.2
[1m[92m  Downloaded[0m nom v7.1.3
[1m[92m  Downloaded[0m itertools v0.10.5
[1m[92m  Downloaded[0m libsql-sqlite3-parser v0.13.0
[1m[92m  Downloaded[0m indexmap v2.14.0
[1m[92m  Downloaded[0m rustls-webpki v0.102.8
[1m[92m  Downloaded[0m regex-automata v0.4.18
[1m[92m  Downloaded[0m pyo3 v0.29.2
[1m[92m  Downloaded[0m num-bigint v0.4.8
[1m[92m  Downloaded[0m mio v1.2.2
[1m[92m  Downloaded[0m memchr v2.8.3
[1m[92m  Downloaded[0m hyper-util v0.1.20
[1m[92m  Downloaded[0m uuid v1.24.1
[1m[92m  Downloaded[0m tinyvec v1.12.0
[1m[92m  Downloaded[0m serde_derive v1.0.229
[1m[92m  Downloaded[0m serde_core v1.0.229
[1m[92m  Downloaded[0m rand v0.8.7
[1m[92m  Downloaded[0m minimal-lexical v0.2.1
[1m[92m  Downloaded[0m linux-raw-sys v0.4.15
[1m[92m  Downloaded[0m icu_locale_core v2.2.0
[1m[92m  Downloaded[0m icu_collections v2.2.0
[1m[92m  Downloaded[0m half v2.7.1
[1m[92m  Downloaded[0m wasmtime-internal-jit-icache-coherence v45.0.3
[1m[92m  Downloaded[0m want v0.3.1
[1m[92m  Downloaded[0m unicode-ident v1.0.24
[1m[92m  Downloaded[0m tracing-core v0.1.36
[1m[92m  Downloaded[0m tracing-attributes v0.1.31
[1m[92m  Downloaded[0m toml_datetime v1.1.1+spec-1.1.0
[1m[92m  Downloaded[0m tinystr v0.8.3
[1m[92m  Downloaded[0m rcgen v0.14.9
[1m[92m  Downloaded[0m openssl-sys v0.9.117
[1m[92m  Downloaded[0m miniz_oxide v0.9.1
[1m[92m  Downloaded[0m lsp-types v0.94.1
[1m[92m  Downloaded[0m log v0.4.33
[1m[92m  Downloaded[0m icu_properties v2.2.0
[1m[92m  Downloaded[0m icu_normalizer v2.2.0
[1m[92m  Downloaded[0m uncased v0.9.10
[1m[92m  Downloaded[0m tracing-log v0.2.0
[1m[92m  Downloaded[0m regex-syntax v0.8.11
[1m[92m  Downloaded[0m utf8parse v0.2.2
[1m[92m  Downloaded[0m untrusted v0.9.0
[1m[92m  Downloaded[0m try-lock v0.2.5
[1m[92m  Downloaded[0m rustix v0.38.44
[1m[92m  Downloaded[0m encoding_rs v0.8.35
[1m[92m  Downloaded[0m tinytemplate v1.2.1
[1m[92m  Downloaded[0m rusqlite v0.32.1
[1m[92m  Downloaded[0m rayon v1.12.0
[1m[92m  Downloaded[0m once_cell v1.21.4
[1m[92m  Downloaded[0m icu_normalizer_data v2.2.0
[1m[92m  Downloaded[0m toml_parser v1.1.3+spec-1.1.0
[1m[92m  Downloaded[0m rayon-core v1.13.0
[1m[92m  Downloaded[0m parking_lot v0.12.5
[1m[92m  Downloaded[0m num-traits v0.2.19
[1m[92m  Downloaded[0m icu_provider v2.2.0
[1m[92m  Downloaded[0m iana-time-zone v0.1.65
[1m[92m  Downloaded[0m httparse v1.10.1
[1m[92m  Downloaded[0m cranelift-codegen v0.132.3
[1m[92m  Downloaded[0m tower-lsp-macros v0.9.0
[1m[92m  Downloaded[0m toml_writer v1.1.2+spec-1.1.0
[1m[92m  Downloaded[0m toml_datetime v0.6.11
[1m[92m  Downloaded[0m linux-raw-sys v0.12.1
[1m[92m  Downloaded[0m signature v2.2.0
[1m[92m  Downloaded[0m toml_write v0.1.2
[1m[92m  Downloaded[0m toml v1.1.4+spec-1.1.0
[1m[92m  Downloaded[0m toml v0.8.23
[1m[92m  Downloaded[0m parking_lot_core v0.9.12
[1m[92m  Downloaded[0m libsql-sys v0.10.0-pre.4
[1m[92m  Downloaded[0m getrandom v0.4.3
[1m[92m  Downloaded[0m tokio-rustls v0.25.0
[1m[92m  Downloaded[0m lock_api v0.4.14
[1m[92m  Downloaded[0m litemap v0.8.2
[1m[92m  Downloaded[0m libffi v5.2.0
[1m[92m  Downloaded[0m hyper-rustls v0.27.9
[1m[92m  Downloaded[0m futures-channel v0.3.34
[1m[92m  Downloaded[0m time-macros v0.2.32
[1m[92m  Downloaded[0m thiserror-impl v1.0.69
[1m[92m  Downloaded[0m thiserror v2.0.20
[1m[92m  Downloaded[0m thiserror v1.0.69
[1m[92m  Downloaded[0m target-lexicon v0.13.5
[1m[92m  Downloaded[0m socket2 v0.6.5
[1m[92m  Downloaded[0m socket2 v0.5.10
[1m[92m  Downloaded[0m sharded-slab v0.1.7
[1m[92m  Downloaded[0m quinn-proto v0.11.16
[1m[92m  Downloaded[0m pyo3-macros-backend v0.29.2
[1m[92m  Downloaded[0m oorandom v11.1.5
[1m[92m  Downloaded[0m time-core v0.1.9
[1m[92m  Downloaded[0m thread_local v1.1.10
[1m[92m  Downloaded[0m thiserror-impl v2.0.20
[1m[92m  Downloaded[0m synstructure v0.13.2
[1m[92m  Downloaded[0m sync_wrapper v1.0.2
[1m[92m  Downloaded[0m subtle v2.6.1
[1m[92m  Downloaded[0m stable_deref_trait v1.2.1
[1m[92m  Downloaded[0m spki v0.7.3
[1m[92m  Downloaded[0m smallvec v1.15.2
[1m[92m  Downloaded[0m rand_core v0.10.1
[1m[92m  Downloaded[0m prost-derive v0.12.6
[1m[92m  Downloaded[0m prost v0.12.6
[1m[92m  Downloaded[0m pkg-config v0.3.33
[1m[92m  Downloaded[0m pkcs8 v0.10.2
[1m[92m  Downloaded[0m simd-adler32 v0.3.10
[1m[92m  Downloaded[0m signal-hook-registry v1.4.8
[1m[92m  Downloaded[0m shlex v2.0.1
[1m[92m  Downloaded[0m shlex v1.3.0
[1m[92m  Downloaded[0m sha2 v0.10.9
[1m[92m  Downloaded[0m serde_spanned v0.6.9
[1m[92m  Downloaded[0m serde_repr v0.1.21
[1m[92m  Downloaded[0m semver v1.0.28
[1m[92m  Downloaded[0m same-file v1.0.6
[1m[92m  Downloaded[0m ryu v1.0.23
[1m[92m  Downloaded[0m rustls-pemfile v2.2.0
[1m[92m  Downloaded[0m quinn v0.11.11
[1m[92m  Downloaded[0m pyo3-ffi v0.29.2
[1m[92m  Downloaded[0m prettyplease v0.2.37
[1m[92m  Downloaded[0m serde_spanned v1.1.1
[1m[92m  Downloaded[0m scopeguard v1.2.0
[1m[92m  Downloaded[0m rustls-pki-types v1.15.1
[1m[92m  Downloaded[0m rustls-native-certs v0.7.3
[1m[92m  Downloaded[0m oid-registry v0.8.1
[1m[92m  Downloaded[0m num-integer v0.1.47
[1m[92m  Downloaded[0m nu-ansi-term v0.50.3
[1m[92m  Downloaded[0m memmap2 v0.2.3
[1m[92m  Downloaded[0m ipnet v2.12.1
[1m[92m  Downloaded[0m hyper-rustls v0.25.0
[1m[92m  Downloaded[0m http-body-util v0.1.4
[1m[92m  Downloaded[0m hashlink v0.9.1
[1m[92m  Downloaded[0m curve25519-dalek v4.1.3
[1m[92m  Downloaded[0m chrono v0.4.45
[1m[92m  Downloaded[0m blake3 v1.8.7
[1m[92m  Downloaded[0m aho-corasick v1.1.5
[1m[92m  Downloaded[0m rand_pcg v0.10.2
[1m[92m  Downloaded[0m potential_utf v0.1.5
[1m[92m  Downloaded[0m percent-encoding v2.3.2
[1m[92m  Downloaded[0m libloading v0.8.9
[1m[92m  Downloaded[0m futures-executor v0.3.34
[1m[92m  Downloaded[0m crossbeam-channel v0.5.16
[1m[92m  Downloaded[0m cranelift-isle v0.132.3
[1m[92m  Downloaded[0m cranelift-codegen-meta v0.132.3
[1m[92m  Downloaded[0m cc v1.4.2
[1m[92m  Downloaded[0m bumpalo v3.20.3
[1m[92m  Downloaded[0m base64 v0.22.1
[1m[92m  Downloaded[0m base64 v0.21.7
[1m[92m  Downloaded[0m rustc_version v0.4.1
[1m[92m  Downloaded[0m rustc-hash v2.1.3
[1m[92m  Downloaded[0m rustc-hash v1.1.0
[1m[92m  Downloaded[0m proc-macro2 v1.0.107
[1m[92m  Downloaded[0m pin-project v1.1.13
[1m[92m  Downloaded[0m num-conv v0.2.2
[1m[92m  Downloaded[0m ed25519-dalek v2.2.0
[1m[92m  Downloaded[0m der v0.7.10
[1m[92m  Downloaded[0m criterion v0.5.1
[1m[92m  Downloaded[0m openssl-probe v0.2.1
[1m[92m  Downloaded[0m matchers v0.2.0
[1m[92m  Downloaded[0m flate2 v1.1.10
[1m[92m  Downloaded[0m cranelift-frontend v0.132.3
[1m[92m  Downloaded[0m chacha20 v0.10.1
[1m[92m  Downloaded[0m bytes v1.12.1
[1m[92m  Downloaded[0m bitflags v2.13.1
[1m[92m  Downloaded[0m mimalloc v0.1.52
[1m[92m  Downloaded[0m futures v0.3.34
[1m[92m  Downloaded[0m der-parser v10.0.0
[1m[92m  Downloaded[0m const-oid v0.9.6
[1m[92m  Downloaded[0m clap v4.6.6
[1m[92m  Downloaded[0m plotters-svg v0.3.7
[1m[92m  Downloaded[0m pin-project-lite v0.2.17
[1m[92m  Downloaded[0m pin-project-internal v1.1.13
[1m[92m  Downloaded[0m phf v0.11.3
[1m[92m  Downloaded[0m lazy_static v1.5.0
[1m[92m  Downloaded[0m http-body v1.1.0
[1m[92m  Downloaded[0m hex v0.4.3
[1m[92m  Downloaded[0m crossbeam-utils v0.8.22
[1m[92m  Downloaded[0m bit-vec v0.9.1
[1m[92m  Downloaded[0m base64ct v1.8.3
[1m[92m  Downloaded[0m pem v3.0.6
[1m[92m  Downloaded[0m displaydoc v0.2.7
[1m[92m  Downloaded[0m crossbeam-epoch v0.9.20
[1m[92m  Downloaded[0m crc32fast v1.5.0
[1m[92m  Downloaded[0m cranelift-assembler-x64-meta v0.132.3
[1m[92m  Downloaded[0m clang-sys v1.9.1
[1m[92m  Downloaded[0m ciborium v0.2.2
[1m[92m  Downloaded[0m dashmap v5.5.3
[1m[92m  Downloaded[0m cranelift-assembler-x64 v0.132.3
[1m[92m  Downloaded[0m filetime v0.2.29
[1m[92m  Downloaded[0m criterion-plot v0.5.0
[1m[92m  Downloaded[0m cranelift-jit v0.132.3
[1m[92m  Downloaded[0m cmake v0.1.58
[1m[92m  Downloaded[0m auto_impl v1.3.0
[1m[92m  Downloaded[0m arrayvec v0.7.8
[1m[92m  Downloaded[0m arbitrary v1.4.2
[1m[92m  Downloaded[0m anyhow v1.0.104
[1m[92m  Downloaded[0m ahash v0.8.12
[1m[92m  Downloaded[0m phf_generator v0.11.3
[1m[92m  Downloaded[0m mime v0.3.17
[1m[92m  Downloaded[0m lru-slab v0.1.2
[1m[92m  Downloaded[0m libsql-hrana v0.10.0-pre.4
[1m[92m  Downloaded[0m foldhash v0.2.0
[1m[92m  Downloaded[0m find-msvc-tools v0.1.10
[1m[92m  Downloaded[0m either v1.17.0
[1m[92m  Downloaded[0m ed25519 v2.2.3
[1m[92m  Downloaded[0m data-encoding v2.11.1
[1m[92m  Downloaded[0m crossbeam-queue v0.3.13
[1m[92m  Downloaded[0m cranelift-module v0.132.3
[1m[92m  Downloaded[0m cranelift-entity v0.132.3
[1m[92m  Downloaded[0m constant_time_eq v0.4.2
[1m[92m  Downloaded[0m cexpr v0.6.0
[1m[92m  Downloaded[0m bitflags v1.3.2
[1m[92m  Downloaded[0m libsqlite3-sys v0.30.1
[1m[92m  Downloaded[0m async-trait v0.1.92
[1m[92m  Downloaded[0m asn1-rs v0.7.2
[1m[92m  Downloaded[0m anes v0.1.6
[1m[92m  Downloaded[0m form_urlencoded v1.2.2
[1m[92m  Downloaded[0m cranelift-srcgen v0.132.3
[1m[92m  Downloaded[0m cranelift v0.132.3
[1m[92m  Downloaded[0m hyper-tls v0.6.0
[1m[92m  Downloaded[0m http-body v0.4.6
[1m[92m  Downloaded[0m fnv v1.0.7
[1m[92m  Downloaded[0m cranelift-codegen-shared v0.132.3
[1m[92m  Downloaded[0m ciborium-io v0.2.2
[1m[92m  Downloaded[0m cfg-if v1.0.4
[1m[92m  Downloaded[0m crypto-common v0.1.7
[1m[92m  Downloaded[0m cranelift-native v0.132.3
[1m[92m  Downloaded[0m atomic-waker v1.1.2
[1m[92m  Downloaded[0m equivalent v1.0.2
[1m[92m  Downloaded[0m foreign-types-shared v0.1.1
[1m[92m  Downloaded[0m cfg_aliases v0.2.2
[1m[92m  Downloaded[0m libsql-ffi v0.10.0-pre.4
[1m[92m   Compiling[0m proc-macro2 v1.0.107
[1m[92m   Compiling[0m unicode-ident v1.0.24
[1m[92m   Compiling[0m quote v1.0.47
[1m[92m    Checking[0m cfg-if v1.0.4
[1m[92m   Compiling[0m libc v0.2.189
[1m[92m   Compiling[0m serde_core v1.0.229
[1m[92m   Compiling[0m shlex v2.0.1
[1m[92m   Compiling[0m find-msvc-tools v0.1.10
[1m[92m   Compiling[0m syn v2.0.119
[1m[92m   Compiling[0m syn v3.0.3
[1m[92m   Compiling[0m cc v1.4.2
[1m[92m   Compiling[0m serde v1.0.229
[1m[92m    Checking[0m smallvec v1.15.2
[1m[92m    Checking[0m log v0.4.33
[1m[92m   Compiling[0m version_check v0.9.5
[1m[92m    Checking[0m foldhash v0.2.0
[1m[92m    Checking[0m pin-project-lite v0.2.17
[1m[92m    Checking[0m hashbrown v0.17.1
[1m[92m    Checking[0m once_cell v1.21.4
[1m[92m    Checking[0m itoa v1.0.18
[1m[92m    Checking[0m memchr v2.8.3
[1m[92m   Compiling[0m parking_lot_core v0.9.12
[1m[92m    Checking[0m futures-core v0.3.34
[1m[92m    Checking[0m equivalent v1.0.2
[1m[92m    Checking[0m scopeguard v1.2.0
[1m[92m    Checking[0m lock_api v0.4.14
[1m[92m    Checking[0m indexmap v2.14.0
[1m[92m   Compiling[0m synstructure v0.13.2
[1m[92m    Checking[0m errno v0.3.14
[1m[92m    Checking[0m signal-hook-registry v1.4.8
[1m[92m    Checking[0m parking_lot v0.12.5
[1m[92m    Checking[0m mio v1.2.2
[1m[92m    Checking[0m socket2 v0.6.5
[1m[92m    Checking[0m fnv v1.0.7
[1m[92m    Checking[0m futures-sink v0.3.34
[1m[92m    Checking[0m zeroize v1.9.0
[1m[92m    Checking[0m stable_deref_trait v1.2.1
[1m[92m    Checking[0m slab v0.4.12
[1m[92m    Checking[0m rustls-pki-types v1.15.1
[1m[92m    Checking[0m futures-channel v0.3.34
[1m[92m   Compiling[0m ring v0.17.14
[1m[92m    Checking[0m tracing-core v0.1.36
[1m[92m   Compiling[0m target-lexicon v0.13.5
[1m[92m    Checking[0m bitflags v2.13.1
[1m[92m    Checking[0m getrandom v0.2.17
[1m[92m   Compiling[0m zmij v1.0.23
[1m[92m   Compiling[0m vcpkg v0.2.15
[1m[92m    Checking[0m futures-task v0.3.34
[1m[92m    Checking[0m futures-io v0.3.34
[1m[92m   Compiling[0m pkg-config v0.3.33
[1m[92m   Compiling[0m serde_json v1.0.151
[1m[92m    Checking[0m untrusted v0.9.0
[1m[92m    Checking[0m writeable v0.6.3
[1m[92m   Compiling[0m libm v0.2.16
[1m[92m    Checking[0m litemap v0.8.2
[1m[92m   Compiling[0m cranelift-srcgen v0.132.3
[1m[92m   Compiling[0m zerocopy v0.8.56
[1m[92m   Compiling[0m cranelift-assembler-x64-meta v0.132.3
[1m[92m   Compiling[0m uncased v0.9.10
[1m[92m    Checking[0m utf8_iter v1.0.4
[1m[92m   Compiling[0m icu_properties_data v2.2.0
[1m[92m    Checking[0m percent-encoding v2.3.2
[1m[92m   Compiling[0m heck v0.5.0
[1m[92m   Compiling[0m wasmtime-internal-core v45.0.3
[1m[92m    Checking[0m subtle v2.6.1
[1m[92m    Checking[0m tower-service v0.3.3
[1m[92m   Compiling[0m autocfg v1.5.1
[1m[92m   Compiling[0m icu_normalizer_data v2.2.0
[1m[92m   Compiling[0m httparse v1.10.1
[1m[92m   Compiling[0m num-traits v0.2.19
[1m[92m   Compiling[0m either v1.17.0
[1m[92m   Compiling[0m openssl-sys v0.9.117
[1m[92m   Compiling[0m serde_derive v1.0.229
[1m[92m   Compiling[0m tokio-macros v2.7.2
[1m[92m   Compiling[0m zerofrom-derive v0.1.7
[1m[92m   Compiling[0m yoke-derive v0.8.2
[1m[92m   Compiling[0m zerovec-derive v0.11.3
[1m[92m   Compiling[0m tracing-attributes v0.1.31
[1m[92m   Compiling[0m futures-macro v0.3.34
[1m[92m    Checking[0m zerofrom v0.1.8
[1m[92m    Checking[0m yoke v0.8.3
[1m[92m    Checking[0m zerovec v0.11.6
[1m[92m   Compiling[0m displaydoc v0.2.7
[1m[92m    Checking[0m bytes v1.12.1
[1m[92m    Checking[0m tokio v1.53.1
[1m[92m    Checking[0m futures-util v0.3.34
[1m[92m    Checking[0m tinystr v0.8.3
[1m[92m    Checking[0m icu_locale_core v2.2.0
[1m[92m    Checking[0m zerotrie v0.2.4
[1m[92m    Checking[0m potential_utf v0.1.5
[1m[92m   Compiling[0m zerocopy-derive v0.8.56
[1m[92m    Checking[0m icu_collections v2.2.0
[1m[92m    Checking[0m icu_provider v2.2.0
[1m[92m    Checking[0m http v1.5.0
[1m[92m    Checking[0m tokio-util v0.7.19
[1m[92m    Checking[0m tracing v0.1.44
[1m[92m   Compiling[0m cranelift-isle v0.132.3
[1m[92m   Compiling[0m glob v0.3.4
[1m[92m    Checking[0m try-lock v0.2.5
[1m[92m   Compiling[0m crossbeam-utils v0.8.22
[1m[92m    Checking[0m want v0.3.1
[1m[92m    Checking[0m icu_normalizer v2.2.0
[1m[92m    Checking[0m icu_properties v2.2.0
[1m[92m   Compiling[0m clang-sys v1.9.1
[1m[92m   Compiling[0m cranelift-codegen-shared v0.132.3
[1m[92m   Compiling[0m prettyplease v0.2.37
[1m[92m   Compiling[0m rustix v0.38.44
[1m[92m   Compiling[0m getrandom v0.4.3
[1m[92m    Checking[0m idna_adapter v1.2.2
[1m[92m   Compiling[0m cranelift-codegen-meta v0.132.3
[1m[92m    Checking[0m http-body v1.1.0
[1m[92m   Compiling[0m cranelift-assembler-x64 v0.132.3
[1m[92m    Checking[0m cranelift-bitset v0.132.3
[1m[92m    Checking[0m form_urlencoded v1.2.2
[1m[92m   Compiling[0m ahash v0.8.12
[1m[92m   Compiling[0m generic-array v0.14.7
[1m[92m   Compiling[0m minimal-lexical v0.2.1
[1m[92m    Checking[0m base64 v0.22.1
[1m[92m   Compiling[0m regex-syntax v0.8.11
[1m[92m   Compiling[0m linux-raw-sys v0.4.15
[1m[92m    Checking[0m allocator-api2 v0.2.21
[1m[92m   Compiling[0m libloading v0.8.9
[1m[92m    Checking[0m bumpalo v3.20.3
[1m[92m   Compiling[0m nom v7.1.3
[1m[92m   Compiling[0m regex-automata v0.4.18
[1m[92m   Compiling[0m pyo3-build-config v0.29.2
[1m[92m   Compiling[0m cranelift-codegen v0.132.3
[1m[92m    Checking[0m cranelift-entity v0.132.3
[1m[92m    Checking[0m idna v1.1.0
[1m[92m    Checking[0m webpki-roots v1.0.9
[1m[92m    Checking[0m atomic-waker v1.1.2
[1m[92m    Checking[0m iana-time-zone v0.1.65
[1m[92m    Checking[0m tower-layer v0.3.3
[1m[92m    Checking[0m arbitrary v1.4.2
[1m[92m   Compiling[0m home v0.5.12
[1m[92m   Compiling[0m crossbeam-epoch v0.9.20
[1m[92m    Checking[0m hashbrown v0.16.1
[1m[92m    Checking[0m foreign-types-shared v0.1.1
[1m[92m   Compiling[0m siphasher v1.0.3
[1m[92m    Checking[0m typenum v1.20.1
[1m[92m   Compiling[0m openssl v0.10.81
[1m[92m   Compiling[0m rand_core v0.6.4
[1m[92m    Checking[0m rustc-hash v2.1.3
[1m[92m   Compiling[0m rustls v0.23.45
[1m[92m   Compiling[0m bindgen v0.66.1
[1m[92m    Checking[0m regalloc2 v0.15.2
[1m[92m   Compiling[0m rand v0.8.7
[1m[92m    Checking[0m gimli v0.33.0
[1m[92m   Compiling[0m phf_shared v0.11.3
[1m[92m    Checking[0m foreign-types v0.3.2
[1m[92m    Checking[0m cranelift-control v0.132.3
[1m[92m   Compiling[0m which v4.4.2
[1m[92m    Checking[0m chrono v0.4.45
[1m[92m    Checking[0m h2 v0.4.15
[1m[92m    Checking[0m uuid v1.24.1
[1m[92m    Checking[0m url v2.5.8
[1m[92m    Checking[0m cranelift-bforest v0.132.3
[1m[92m   Compiling[0m cexpr v0.6.0
[1m[92m   Compiling[0m regex v1.13.1
[1m[92m   Compiling[0m openssl-macros v0.1.1
[1m[92m    Checking[0m rustls-webpki v0.103.14
[1m[92m   Compiling[0m anyhow v1.0.104
[1m[92m   Compiling[0m rustix v1.1.4
[1m[92m   Compiling[0m lazy_static v1.5.0
[1m[92m   Compiling[0m crossbeam-deque v0.8.7
[1m[92m   Compiling[0m peeking_take_while v0.1.2
[1m[92m   Compiling[0m native-tls v0.2.18
[1m[92m   Compiling[0m shlex v1.3.0
[1m[92m   Compiling[0m rustc-hash v1.1.0
[1m[92m   Compiling[0m thiserror v2.0.20
[1m[92m   Compiling[0m lazycell v1.3.0
[1m[92m    Checking[0m hyper v1.11.0
[1m[92m    Checking[0m hashbrown v0.14.5
[1m[92m    Checking[0m nulang-ai-core v0.1.0 (/home/runner/work/nulang/nulang/crates/nulang-ai-core)
[1m[92m   Compiling[0m phf_generator v0.11.3
[1m[92m   Compiling[0m pyo3-ffi v0.29.2
[1m[92m    Checking[0m http v0.2.12
[1m[92m   Compiling[0m thiserror-impl v2.0.20
[1m[92m   Compiling[0m cmake v0.1.58
[1m[92m    Checking[0m linux-raw-sys v0.12.1
[1m[92m   Compiling[0m rustls v0.22.4
[1m[92m   Compiling[0m semver v1.0.28
[1m[92m    Checking[0m ipnet v2.12.1
[1m[92m    Checking[0m openssl-probe v0.2.1
[1m[92m    Checking[0m hyper-util v0.1.20
[1m[92m   Compiling[0m rustc_version v0.4.1
[1m[92m   Compiling[0m phf_codegen v0.11.3
[1m[92m    Checking[0m block-buffer v0.10.4
[1m[92m    Checking[0m crypto-common v0.1.7
[1m[92m   Compiling[0m pin-project-internal v1.1.13
[1m[92m   Compiling[0m itertools v0.12.1
[1m[92m    Checking[0m rustls-webpki v0.102.8
[1m[92m   Compiling[0m libsqlite3-sys v0.30.1
[1m[92m    Checking[0m sync_wrapper v1.0.2
[1m[92m   Compiling[0m crc32fast v1.5.0
[1m[92m    Checking[0m bitflags v1.3.2
[1m[92m   Compiling[0m cfg_aliases v0.2.2
[1m[92m    Checking[0m fallible-iterator v0.3.0
[1m[92m   Compiling[0m nix v0.29.0
[1m[92m   Compiling[0m prost-derive v0.12.6
[1m[92m    Checking[0m tower v0.5.3
[1m[92m    Checking[0m pin-project v1.1.13
[1m[92m    Checking[0m digest v0.10.7
[1m[92m   Compiling[0m libsql-sqlite3-parser v0.13.0
[1m[92m   Compiling[0m curve25519-dalek v4.1.3
[1m[92m    Checking[0m tokio-native-tls v0.3.1
[1m[92m    Checking[0m http-body v0.4.6
[1m[92m    Checking[0m h2 v0.3.27
[1m[92m    Checking[0m tokio-rustls v0.26.4
[1m[92m   Compiling[0m pyo3 v0.29.2
[1m[92m    Checking[0m webpki-roots v0.26.11
[1m[92m    Checking[0m http-body-util v0.1.4
[1m[92m    Checking[0m futures-executor v0.3.34
[1m[92m    Checking[0m serde_spanned v0.6.9
[1m[92m    Checking[0m toml_datetime v0.6.11
[1m[92m   Compiling[0m libsql-ffi v0.10.0-pre.4
[1m[92m   Compiling[0m zerocopy-derive v0.7.35
[1m[92m   Compiling[0m async-trait v0.1.92
[1m[92m    Checking[0m rustls-pemfile v2.2.0
[1m[92m   Compiling[0m libmimalloc-sys v0.1.49
[1m[92m   Compiling[0m libffi-sys v4.2.1
[1m[92m    Checking[0m socket2 v0.5.10
[1m[92m    Checking[0m ryu v1.0.23
[1m[92m    Checking[0m cpufeatures v0.2.17
[1m[92m    Checking[0m adler2 v2.0.1
[1m[92m   Compiling[0m thiserror v1.0.69
[1m[92m    Checking[0m byteorder v1.5.0
[1m[92m    Checking[0m openssl-probe v0.1.6
[1m[92m    Checking[0m winnow v0.7.15
[1m[92m    Checking[0m simd-adler32 v0.3.10
[1m[92m    Checking[0m toml_write v0.1.2
[1m[92m    Checking[0m httpdate v1.0.3
[1m[92m    Checking[0m hyper v0.14.32
[1m[92m    Checking[0m toml_edit v0.22.27
[1m[92m    Checking[0m miniz_oxide v0.9.1
[1m[92m    Checking[0m rustls-native-certs v0.7.3
[1m[92m    Checking[0m zerocopy v0.7.35
[1m[92m    Checking[0m serde_urlencoded v0.7.1
[1m[92m    Checking[0m futures v0.3.34
[1m[92m    Checking[0m hyper-tls v0.6.0
[1m[92m    Checking[0m hyper-rustls v0.27.9
[1m[92m    Checking[0m tokio-rustls v0.25.0
[1m[92m    Checking[0m prost v0.12.6
[1m[92m    Checking[0m tower v0.4.13
[1m[92m    Checking[0m tower-http v0.6.11
[1m[92m    Checking[0m phf v0.11.3
[1m[92m    Checking[0m hashlink v0.9.1
[1m[92m   Compiling[0m thiserror-impl v1.0.69
[1m[92m   Compiling[0m curve25519-dalek-derive v0.1.1
[1m[92m   Compiling[0m async-stream-impl v0.3.6
[1m[92m   Compiling[0m serde_repr v0.1.21
[1m[92m   Compiling[0m pyo3-macros-backend v0.29.2
[1m[92m   Compiling[0m blake3 v1.8.7
[1m[92m    Checking[0m encoding_rs v0.8.35
[1m[92m    Checking[0m mime v0.3.17
[1m[92m    Checking[0m winnow v1.0.4
[1m[92m    Checking[0m fallible-streaming-iterator v0.1.9
[1m[92m    Checking[0m signature v2.2.0
[1m[92m    Checking[0m base64 v0.21.7
[1m[92m    Checking[0m sharded-slab v0.1.7
[1m[92m    Checking[0m libsql-hrana v0.10.0-pre.4
[1m[92m    Checking[0m rusqlite v0.32.1
[1m[92m    Checking[0m ed25519 v2.2.3
[1m[92m    Checking[0m toml_parser v1.1.3+spec-1.1.0
[1m[92m    Checking[0m reqwest v0.12.28
[1m[92m    Checking[0m lsp-types v0.94.1
[1m[92m    Checking[0m async-stream v0.3.6
[1m[92m    Checking[0m cranelift-module v0.132.3
[1m[92m    Checking[0m libsql-sys v0.10.0-pre.4
[1m[92m    Checking[0m flate2 v1.1.10
[1m[92m    Checking[0m hyper-rustls v0.25.0
[1m[92m    Checking[0m toml v0.8.23
[1m[92m    Checking[0m sha2 v0.10.9
[1m[92m    Checking[0m region v3.0.2
[1m[92m    Checking[0m xattr v1.6.1
[1m[92m    Checking[0m fd-lock v4.0.4
[1m[92m    Checking[0m cranelift-frontend v0.132.3
[1m[92m    Checking[0m cranelift-native v0.132.3
[1m[92m    Checking[0m nulang-ai-worker v0.1.0 (/home/runner/work/nulang/nulang/crates/nulang-ai-worker)
[1m[92m    Checking[0m nulang-ai-manager v0.1.0 (/home/runner/work/nulang/nulang/crates/nulang-ai-manager)
[1m[92m    Checking[0m nulang-ai-director v0.1.0 (/home/runner/work/nulang/nulang/crates/nulang-ai-director)
[1m[92m    Checking[0m matchers v0.2.0
[1m[92m    Checking[0m nulang-ai-protocol v0.1.0 (/home/runner/work/nulang/nulang/crates/nulang-ai-protocol)
[1m[92m    Checking[0m dashmap v5.5.3
[1m[92m    Checking[0m crossbeam-channel v0.5.16
[1m[92m    Checking[0m crossbeam-queue v0.3.13
[1m[92m   Compiling[0m auto_impl v1.3.0
[1m[92m   Compiling[0m tower-lsp-macros v0.9.0
[1m[92m    Checking[0m wasmtime-internal-jit-icache-coherence v45.0.3
[1m[92m    Checking[0m tracing-log v0.2.0
[1m[92m    Checking[0m serde_spanned v1.1.1
[1m[92m    Checking[0m toml_datetime v1.1.1+spec-1.1.0
[1m[92m    Checking[0m filetime v0.2.29
[1m[92m    Checking[0m memmap2 v0.2.3
[1m[92m    Checking[0m thread_local v1.1.10
[1m[92m    Checking[0m toml_writer v1.1.2+spec-1.1.0
[1m[92m    Checking[0m constant_time_eq v0.4.2
[1m[92m    Checking[0m unicode-segmentation v1.13.3
[1m[92m    Checking[0m nu-ansi-term v0.50.3
[1m[92m    Checking[0m cpufeatures v0.3.0
[1m[92m    Checking[0m arrayvec v0.7.8
[1m[92m    Checking[0m unicode-width v0.2.2
[1m[92m   Compiling[0m rayon-core v1.13.0
[1m[92m    Checking[0m yansi v1.0.1
[1m[92m   Compiling[0m nulang v0.1.0 (/home/runner/work/nulang/nulang)
[1m[92m    Checking[0m utf8parse v0.2.2
[1m[92m    Checking[0m unicode-width v0.1.14
[1m[92m    Checking[0m rustyline v15.0.0
[1m[92m    Checking[0m ariadne v0.4.1
[1m[92m    Checking[0m tracing-subscriber v0.3.23
[1m[92m    Checking[0m toml v1.1.4+spec-1.1.0
[1m[92m    Checking[0m tower-lsp v0.20.0
[1m[92m    Checking[0m cranelift-jit v0.132.3
[1m[92m    Checking[0m tar v0.4.46
[1m[92m    Checking[0m ed25519-dalek v2.2.0
[1m[92m    Checking[0m crossbeam v0.8.5
[1m[92m    Checking[0m nulang-ai-local v0.1.0 (/home/runner/work/nulang/nulang/crates/nulang-ai-local)
[1m[92m    Checking[0m cranelift v0.132.3
[1m[92m    Checking[0m mimalloc v0.1.52
[1m[33mwarning[0m[1m: this `impl` can be derived[0m
  [1m[94m--> [0mcrates/nulang-ai-local/src/config.rs:41:1
   [1m[94m|[0m
[1m[94m41[0m [1m[94m|[0m [1m[33m/[0m impl Default for AgentConfigFile {
[1m[94m42[0m [1m[94m|[0m [1m[33m|[0m     fn default() -> Self {
[1m[94m43[0m [1m[94m|[0m [1m[33m|[0m         Self {
[1m[94m44[0m [1m[94m|[0m [1m[33m|[0m             inference: InferenceSection::default(),
[1m[94m...[0m  [1m[33m|[0m
[1m[94m49[0m [1m[94m|[0m [1m[33m|[0m }
   [1m[94m|[0m [1m[33m|_^[0m
   [1m[94m|[0m
   [1m[94m= [0m[1mhelp[0m: for further information visit https://rust-lang.github.io/rust-clippy/rust-1.95.0/index.html#derivable_impls
   [1m[94m= [0m[1mnote[0m: `#[warn(clippy::derivable_impls)]` on by default
[1m[96mhelp[0m: replace the manual implementation with a derive attribute
   [1m[94m|[0m
[1m[94m 7[0m [92m+ #[derive(Default)][0m
[1m[94m 8[0m [1m[94m|[0m pub struct AgentConfigFile {
   [1m[94m|[0m

[1m[92m    Checking[0m libsql v0.10.0-pre.4
[1m[33mwarning[0m: `nulang-ai-local` (lib) generated 1 warning (run `cargo clippy --fix --lib -p nulang-ai-local -- -D clippy::correctness` to apply 1 suggestion)
[1m[92m    Checking[0m ureq v2.12.1
[1m[92m    Checking[0m libffi v5.2.0
[1m[92m    Checking[0m nulang-ai v0.1.0 (/home/runner/work/nulang/nulang/crates/nulang-ai)
[1m[92m    Checking[0m half v2.7.1
[1m[92m    Checking[0m time-core v0.1.9
[1m[92m    Checking[0m num-conv v0.2.2
[1m[92m    Checking[0m anstyle v1.0.14
[1m[92m    Checking[0m clap_lex v1.1.0
[1m[92m    Checking[0m ciborium-io v0.2.2
[1m[92m    Checking[0m plotters-backend v0.3.7
[1m[92m    Checking[0m deranged v0.5.8
[1m[92m    Checking[0m hex v0.4.3
[1m[92m    Checking[0m powerfmt v0.2.0
[1m[92m    Checking[0m plotters-svg v0.3.7
[1m[92m    Checking[0m ciborium-ll v0.2.2
[1m[92m    Checking[0m clap_builder v4.6.6
[1m[92m    Checking[0m time v0.3.55
[1m[92m    Checking[0m itertools v0.10.5
[1m[92m    Checking[0m cast v0.3.0
[1m[92m    Checking[0m same-file v1.0.6
[1m[92m    Checking[0m walkdir v2.5.0
[1m[92m    Checking[0m yasna v0.6.0
[1m[92m    Checking[0m clap v4.6.6
[1m[92m    Checking[0m rayon v1.12.0
[1m[92m    Checking[0m criterion-plot v0.5.0
[1m[92m    Checking[0m ciborium v0.2.2
[1m[92m    Checking[0m plotters v0.3.7
[1m[92m    Checking[0m pem v3.0.6
[1m[92m    Checking[0m tinytemplate v1.2.1
[1m[92m    Checking[0m is-terminal v0.4.17
[1m[92m    Checking[0m anes v0.1.6
[1m[92m    Checking[0m oorandom v11.1.5
[1m[92m    Checking[0m rcgen v0.14.9
[1m[92m    Checking[0m criterion v0.5.1
[1m[92m   Compiling[0m pyo3-macros v0.29.2
[1m[33mwarning[0m[1m: empty line after doc comment[0m
    [1m[94m--> [0msrc/package/commands.rs:2078:1
     [1m[94m|[0m
[1m[94m2078[0m [1m[94m|[0m [1m[33m/[0m /// Recursively remove .nbc files under `dir`.
[1m[94m2079[0m [1m[94m|[0m [1m[33m|[0m
     [1m[94m|[0m [1m[33m|_^[0m
[1m[94m...[0m
[1m[94m2082[0m [1m[94m|[0m   fn cmd_publish(registry_url: Option<String>, token: Option<String>) -> NuResult<()> {
     [1m[94m|[0m   [1m[94m--------------[0m [1m[94mthe comment documents this function[0m
     [1m[94m|[0m
     [1m[94m= [0m[1mhelp[0m: for further information visit https://rust-lang.github.io/rust-clippy/rust-1.95.0/index.html#empty_line_after_doc_comments
     [1m[94m= [0m[1mnote[0m: `#[warn(clippy::empty_line_after_doc_comments)]` on by default
     [1m[94m= [0m[1mhelp[0m: if the empty line is unintentional, remove it
[1m[96mhelp[0m: if the documentation should include the empty line include it in the comment
     [1m[94m|[0m
[1m[94m2079[0m [1m[94m| [0m[92m///[0m
     [1m[94m|[0m

[1m[33mwarning[0m[1m: unnecessary `>= y + 1` or `x - 1 >=`[0m
   [1m[94m--> [0msrc/runtime/cluster.rs:280:12
    [1m[94m|[0m
[1m[94m280[0m [1m[94m|[0m         if reachable >= self.expected_nodes / 2 + 1 {
    [1m[94m|[0m            [1m[33m^^^^^^^^^^^^^^^^^^^^^^^^^^^^^^^^^^^^^^^^[0m [1m[33mhelp: change it to: `reachable > self.expected_nodes / 2`[0m
    [1m[94m|[0m
    [1m[94m= [0m[1mhelp[0m: for further information visit https://rust-lang.github.io/rust-clippy/rust-1.95.0/index.html#int_plus_one
    [1m[94m= [0m[1mnote[0m: `#[warn(clippy::int_plus_one)]` on by default

[1m[33mwarning[0m[1m: empty lines after doc comment[0m
    [1m[94m--> [0msrc/runtime/network.rs:1780:1
     [1m[94m|[0m
[1m[94m1780[0m [1m[94m|[0m [1m[33m/[0m /// 4-byte length (u32, big-endian) and the bytes when present.
[1m[94m1781[0m [1m[94m|[0m [1m[33m|[0m
[1m[94m1782[0m [1m[94m|[0m [1m[33m|[0m /// Read optional byte blob. Returns `(Option<Vec<u8>>, bytes_consumed)`.
[1m[94m...[0m    [1m[33m|[0m
[1m[94m1787[0m [1m[94m|[0m [1m[33m|[0m
     [1m[94m|[0m [1m[33m|_^[0m
[1m[94m1788[0m [1m[94m|[0m   /// Address family tags for [`write_addr`] / [`read_addr`].
[1m[94m1789[0m [1m[94m|[0m   const ADDR_IPV4: u8 = 4;
     [1m[94m|[0m   [1m[94m---------------[0m [1m[94mthe comment documents this constant item[0m
     [1m[94m|[0m
     [1m[94m= [0m[1mhelp[0m: for further information visit https://rust-lang.github.io/rust-clippy/rust-1.95.0/index.html#empty_line_after_doc_comments
     [1m[94m= [0m[1mhelp[0m: if the empty lines are unintentional, remove them
[1m[96mhelp[0m: if the doc comment should not document constant item `ADDR_IPV4` then comment it out
     [1m[94m|[0m
[1m[94m1779[0m [92m~ // [0m/// Write optional byte blob: 1-byte flag (0=None, 1=Some) followed by
[1m[94m1780[0m [92m~ // [0m/// 4-byte length (u32, big-endian) and the bytes when present.
[1m[94m1781[0m [1m[94m|[0m
[1m[94m1782[0m [92m~ // [0m/// Read optional byte blob. Returns `(Option<Vec<u8>>, bytes_consumed)`.
     [1m[94m|[0m

[1m[33mwarning[0m[1m: empty line after doc comment[0m
    [1m[94m--> [0msrc/runtime/mod.rs:6784:5
     [1m[94m|[0m
[1m[94m6784[0m [1m[94m|[0m [1m[33m/[0m     /// Resolve an actor type by name to the `(module, behavior_idx)` pair
[1m[94m6785[0m [1m[94m|[0m [1m[33m|[0m
     [1m[94m|[0m [1m[33m|_^[0m
[1m[94m...[0m
[1m[94m6799[0m [1m[94m|[0m       fn perform_crdt_builtin(
     [1m[94m|[0m       [1m[94m-----------------------[0m [1m[94mthe comment documents this function[0m
     [1m[94m|[0m
     [1m[94m= [0m[1mhelp[0m: for further information visit https://rust-lang.github.io/rust-clippy/rust-1.95.0/index.html#empty_line_after_doc_comments
     [1m[94m= [0m[1mhelp[0m: if the empty line is unintentional, remove it
[1m[96mhelp[0m: if the documentation should include the empty line include it in the comment
     [1m[94m|[0m
[1m[94m6785[0m [1m[94m| [0m[92m    ///[0m
     [1m[94m|[0m

[1m[33mwarning[0m[1m: empty line after doc comment[0m
    [1m[94m--> [0msrc/runtime/mod.rs:7037:5
     [1m[94m|[0m
[1m[94m7037[0m [1m[94m|[0m [1m[33m/[0m     ///
[1m[94m7038[0m [1m[94m|[0m [1m[33m|[0m     // -- Distributed Actor System --
[1m[94m7039[0m [1m[94m|[0m [1m[33m|[0m
     [1m[94m|[0m [1m[33m|_^[0m
[1m[94m...[0m
[1m[94m7046[0m [1m[94m|[0m       pub fn set_cluster_config(&mut self, config: ClusterConfig) -> bool {
     [1m[94m|[0m       [1m[94m-------------------------[0m [1m[94mthe comment documents this function[0m
     [1m[94m|[0m
     [1m[94m= [0m[1mhelp[0m: for further information visit https://rust-lang.github.io/rust-clippy/rust-1.95.0/index.html#empty_line_after_doc_comments
     [1m[94m= [0m[1mhelp[0m: if the empty line is unintentional, remove it
[1m[96mhelp[0m: if the doc comment should not document function `set_cluster_config` then comment it out
     [1m[94m|[0m
[1m[94m7031[0m [92m~ [0m    [92m// [0m/// Shut a supervisor down, removing its children and the supervisor
[1m[94m7032[0m [92m~ [0m    [92m// [0m/// actor itself through the full exit protocol so registered names and
[1m[94m7033[0m [92m~ [0m    [92m// [0m/// process groups are cleaned up and monitors/links are notified.
[1m[94m7034[0m [92m~ [0m    [92m// [0m///
[1m[94m7035[0m [92m~ [0m    [92m// [0m/// The `supervisor` value is passed in because callers remove it from
[1m[94m7036[0m [92m~ [0m    [92m// [0m/// `self.supervisors` before deciding to shut it down - looking it up in
[1m[94m7037[0m [92m~ [0m    [92m// [0m///
     [1m[94m|[0m

[1m[33mwarning[0m[1m: empty line after doc comment[0m
    [1m[94m--> [0msrc/runtime/mod.rs:7594:1
     [1m[94m|[0m
[1m[94m7594[0m [1m[94m|[0m [1m[33m/[0m ///
[1m[94m...[0m    [1m[33m|[0m
[1m[94m7598[0m [1m[94m|[0m [1m[33m|[0m
     [1m[94m|[0m [1m[33m|_^[0m
[1m[94m7599[0m [1m[94m|[0m   impl crate::runtime::orca_cycle::CycleRuntime for Runtime {
     [1m[94m|[0m   [1m[94m-[0m [1m[94mthe comment documents this implementation[0m
     [1m[94m|[0m
     [1m[94m= [0m[1mhelp[0m: for further information visit https://rust-lang.github.io/rust-clippy/rust-1.95.0/index.html#empty_line_after_doc_comments
     [1m[94m= [0m[1mhelp[0m: if the empty line is unintentional, remove it
[1m[96mhelp[0m: if the doc comment should not document the following item then comment it out
     [1m[94m|[0m
[1m[94m7593[0m [92m~ // [0m/// True when the given 1-based sync round should ship full state.
[1m[94m7594[0m [92m~ // [0m///
     [1m[94m|[0m

[1m[33mwarning[0m[1m: field `priority` is never read[0m
   [1m[94m--> [0msrc/runtime/mod.rs:339:9
    [1m[94m|[0m
[1m[94m337[0m [1m[94m|[0m     EnqueueActor {
    [1m[94m|[0m     [1m[94m------------[0m [1m[94mfield in this variant[0m
[1m[94m338[0m [1m[94m|[0m         actor_id: u64,
[1m[94m339[0m [1m[94m|[0m         priority: ActorPriority,
    [1m[94m|[0m         [1m[33m^^^^^^^^[0m
    [1m[94m|[0m
    [1m[94m= [0m[1mnote[0m: `CrossShardMsg` has a derived impl for the trait `Debug`, but this is intentionally ignored during dead code analysis
    [1m[94m= [0m[1mnote[0m: `#[warn(dead_code)]` (part of `#[warn(unused)]`) on by default

[1m[33mwarning[0m[1m: function `vm_value_to_string_in_actor` is never used[0m
   [1m[94m--> [0msrc/runtime/workflow.rs:569:15
    [1m[94m|[0m
[1m[94m569[0m [1m[94m|[0m pub(crate) fn vm_value_to_string_in_actor(value: &Value, actor: &Actor) -> Option<String> {
    [1m[94m|[0m               [1m[33m^^^^^^^^^^^^^^^^^^^^^^^^^^^[0m

[1m[33mwarning[0m[1m: casting to the same type is unnecessary (`u32` -> `u32`)[0m
   [1m[94m--> [0msrc/aot/codegen.rs:271:22
    [1m[94m|[0m
[1m[94m271[0m [1m[94m|[0m     let local_base = mir::FunctionBuilder::LOCAL_BASE as u32;
    [1m[94m|[0m                      [1m[33m^^^^^^^^^^^^^^^^^^^^^^^^^^^^^^^^^^^^^^^[0m [1m[33mhelp: try: `mir::FunctionBuilder::LOCAL_BASE`[0m
    [1m[94m|[0m
    [1m[94m= [0m[1mhelp[0m: for further information visit https://rust-lang.github.io/rust-clippy/rust-1.95.0/index.html#unnecessary_cast
    [1m[94m= [0m[1mnote[0m: `#[warn(clippy::unnecessary_cast)]` on by default

[1m[33mwarning[0m[1m: casting to the same type is unnecessary (`u32` -> `u32`)[0m
   [1m[94m--> [0msrc/aot/codegen.rs:314:22
    [1m[94m|[0m
[1m[94m314[0m [1m[94m|[0m     let local_base = mir::FunctionBuilder::LOCAL_BASE as u32;
    [1m[94m|[0m                      [1m[33m^^^^^^^^^^^^^^^^^^^^^^^^^^^^^^^^^^^^^^^[0m [1m[33mhelp: try: `mir::FunctionBuilder::LOCAL_BASE`[0m
    [1m[94m|[0m
    [1m[94m= [0m[1mhelp[0m: for further information visit https://rust-lang.github.io/rust-clippy/rust-1.95.0/index.html#unnecessary_cast

[1m[33mwarning[0m[1m: usage of `contains_key` followed by `insert` on a `HashMap`[0m
    [1m[94m--> [0msrc/aot/codegen.rs:1588:13
     [1m[94m|[0m
[1m[94m1588[0m [1m[94m|[0m [1m[33m/[0m             if !call_targets.contains_key(&n) {
[1m[94m1589[0m [1m[94m|[0m [1m[33m|[0m                 if let Some(&callee_fid) = aot.func_ids.get(n) {
[1m[94m1590[0m [1m[94m|[0m [1m[33m|[0m                     let local_ref = module.declare_func_in_func(callee_fid, builder.func);
[1m[94m1591[0m [1m[94m|[0m [1m[33m|[0m                     call_targets.insert(n, local_ref);
[1m[94m1592[0m [1m[94m|[0m [1m[33m|[0m                 }
[1m[94m1593[0m [1m[94m|[0m [1m[33m|[0m             }
     [1m[94m|[0m [1m[33m|_____________^[0m
     [1m[94m|[0m
     [1m[94m= [0m[1mhelp[0m: for further information visit https://rust-lang.github.io/rust-clippy/rust-1.95.0/index.html#map_entry
     [1m[94m= [0m[1mnote[0m: `#[warn(clippy::map_entry)]` on by default
[1m[96mhelp[0m: try
     [1m[94m|[0m
[1m[94m1588[0m [92m~ [0m            [92mif let std::collections::hash_map::Entry::Vacant(e) = call_targets.entry(n) {[0m
[1m[94m1589[0m [92m+                 if let Some(&callee_fid) = aot.func_ids.get(n) {[0m
[1m[94m1590[0m [92m+                     let local_ref = module.declare_func_in_func(callee_fid, builder.func);[0m
[1m[94m1591[0m [92m+                     e.insert(local_ref);[0m
[1m[94m1592[0m [92m+                 }[0m
[1m[94m1593[0m [92m+             }[0m
     [1m[94m|[0m

[1m[33mwarning[0m[1m: this `if` statement can be collapsed[0m
   [1m[94m--> [0msrc/aot/mod.rs:226:13
    [1m[94m|[0m
[1m[94m226[0m [1m[94m|[0m [1m[33m/[0m             if func.name == "__main" || func.name == "main" {
[1m[94m227[0m [1m[94m|[0m [1m[33m|[0m                 if entry_idx.is_none() || func.name == "__main" {
[1m[94m228[0m [1m[94m|[0m [1m[33m|[0m                     entry_idx = Some(idx);
[1m[94m229[0m [1m[94m|[0m [1m[33m|[0m                 }
[1m[94m230[0m [1m[94m|[0m [1m[33m|[0m             }
    [1m[94m|[0m [1m[33m|_____________^[0m
    [1m[94m|[0m
    [1m[94m= [0m[1mhelp[0m: for further information visit https://rust-lang.github.io/rust-clippy/rust-1.95.0/index.html#collapsible_if
    [1m[94m= [0m[1mnote[0m: `#[warn(clippy::collapsible_if)]` on by default
[1m[96mhelp[0m: collapse nested if block
    [1m[94m|[0m
[1m[94m226[0m [92m~ [0m            if [92m([0mfunc.name == "__main" || func.name == "mai[92mn[0m") {
[1m[94m227[0m [92m~ [0m                [92m&&[0m [92m([0mentry_idx.is_none() || func.name == "__main"[92m)[0m {
[1m[94m228[0m [1m[94m|[0m                     entry_idx = Some(idx);
[1m[94m229[0m [92m~ [0m                }
    [1m[94m|[0m

[1m[33mwarning[0m[1m: useless use of `format!`[0m
   [1m[94m--> [0msrc/aot/mod.rs:606:26
    [1m[94m|[0m
[1m[94m606[0m [1m[94m|[0m         output.push_str(&format!("; AOT Module for target\n"));
    [1m[94m|[0m                          [1m[33m^^^^^^^^^^^^^^^^^^^^^^^^^^^^^^^^^^^^[0m [1m[33mhelp: consider using `.to_string()`: `"; AOT Module for target\n".to_string()`[0m
    [1m[94m|[0m
    [1m[94m= [0m[1mhelp[0m: for further information visit https://rust-lang.github.io/rust-clippy/rust-1.95.0/index.html#useless_format
    [1m[94m= [0m[1mnote[0m: `#[warn(clippy::useless_format)]` on by default

[1m[33mwarning[0m[1m: initializer for `thread_local` value can be made `const`[0m
   [1m[94m--> [0msrc/aot/mod.rs:662:9
    [1m[94m|[0m
[1m[94m662[0m [1m[94m|[0m         std::cell::RefCell::new(None);
    [1m[94m|[0m         [1m[33m^^^^^^^^^^^^^^^^^^^^^^^^^^^^^[0m [1m[33mhelp: replace with: `const { std::cell::RefCell::new(None) }`[0m
    [1m[94m|[0m
    [1m[94m= [0m[1mhelp[0m: for further information visit https://rust-lang.github.io/rust-clippy/rust-1.95.0/index.html#missing_const_for_thread_local
    [1m[94m= [0m[1mnote[0m: `#[warn(clippy::missing_const_for_thread_local)]` on by default

[1m[33mwarning[0m[1m: this expression creates a reference which is immediately dereferenced by the compiler[0m
   [1m[94m--> [0msrc/aot/mod.rs:676:52
    [1m[94m|[0m
[1m[94m676[0m [1m[94m|[0m             crate::jit::runtime::aot_set_constants(&(*t.module).constants());
    [1m[94m|[0m                                                    [1m[33m^^^^^^^^^^^^^^^^^^^^^^^^[0m [1m[33mhelp: change this to: `(*t.module).constants()`[0m
    [1m[94m|[0m
    [1m[94m= [0m[1mhelp[0m: for further information visit https://rust-lang.github.io/rust-clippy/rust-1.95.0/index.html#needless_borrow
    [1m[94m= [0m[1mnote[0m: `#[warn(clippy::needless_borrow)]` on by default

[1m[33mwarning[0m[1m: initializer for `thread_local` value can be made `const`[0m
   [1m[94m--> [0msrc/aot/mod.rs:696:9
    [1m[94m|[0m
[1m[94m696[0m [1m[94m|[0m         std::cell::RefCell::new(std::ptr::null());
    [1m[94m|[0m         [1m[33m^^^^^^^^^^^^^^^^^^^^^^^^^^^^^^^^^^^^^^^^^[0m [1m[33mhelp: replace with: `const { std::cell::RefCell::new(std::ptr::null()) }`[0m
    [1m[94m|[0m
    [1m[94m= [0m[1mhelp[0m: for further information visit https://rust-lang.github.io/rust-clippy/rust-1.95.0/index.html#missing_const_for_thread_local

[1m[33mwarning[0m[1m: initializer for `thread_local` value can be made `const`[0m
   [1m[94m--> [0msrc/aot/mod.rs:700:9
    [1m[94m|[0m
[1m[94m700[0m [1m[94m|[0m         std::cell::RefCell::new(std::ptr::null());
    [1m[94m|[0m         [1m[33m^^^^^^^^^^^^^^^^^^^^^^^^^^^^^^^^^^^^^^^^^[0m [1m[33mhelp: replace with: `const { std::cell::RefCell::new(std::ptr::null()) }`[0m
    [1m[94m|[0m
    [1m[94m= [0m[1mhelp[0m: for further information visit https://rust-lang.github.io/rust-clippy/rust-1.95.0/index.html#missing_const_for_thread_local

[1m[33mwarning[0m[1m: initializer for `thread_local` value can be made `const`[0m
   [1m[94m--> [0msrc/aot/mod.rs:734:9
    [1m[94m|[0m
[1m[94m734[0m [1m[94m|[0m         std::cell::RefCell::new(None);
    [1m[94m|[0m         [1m[33m^^^^^^^^^^^^^^^^^^^^^^^^^^^^^[0m [1m[33mhelp: replace with: `const { std::cell::RefCell::new(None) }`[0m
    [1m[94m|[0m
    [1m[94m= [0m[1mhelp[0m: for further information visit https://rust-lang.github.io/rust-clippy/rust-1.95.0/index.html#missing_const_for_thread_local

[1m[33mwarning[0m[1m: unsafe function's docs are missing a `# Safety` section[0m
   [1m[94m--> [0msrc/aot/mod.rs:774:1
    [1m[94m|[0m
[1m[94m774[0m [1m[94m|[0m pub unsafe extern "C" fn nulang_aot_resolve_fn(fn_idx: u64) -> u64 {
    [1m[94m|[0m [1m[33m^^^^^^^^^^^^^^^^^^^^^^^^^^^^^^^^^^^^^^^^^^^^^^^^^^^^^^^^^^^^^^^^^^[0m
    [1m[94m|[0m
    [1m[94m= [0m[1mhelp[0m: for further information visit https://rust-lang.github.io/rust-clippy/rust-1.95.0/index.html#missing_safety_doc
    [1m[94m= [0m[1mnote[0m: `#[warn(clippy::missing_safety_doc)]` on by default

[1m[33mwarning[0m[1m: unsafe function's docs are missing a `# Safety` section[0m
   [1m[94m--> [0msrc/aot/mod.rs:811:1
    [1m[94m|[0m
[1m[94m811[0m [1m[94m|[0m pub unsafe extern "C" fn nulang_aot_spawn_grant_push(token_raw: u64) {
    [1m[94m|[0m [1m[33m^^^^^^^^^^^^^^^^^^^^^^^^^^^^^^^^^^^^^^^^^^^^^^^^^^^^^^^^^^^^^^^^^^^^[0m
    [1m[94m|[0m
    [1m[94m= [0m[1mhelp[0m: for further information visit https://rust-lang.github.io/rust-clippy/rust-1.95.0/index.html#missing_safety_doc

[1m[33mwarning[0m[1m: unsafe function's docs are missing a `# Safety` section[0m
   [1m[94m--> [0msrc/aot/mod.rs:833:1
    [1m[94m|[0m
[1m[94m833[0m [1m[94m|[0m pub unsafe extern "C" fn nulang_aot_spawn(behavior_idx: u64) -> u64 {
    [1m[94m|[0m [1m[33m^^^^^^^^^^^^^^^^^^^^^^^^^^^^^^^^^^^^^^^^^^^^^^^^^^^^^^^^^^^^^^^^^^^[0m
    [1m[94m|[0m
    [1m[94m= [0m[1mhelp[0m: for further information visit https://rust-lang.github.io/rust-clippy/rust-1.95.0/index.html#missing_safety_doc

[1m[33mwarning[0m[1m: unsafe function's docs are missing a `# Safety` section[0m
   [1m[94m--> [0msrc/aot/mod.rs:922:9
    [1m[94m|[0m
[1m[94m922[0m [1m[94m|[0m         pub unsafe extern "C" fn $name(eff_raw: u64, op_raw: u64 $(, $arg: u64)*) -> u64 {
    [1m[94m|[0m         [1m[33m^^^^^^^^^^^^^^^^^^^^^^^^^^^^^^^^^^^^^^^^^^^^^^^^^^^^^^^^^^^^^^^^^^^^^^^^^^^^^^^^[0m
[1m[94m...[0m
[1m[94m977[0m [1m[94m|[0m define_aot_perform!(nulang_aot_perform_0,);
    [1m[94m|[0m [1m[94m------------------------------------------[0m [1m[94min this macro invocation[0m
    [1m[94m|[0m
    [1m[94m= [0m[1mhelp[0m: for further information visit https://rust-lang.github.io/rust-clippy/rust-1.95.0/index.html#missing_safety_doc
    [1m[94m= [0m[1mnote[0m: this warning originates in the macro `define_aot_perform` (in Nightly builds, run with -Z macro-backtrace for more info)

[1m[33mwarning[0m[1m: unsafe function's docs are missing a `# Safety` section[0m
   [1m[94m--> [0msrc/aot/mod.rs:922:9
    [1m[94m|[0m
[1m[94m922[0m [1m[94m|[0m         pub unsafe extern "C" fn $name(eff_raw: u64, op_raw: u64 $(, $arg: u64)*) -> u64 {
    [1m[94m|[0m         [1m[33m^^^^^^^^^^^^^^^^^^^^^^^^^^^^^^^^^^^^^^^^^^^^^^^^^^^^^^^^^^^^^^^^^^^^^^^^^^^^^^^^[0m
[1m[94m...[0m
[1m[94m978[0m [1m[94m|[0m define_aot_perform!(nulang_aot_perform_1, a0);
    [1m[94m|[0m [1m[94m---------------------------------------------[0m [1m[94min this macro invocation[0m
    [1m[94m|[0m
    [1m[94m= [0m[1mhelp[0m: for further information visit https://rust-lang.github.io/rust-clippy/rust-1.95.0/index.html#missing_safety_doc
    [1m[94m= [0m[1mnote[0m: this warning originates in the macro `define_aot_perform` (in Nightly builds, run with -Z macro-backtrace for more info)

[1m[33mwarning[0m[1m: unsafe function's docs are missing a `# Safety` section[0m
   [1m[94m--> [0msrc/aot/mod.rs:922:9
    [1m[94m|[0m
[1m[94m922[0m [1m[94m|[0m         pub unsafe extern "C" fn $name(eff_raw: u64, op_raw: u64 $(, $arg: u64)*) -> u64 {
    [1m[94m|[0m         [1m[33m^^^^^^^^^^^^^^^^^^^^^^^^^^^^^^^^^^^^^^^^^^^^^^^^^^^^^^^^^^^^^^^^^^^^^^^^^^^^^^^^[0m
[1m[94m...[0m
[1m[94m979[0m [1m[94m|[0m define_aot_perform!(nulang_aot_perform_2, a0, a1);
    [1m[94m|[0m [1m[94m-------------------------------------------------[0m [1m[94min this macro invocation[0m
    [1m[94m|[0m
    [1m[94m= [0m[1mhelp[0m: for further information visit https://rust-lang.github.io/rust-clippy/rust-1.95.0/index.html#missing_safety_doc
    [1m[94m= [0m[1mnote[0m: this warning originates in the macro `define_aot_perform` (in Nightly builds, run with -Z macro-backtrace for more info)

[1m[33mwarning[0m[1m: unsafe function's docs are missing a `# Safety` section[0m
   [1m[94m--> [0msrc/aot/mod.rs:922:9
    [1m[94m|[0m
[1m[94m922[0m [1m[94m|[0m         pub unsafe extern "C" fn $name(eff_raw: u64, op_raw: u64 $(, $arg: u64)*) -> u64 {
    [1m[94m|[0m         [1m[33m^^^^^^^^^^^^^^^^^^^^^^^^^^^^^^^^^^^^^^^^^^^^^^^^^^^^^^^^^^^^^^^^^^^^^^^^^^^^^^^^[0m
[1m[94m...[0m
[1m[94m980[0m [1m[94m|[0m define_aot_perform!(nulang_aot_perform_3, a0, a1, a2);
    [1m[94m|[0m [1m[94m-----------------------------------------------------[0m [1m[94min this macro invocation[0m
    [1m[94m|[0m
    [1m[94m= [0m[1mhelp[0m: for further information visit https://rust-lang.github.io/rust-clippy/rust-1.95.0/index.html#missing_safety_doc
    [1m[94m= [0m[1mnote[0m: this warning originates in the macro `define_aot_perform` (in Nightly builds, run with -Z macro-backtrace for more info)

[1m[33mwarning[0m[1m: unsafe function's docs are missing a `# Safety` section[0m
   [1m[94m--> [0msrc/aot/mod.rs:922:9
    [1m[94m|[0m
[1m[94m922[0m [1m[94m|[0m         pub unsafe extern "C" fn $name(eff_raw: u64, op_raw: u64 $(, $arg: u64)*) -> u64 {
    [1m[94m|[0m         [1m[33m^^^^^^^^^^^^^^^^^^^^^^^^^^^^^^^^^^^^^^^^^^^^^^^^^^^^^^^^^^^^^^^^^^^^^^^^^^^^^^^^[0m
[1m[94m...[0m
[1m[94m981[0m [1m[94m|[0m define_aot_perform!(nulang_aot_perform_4, a0, a1, a2, a3);
    [1m[94m|[0m [1m[94m---------------------------------------------------------[0m [1m[94min this macro invocation[0m
    [1m[94m|[0m
    [1m[94m= [0m[1mhelp[0m: for further information visit https://rust-lang.github.io/rust-clippy/rust-1.95.0/index.html#missing_safety_doc
    [1m[94m= [0m[1mnote[0m: this warning originates in the macro `define_aot_perform` (in Nightly builds, run with -Z macro-backtrace for more info)

[1m[33mwarning[0m[1m: unsafe function's docs are missing a `# Safety` section[0m
   [1m[94m--> [0msrc/aot/mod.rs:922:9
    [1m[94m|[0m
[1m[94m922[0m [1m[94m|[0m         pub unsafe extern "C" fn $name(eff_raw: u64, op_raw: u64 $(, $arg: u64)*) -> u64 {
    [1m[94m|[0m         [1m[33m^^^^^^^^^^^^^^^^^^^^^^^^^^^^^^^^^^^^^^^^^^^^^^^^^^^^^^^^^^^^^^^^^^^^^^^^^^^^^^^^[0m
[1m[94m...[0m
[1m[94m982[0m [1m[94m|[0m define_aot_perform!(nulang_aot_perform_5, a0, a1, a2, a3, a4);
    [1m[94m|[0m [1m[94m-------------------------------------------------------------[0m [1m[94min this macro invocation[0m
    [1m[94m|[0m
    [1m[94m= [0m[1mhelp[0m: for further information visit https://rust-lang.github.io/rust-clippy/rust-1.95.0/index.html#missing_safety_doc
    [1m[94m= [0m[1mnote[0m: this warning originates in the macro `define_aot_perform` (in Nightly builds, run with -Z macro-backtrace for more info)

[1m[33mwarning[0m[1m: unsafe function's docs are missing a `# Safety` section[0m
   [1m[94m--> [0msrc/aot/mod.rs:922:9
    [1m[94m|[0m
[1m[94m922[0m [1m[94m|[0m         pub unsafe extern "C" fn $name(eff_raw: u64, op_raw: u64 $(, $arg: u64)*) -> u64 {
    [1m[94m|[0m         [1m[33m^^^^^^^^^^^^^^^^^^^^^^^^^^^^^^^^^^^^^^^^^^^^^^^^^^^^^^^^^^^^^^^^^^^^^^^^^^^^^^^^[0m
[1m[94m...[0m
[1m[94m983[0m [1m[94m|[0m define_aot_perform!(nulang_aot_perform_6, a0, a1, a2, a3, a4, a5);
    [1m[94m|[0m [1m[94m-----------------------------------------------------------------[0m [1m[94min this macro invocation[0m
    [1m[94m|[0m
    [1m[94m= [0m[1mhelp[0m: for further information visit https://rust-lang.github.io/rust-clippy/rust-1.95.0/index.html#missing_safety_doc
    [1m[94m= [0m[1mnote[0m: this warning originates in the macro `define_aot_perform` (in Nightly builds, run with -Z macro-backtrace for more info)

[1m[33mwarning[0m[1m: unsafe function's docs are missing a `# Safety` section[0m
   [1m[94m--> [0msrc/aot/mod.rs:922:9
    [1m[94m|[0m
[1m[94m922[0m [1m[94m|[0m         pub unsafe extern "C" fn $name(eff_raw: u64, op_raw: u64 $(, $arg: u64)*) -> u64 {
    [1m[94m|[0m         [1m[33m^^^^^^^^^^^^^^^^^^^^^^^^^^^^^^^^^^^^^^^^^^^^^^^^^^^^^^^^^^^^^^^^^^^^^^^^^^^^^^^^[0m
[1m[94m...[0m
[1m[94m984[0m [1m[94m|[0m define_aot_perform!(nulang_aot_perform_7, a0, a1, a2, a3, a4, a5, a6);
    [1m[94m|[0m [1m[94m---------------------------------------------------------------------[0m [1m[94min this macro invocation[0m
    [1m[94m|[0m
    [1m[94m= [0m[1mhelp[0m: for further information visit https://rust-lang.github.io/rust-clippy/rust-1.95.0/index.html#missing_safety_doc
    [1m[94m= [0m[1mnote[0m: this warning originates in the macro `define_aot_perform` (in Nightly builds, run with -Z macro-backtrace for more info)

[1m[33mwarning[0m[1m: unsafe function's docs are missing a `# Safety` section[0m
   [1m[94m--> [0msrc/aot/mod.rs:922:9
    [1m[94m|[0m
[1m[94m922[0m [1m[94m|[0m         pub unsafe extern "C" fn $name(eff_raw: u64, op_raw: u64 $(, $arg: u64)*) -> u64 {
    [1m[94m|[0m         [1m[33m^^^^^^^^^^^^^^^^^^^^^^^^^^^^^^^^^^^^^^^^^^^^^^^^^^^^^^^^^^^^^^^^^^^^^^^^^^^^^^^^[0m
[1m[94m...[0m
[1m[94m985[0m [1m[94m|[0m define_aot_perform!(nulang_aot_perform_8, a0, a1, a2, a3, a4, a5, a6, a7);
    [1m[94m|[0m [1m[94m-------------------------------------------------------------------------[0m [1m[94min this macro invocation[0m
    [1m[94m|[0m
    [1m[94m= [0m[1mhelp[0m: for further information visit https://rust-lang.github.io/rust-clippy/rust-1.95.0/index.html#missing_safety_doc
    [1m[94m= [0m[1mnote[0m: this warning originates in the macro `define_aot_perform` (in Nightly builds, run with -Z macro-backtrace for more info)

[1m[33mwarning[0m[1m: this `impl` can be derived[0m
   [1m[94m--> [0msrc/ast.rs:426:1
    [1m[94m|[0m
[1m[94m426[0m [1m[94m|[0m [1m[33m/[0m impl Default for CrdtType {
[1m[94m427[0m [1m[94m|[0m [1m[33m|[0m     fn default() -> Self {
[1m[94m428[0m [1m[94m|[0m [1m[33m|[0m         CrdtType::GCounter
[1m[94m429[0m [1m[94m|[0m [1m[33m|[0m     }
[1m[94m430[0m [1m[94m|[0m [1m[33m|[0m }
    [1m[94m|[0m [1m[33m|_^[0m
    [1m[94m|[0m
    [1m[94m= [0m[1mhelp[0m: for further information visit https://rust-lang.github.io/rust-clippy/rust-1.95.0/index.html#derivable_impls
    [1m[94m= [0m[1mnote[0m: `#[warn(clippy::derivable_impls)]` on by default
[1m[96mhelp[0m: replace the manual implementation with a derive attribute and mark the default variant
    [1m[94m|[0m
[1m[94m407[0m [92m+ #[derive(Default)][0m
[1m[94m408[0m [1m[94m|[0m pub enum CrdtType {
[1m[94m409[0m [1m[94m|[0m     /// Grow-only counter: only increment.
[1m[94m410[0m [92m~ [0m    [92m#[default][0m
[1m[94m411[0m [92m~     [0mGCounter,
    [1m[94m|[0m

[1m[33mwarning[0m[1m: this `impl` can be derived[0m
   [1m[94m--> [0msrc/ast.rs:505:1
    [1m[94m|[0m
[1m[94m505[0m [1m[94m|[0m [1m[33m/[0m impl Default for StateModel {
[1m[94m506[0m [1m[94m|[0m [1m[33m|[0m     fn default() -> Self {
[1m[94m507[0m [1m[94m|[0m [1m[33m|[0m         StateModel::Local
[1m[94m508[0m [1m[94m|[0m [1m[33m|[0m     }
[1m[94m509[0m [1m[94m|[0m [1m[33m|[0m }
    [1m[94m|[0m [1m[33m|_^[0m
    [1m[94m|[0m
    [1m[94m= [0m[1mhelp[0m: for further information visit https://rust-lang.github.io/rust-clippy/rust-1.95.0/index.html#derivable_impls
[1m[96mhelp[0m: replace the manual implementation with a derive attribute and mark the default variant
    [1m[94m|[0m
[1m[94m491[0m [92m+ #[derive(Default)][0m
[1m[94m492[0m [1m[94m|[0m pub enum StateModel {
[1m[94m493[0m [92m~ [0m    [92m#[default][0m
[1m[94m494[0m [92m~     [0mLocal,
    [1m[94m|[0m

[1m[33mwarning[0m[1m: large size difference between variants[0m
   [1m[94m--> [0msrc/ast.rs:949:1
    [1m[94m|[0m
[1m[94m949[0m [1m[94m|[0m [1m[33m/[0m pub enum WorkflowItem {
[1m[94m950[0m [1m[94m|[0m [1m[33m|[0m     Step(WorkflowStep),
    [1m[94m|[0m [1m[33m|[0m     [1m[94m------------------[0m [1m[94mthe largest variant contains at least 288 bytes[0m
[1m[94m951[0m [1m[94m|[0m [1m[33m|[0m     Parallel(Vec<WorkflowStep>),
    [1m[94m|[0m [1m[33m|[0m     [1m[94m---------------------------[0m [1m[94mthe second-largest variant contains at least 24 bytes[0m
[1m[94m952[0m [1m[94m|[0m [1m[33m|[0m }
    [1m[94m|[0m [1m[33m|_^[0m [1m[33mthe entire enum is at least 288 bytes[0m
    [1m[94m|[0m
    [1m[94m= [0m[1mhelp[0m: for further information visit https://rust-lang.github.io/rust-clippy/rust-1.95.0/index.html#large_enum_variant
    [1m[94m= [0m[1mnote[0m: `#[warn(clippy::large_enum_variant)]` on by default
[1m[96mhelp[0m: consider boxing the large fields or introducing indirection in some other way to reduce the total size of the enum
    [1m[94m|[0m
[1m[94m950[0m [91m- [0m    Step([91mWorkflowStep[0m),
[1m[94m950[0m [92m+ [0m    Step([92mBox<WorkflowStep>[0m),
    [1m[94m|[0m

[1m[33mwarning[0m[1m: using `contains()` instead of `iter().any()` is more efficient[0m
   [1m[94m--> [0msrc/bytecode.rs:839:9
    [1m[94m|[0m
[1m[94m839[0m [1m[94m|[0m [1m[33m/[0m         self.function_table
[1m[94m840[0m [1m[94m|[0m [1m[33m|[0m             .iter()
[1m[94m841[0m [1m[94m|[0m [1m[33m|[0m             .any(|&off| off == info.code_offset)
    [1m[94m|[0m [1m[33m|________________________________________________^[0m [1m[33mhelp: try: `self.function_table.contains(&info.code_offset)`[0m
    [1m[94m|[0m
    [1m[94m= [0m[1mhelp[0m: for further information visit https://rust-lang.github.io/rust-clippy/rust-1.95.0/index.html#manual_contains
    [1m[94m= [0m[1mnote[0m: `#[warn(clippy::manual_contains)]` on by default

[1m[33mwarning[0m[1m: this `if` can be collapsed into the outer `match`[0m
   [1m[94m--> [0msrc/core_vm/mod.rs:376:17
    [1m[94m|[0m
[1m[94m376[0m [1m[94m|[0m [1m[33m/[0m                 if (self.frames[frame_idx].regs[op1 as usize] & value_layout::PAYLOAD_MASK) != 0 {
[1m[94m377[0m [1m[94m|[0m [1m[33m|[0m                     self.frames[frame_idx].pc =
[1m[94m378[0m [1m[94m|[0m [1m[33m|[0m                         (self.frames[frame_idx].pc as i64 + offset16 as i64 - 1) as usize;
[1m[94m379[0m [1m[94m|[0m [1m[33m|[0m                 }
    [1m[94m|[0m [1m[33m|_________________^[0m
    [1m[94m|[0m
    [1m[94m= [0m[1mhelp[0m: for further information visit https://rust-lang.github.io/rust-clippy/rust-1.95.0/index.html#collapsible_match
    [1m[94m= [0m[1mnote[0m: `#[warn(clippy::collapsible_match)]` on by default
[1m[96mhelp[0m: collapse nested if block
    [1m[94m|[0m
[1m[94m375[0m [92m~ [0m            OpCode::JmpT
[1m[94m376[0m [92m~ [0m                if (self.frames[frame_idx].regs[op1 as usize] & value_layout::PAYLOAD_MASK) != 0 [92m=> [0m{
[1m[94m377[0m [1m[94m|[0m                     self.frames[frame_idx].pc =
[1m[94m378[0m [1m[94m|[0m                         (self.frames[frame_idx].pc as i64 + offset16 as i64 - 1) as usize;
[1m[94m379[0m [92m~ [0m                }
    [1m[94m|[0m

[1m[33mwarning[0m[1m: this `if` can be collapsed into the outer `match`[0m
   [1m[94m--> [0msrc/core_vm/mod.rs:382:17
    [1m[94m|[0m
[1m[94m382[0m [1m[94m|[0m [1m[33m/[0m                 if (self.frames[frame_idx].regs[op1 as usize] & value_layout::PAYLOAD_MASK) == 0 {
[1m[94m383[0m [1m[94m|[0m [1m[33m|[0m                     self.frames[frame_idx].pc =
[1m[94m384[0m [1m[94m|[0m [1m[33m|[0m                         (self.frames[frame_idx].pc as i64 + offset16 as i64 - 1) as usize;
[1m[94m385[0m [1m[94m|[0m [1m[33m|[0m                 }
    [1m[94m|[0m [1m[33m|_________________^[0m
    [1m[94m|[0m
    [1m[94m= [0m[1mhelp[0m: for further information visit https://rust-lang.github.io/rust-clippy/rust-1.95.0/index.html#collapsible_match
[1m[96mhelp[0m: collapse nested if block
    [1m[94m|[0m
[1m[94m381[0m [92m~ [0m            OpCode::JmpF
[1m[94m382[0m [92m~ [0m                if (self.frames[frame_idx].regs[op1 as usize] & value_layout::PAYLOAD_MASK) == 0 [92m=> [0m{
[1m[94m383[0m [1m[94m|[0m                     self.frames[frame_idx].pc =
[1m[94m384[0m [1m[94m|[0m                         (self.frames[frame_idx].pc as i64 + offset16 as i64 - 1) as usize;
[1m[94m385[0m [92m~ [0m                }
    [1m[94m|[0m

[1m[33mwarning[0m[1m: this looks like you are swapping elements of `self.frames[frame_idx].regs` manually[0m
   [1m[94m--> [0msrc/core_vm/mod.rs:260:17
    [1m[94m|[0m
[1m[94m260[0m [1m[94m|[0m [1m[33m/[0m                 let tmp = self.frames[frame_idx].regs[a];
[1m[94m261[0m [1m[94m|[0m [1m[33m|[0m                 self.frames[frame_idx].regs[a] = self.frames[frame_idx].regs[b];
[1m[94m262[0m [1m[94m|[0m [1m[33m|[0m                 self.frames[frame_idx].regs[b] = tmp;
    [1m[94m|[0m [1m[33m|_____________________________________________________^[0m [1m[33mhelp: try: `self.frames[frame_idx].regs.swap(a, b);`[0m
    [1m[94m|[0m
    [1m[94m= [0m[1mhelp[0m: for further information visit https://rust-lang.github.io/rust-clippy/rust-1.95.0/index.html#manual_swap
    [1m[94m= [0m[1mnote[0m: `#[warn(clippy::manual_swap)]` on by default

[1m[33mwarning[0m[1m: this operation has no effect[0m
  [1m[94m--> [0msrc/cranelift_utils.rs:87:54
   [1m[94m|[0m
[1m[94m87[0m [1m[94m|[0m     let false_val = builder.ins().iconst(types::I64, TAG_BOOL_I64 | 0);
   [1m[94m|[0m                                                      [1m[33m^^^^^^^^^^^^^^^^[0m [1m[33mhelp: consider reducing it to: `TAG_BOOL_I64`[0m
   [1m[94m|[0m
   [1m[94m= [0m[1mhelp[0m: for further information visit https://rust-lang.github.io/rust-clippy/rust-1.95.0/index.html#identity_op
   [1m[94m= [0m[1mnote[0m: `#[warn(clippy::identity_op)]` on by default

[1m[33mwarning[0m[1m: the following explicit lifetimes could be elided: 'a[0m
   [1m[94m--> [0msrc/dap/mod.rs:374:17
    [1m[94m|[0m
[1m[94m374[0m [1m[94m|[0m fn debug_fn_for<'a>(
    [1m[94m|[0m                 [1m[33m^^[0m
[1m[94m375[0m [1m[94m|[0m     module: &'a CodeModule,
    [1m[94m|[0m              [1m[33m^^[0m
[1m[94m376[0m [1m[94m|[0m     pc: usize,
[1m[94m377[0m [1m[94m|[0m ) -> Option<&'a crate::bytecode::DebugFunctionInfo> {
    [1m[94m|[0m              [1m[33m^^[0m
    [1m[94m|[0m
    [1m[94m= [0m[1mhelp[0m: for further information visit https://rust-lang.github.io/rust-clippy/rust-1.95.0/index.html#needless_lifetimes
    [1m[94m= [0m[1mnote[0m: `#[warn(clippy::needless_lifetimes)]` on by default
[1m[96mhelp[0m: elide the lifetimes
    [1m[94m|[0m
[1m[94m374[0m [92m~ [0mfn debug_fn_for(
[1m[94m375[0m [92m~ [0m    module: &CodeModule,
[1m[94m376[0m [1m[94m|[0m     pc: usize,
[1m[94m377[0m [92m~ [0m) -> Option<&crate::bytecode::DebugFunctionInfo> {
    [1m[94m|[0m

[1m[33mwarning[0m[1m: this loop could be written as a `while let` loop[0m
    [1m[94m--> [0msrc/dap/mod.rs:1160:9
     [1m[94m|[0m
[1m[94m1160[0m [1m[94m|[0m [1m[33m/[0m         loop {
[1m[94m1161[0m [1m[94m|[0m [1m[33m|[0m             match event_rx.try_recv() {
[1m[94m1162[0m [1m[94m|[0m [1m[33m|[0m                 Ok(ev) => write_event(&mut writer, &mut seq, ev),
[1m[94m1163[0m [1m[94m|[0m [1m[33m|[0m                 Err(_) => break,
[1m[94m1164[0m [1m[94m|[0m [1m[33m|[0m             }
[1m[94m1165[0m [1m[94m|[0m [1m[33m|[0m         }
     [1m[94m|[0m [1m[33m|_________^[0m [1m[33mhelp: try: `while let Ok(ev) = event_rx.try_recv() { .. }`[0m
     [1m[94m|[0m
     [1m[94m= [0m[1mhelp[0m: for further information visit https://rust-lang.github.io/rust-clippy/rust-1.95.0/index.html#while_let_loop
     [1m[94m= [0m[1mnote[0m: `#[warn(clippy::while_let_loop)]` on by default

[1m[33mwarning[0m[1m: redundant closure[0m
   [1m[94m--> [0msrc/diagnostic.rs:186:18
    [1m[94m|[0m
[1m[94m186[0m [1m[94m|[0m             .map(|e| format_plain_diagnostic(e))
    [1m[94m|[0m                  [1m[33m^^^^^^^^^^^^^^^^^^^^^^^^^^^^^^[0m [1m[33mhelp: replace the closure with the function itself: `format_plain_diagnostic`[0m
    [1m[94m|[0m
    [1m[94m= [0m[1mhelp[0m: for further information visit https://rust-lang.github.io/rust-clippy/rust-1.95.0/index.html#redundant_closure
    [1m[94m= [0m[1mnote[0m: `#[warn(clippy::redundant_closure)]` on by default

[1m[33mwarning[0m[1m: this `if let` can be collapsed into the outer `match`[0m
   [1m[94m--> [0msrc/diagnostic.rs:334:13
    [1m[94m|[0m
[1m[94m334[0m [1m[94m|[0m [1m[33m/[0m             if let Some(expl) = explanation {
[1m[94m335[0m [1m[94m|[0m [1m[33m|[0m                 notes.push(format!("note: {expl}"));
[1m[94m336[0m [1m[94m|[0m [1m[33m|[0m             }
    [1m[94m|[0m [1m[33m|_____________^[0m
    [1m[94m|[0m
[1m[96mhelp[0m: the outer pattern can be modified to include the inner pattern
   [1m[94m--> [0msrc/diagnostic.rs:333:29
    [1m[94m|[0m
[1m[94m333[0m [1m[94m|[0m         NuError::CapError { explanation, .. } => {
    [1m[94m|[0m                             [1m[96m^^^^^^^^^^^[0m [1m[96mreplace this binding[0m
[1m[94m334[0m [1m[94m|[0m             if let Some(expl) = explanation {
    [1m[94m|[0m                    [1m[96m^^^^^^^^^^[0m [1m[96mwith this pattern, prefixed by `explanation: `[0m
    [1m[94m= [0m[1mhelp[0m: for further information visit https://rust-lang.github.io/rust-clippy/rust-1.95.0/index.html#collapsible_match

[1m[33mwarning[0m[1m: this OR pattern can be rewritten using a range[0m
   [1m[94m--> [0msrc/difffuzz.rs:345:13
    [1m[94m|[0m
[1m[94m345[0m [1m[94m|[0m             0 | 1 | 2 | 3 => {
    [1m[94m|[0m             [1m[33m^^^^^^^^^^^^^[0m [1m[33mhelp: try: `0..=3`[0m
    [1m[94m|[0m
    [1m[94m= [0m[1mhelp[0m: for further information visit https://rust-lang.github.io/rust-clippy/rust-1.95.0/index.html#manual_range_patterns
    [1m[94m= [0m[1mnote[0m: `#[warn(clippy::manual_range_patterns)]` on by default

[1m[33mwarning[0m[1m: this OR pattern can be rewritten using a range[0m
   [1m[94m--> [0msrc/difffuzz.rs:436:13
    [1m[94m|[0m
[1m[94m436[0m [1m[94m|[0m             0 | 1 | 2 => {
    [1m[94m|[0m             [1m[33m^^^^^^^^^[0m [1m[33mhelp: try: `0..=2`[0m
    [1m[94m|[0m
    [1m[94m= [0m[1mhelp[0m: for further information visit https://rust-lang.github.io/rust-clippy/rust-1.95.0/index.html#manual_range_patterns

[1m[33mwarning[0m[1m: this OR pattern can be rewritten using a range[0m
   [1m[94m--> [0msrc/difffuzz.rs:477:13
    [1m[94m|[0m
[1m[94m477[0m [1m[94m|[0m             0 | 1 | 2 => {
    [1m[94m|[0m             [1m[33m^^^^^^^^^[0m [1m[33mhelp: try: `0..=2`[0m
    [1m[94m|[0m
    [1m[94m= [0m[1mhelp[0m: for further information visit https://rust-lang.github.io/rust-clippy/rust-1.95.0/index.html#manual_range_patterns

[1m[33mwarning[0m[1m: this OR pattern can be rewritten using a range[0m
   [1m[94m--> [0msrc/difffuzz.rs:539:13
    [1m[94m|[0m
[1m[94m539[0m [1m[94m|[0m             0 | 1 | 2 => format!(
    [1m[94m|[0m             [1m[33m^^^^^^^^^[0m [1m[33mhelp: try: `0..=2`[0m
    [1m[94m|[0m
    [1m[94m= [0m[1mhelp[0m: for further information visit https://rust-lang.github.io/rust-clippy/rust-1.95.0/index.html#manual_range_patterns

[1m[33mwarning[0m[1m: this OR pattern can be rewritten using a range[0m
   [1m[94m--> [0msrc/difffuzz.rs:577:13
    [1m[94m|[0m
[1m[94m577[0m [1m[94m|[0m             0 | 1 | 2 | 3 | 4 => {
    [1m[94m|[0m             [1m[33m^^^^^^^^^^^^^^^^^[0m [1m[33mhelp: try: `0..=4`[0m
    [1m[94m|[0m
    [1m[94m= [0m[1mhelp[0m: for further information visit https://rust-lang.github.io/rust-clippy/rust-1.95.0/index.html#manual_range_patterns

[1m[33mwarning[0m[1m: method `next` can be confused for the standard trait method `std::iter::Iterator::next`[0m
  [1m[94m--> [0msrc/dst.rs:40:5
   [1m[94m|[0m
[1m[94m40[0m [1m[94m|[0m [1m[33m/[0m     pub fn next(&mut self) -> u64 {
[1m[94m41[0m [1m[94m|[0m [1m[33m|[0m         self.state = self.state.wrapping_add(0x9e3779b97f4a7c15);
[1m[94m42[0m [1m[94m|[0m [1m[33m|[0m         let mut z = self.state;
[1m[94m43[0m [1m[94m|[0m [1m[33m|[0m         z = (z ^ (z >> 30)).wrapping_mul(0xbf58476d1ce4e5b9);
[1m[94m44[0m [1m[94m|[0m [1m[33m|[0m         z = (z ^ (z >> 27)).wrapping_mul(0x94d049bb133111eb);
[1m[94m45[0m [1m[94m|[0m [1m[33m|[0m         z ^ (z >> 31)
[1m[94m46[0m [1m[94m|[0m [1m[33m|[0m     }
   [1m[94m|[0m [1m[33m|_____^[0m
   [1m[94m|[0m
   [1m[94m= [0m[1mhelp[0m: consider implementing the trait `std::iter::Iterator` or choosing a less ambiguous method name
   [1m[94m= [0m[1mhelp[0m: for further information visit https://rust-lang.github.io/rust-clippy/rust-1.95.0/index.html#should_implement_trait
   [1m[94m= [0m[1mnote[0m: `#[warn(clippy::should_implement_trait)]` on by default

[1m[33mwarning[0m[1m: the `Err`-variant returned from this function is very large[0m
   [1m[94m--> [0msrc/durable_effect_runtime.rs:114:10
    [1m[94m|[0m
[1m[94m 39[0m [1m[94m|[0m [1m[94m/[0m     SpecMismatch {
[1m[94m 40[0m [1m[94m|[0m [1m[94m|[0m         effect_id: DurableEffectId,
[1m[94m 41[0m [1m[94m|[0m [1m[94m|[0m         expected: DurableEffectSpec,
[1m[94m 42[0m [1m[94m|[0m [1m[94m|[0m         actual: DurableEffectSpec,
[1m[94m 43[0m [1m[94m|[0m [1m[94m|[0m     },
    [1m[94m|[0m [1m[94m|_____-[0m [1m[94mthe largest variant contains at least 160 bytes[0m
[1m[94m...[0m
[1m[94m114[0m [1m[94m|[0m       ) -> Result<DurableEffectDispatchDecision, DurableEffectRuntimeError> {
    [1m[94m|[0m            [1m[33m^^^^^^^^^^^^^^^^^^^^^^^^^^^^^^^^^^^^^^^^^^^^^^^^^^^^^^^^^^^^^^^^[0m
    [1m[94m|[0m
    [1m[94m= [0m[1mhelp[0m: try reducing the size of `durable_effect_runtime::DurableEffectRuntimeError`, for example by boxing large elements or replacing it with `Box<durable_effect_runtime::DurableEffectRuntimeError>`
    [1m[94m= [0m[1mhelp[0m: for further information visit https://rust-lang.github.io/rust-clippy/rust-1.95.0/index.html#result_large_err
    [1m[94m= [0m[1mnote[0m: `#[warn(clippy::result_large_err)]` on by default

[1m[33mwarning[0m[1m: the `Err`-variant returned from this function is very large[0m
   [1m[94m--> [0msrc/durable_effect_runtime.rs:137:10
    [1m[94m|[0m
[1m[94m 39[0m [1m[94m|[0m [1m[94m/[0m     SpecMismatch {
[1m[94m 40[0m [1m[94m|[0m [1m[94m|[0m         effect_id: DurableEffectId,
[1m[94m 41[0m [1m[94m|[0m [1m[94m|[0m         expected: DurableEffectSpec,
[1m[94m 42[0m [1m[94m|[0m [1m[94m|[0m         actual: DurableEffectSpec,
[1m[94m 43[0m [1m[94m|[0m [1m[94m|[0m     },
    [1m[94m|[0m [1m[94m|_____-[0m [1m[94mthe largest variant contains at least 160 bytes[0m
[1m[94m...[0m
[1m[94m137[0m [1m[94m|[0m       ) -> Result<Vec<u8>, DurableEffectRuntimeError> {
    [1m[94m|[0m            [1m[33m^^^^^^^^^^^^^^^^^^^^^^^^^^^^^^^^^^^^^^^^^^[0m
    [1m[94m|[0m
    [1m[94m= [0m[1mhelp[0m: try reducing the size of `durable_effect_runtime::DurableEffectRuntimeError`, for example by boxing large elements or replacing it with `Box<durable_effect_runtime::DurableEffectRuntimeError>`
    [1m[94m= [0m[1mhelp[0m: for further information visit https://rust-lang.github.io/rust-clippy/rust-1.95.0/index.html#result_large_err

[1m[33mwarning[0m[1m: the `Err`-variant returned from this function is very large[0m
   [1m[94m--> [0msrc/durable_effect_runtime.rs:164:10
    [1m[94m|[0m
[1m[94m 39[0m [1m[94m|[0m [1m[94m/[0m     SpecMismatch {
[1m[94m 40[0m [1m[94m|[0m [1m[94m|[0m         effect_id: DurableEffectId,
[1m[94m 41[0m [1m[94m|[0m [1m[94m|[0m         expected: DurableEffectSpec,
[1m[94m 42[0m [1m[94m|[0m [1m[94m|[0m         actual: DurableEffectSpec,
[1m[94m 43[0m [1m[94m|[0m [1m[94m|[0m     },
    [1m[94m|[0m [1m[94m|_____-[0m [1m[94mthe largest variant contains at least 160 bytes[0m
[1m[94m...[0m
[1m[94m164[0m [1m[94m|[0m       ) -> Result<(), DurableEffectRuntimeError> {
    [1m[94m|[0m            [1m[33m^^^^^^^^^^^^^^^^^^^^^^^^^^^^^^^^^^^^^[0m
    [1m[94m|[0m
    [1m[94m= [0m[1mhelp[0m: try reducing the size of `durable_effect_runtime::DurableEffectRuntimeError`, for example by boxing large elements or replacing it with `Box<durable_effect_runtime::DurableEffectRuntimeError>`
    [1m[94m= [0m[1mhelp[0m: for further information visit https://rust-lang.github.io/rust-clippy/rust-1.95.0/index.html#result_large_err

[1m[33mwarning[0m[1m: the `Err`-variant returned from this function is very large[0m
   [1m[94m--> [0msrc/durable_effect_runtime.rs:179:10
    [1m[94m|[0m
[1m[94m 39[0m [1m[94m|[0m [1m[94m/[0m     SpecMismatch {
[1m[94m 40[0m [1m[94m|[0m [1m[94m|[0m         effect_id: DurableEffectId,
[1m[94m 41[0m [1m[94m|[0m [1m[94m|[0m         expected: DurableEffectSpec,
[1m[94m 42[0m [1m[94m|[0m [1m[94m|[0m         actual: DurableEffectSpec,
[1m[94m 43[0m [1m[94m|[0m [1m[94m|[0m     },
    [1m[94m|[0m [1m[94m|_____-[0m [1m[94mthe largest variant contains at least 160 bytes[0m
[1m[94m...[0m
[1m[94m179[0m [1m[94m|[0m       ) -> Result<DurableCommit, DurableEffectRuntimeError> {
    [1m[94m|[0m            [1m[33m^^^^^^^^^^^^^^^^^^^^^^^^^^^^^^^^^^^^^^^^^^^^^^^^[0m
    [1m[94m|[0m
    [1m[94m= [0m[1mhelp[0m: try reducing the size of `durable_effect_runtime::DurableEffectRuntimeError`, for example by boxing large elements or replacing it with `Box<durable_effect_runtime::DurableEffectRuntimeError>`
    [1m[94m= [0m[1mhelp[0m: for further information visit https://rust-lang.github.io/rust-clippy/rust-1.95.0/index.html#result_large_err

[1m[33mwarning[0m[1m: using `contains()` instead of `iter().any()` is more efficient[0m
    [1m[94m--> [0msrc/effect_checker.rs:1224:31
     [1m[94m|[0m
[1m[94m1224[0m [1m[94m|[0m             let has_request = effects.iter().any(|e| *e == Effect::Request);
     [1m[94m|[0m                               [1m[33m^^^^^^^^^^^^^^^^^^^^^^^^^^^^^^^^^^^^^^^^^^^^^[0m [1m[33mhelp: try: `effects.contains(&Effect::Request)`[0m
     [1m[94m|[0m
     [1m[94m= [0m[1mhelp[0m: for further information visit https://rust-lang.github.io/rust-clippy/rust-1.95.0/index.html#manual_contains

[1m[33mwarning[0m[1m: using `contains()` instead of `iter().any()` is more efficient[0m
    [1m[94m--> [0msrc/effect_checker.rs:1396:12
     [1m[94m|[0m
[1m[94m1396[0m [1m[94m|[0m         if self.visiting.iter().any(|n| *n == name) {
     [1m[94m|[0m            [1m[33m^^^^^^^^^^^^^^^^^^^^^^^^^^^^^^^^^^^^^^^^[0m [1m[33mhelp: try: `self.visiting.contains(&name)`[0m
     [1m[94m|[0m
     [1m[94m= [0m[1mhelp[0m: for further information visit https://rust-lang.github.io/rust-clippy/rust-1.95.0/index.html#manual_contains

[1m[33mwarning[0m[1m: this `map_or` can be simplified[0m
    [1m[94m--> [0msrc/effect_checker.rs:2872:20
     [1m[94m|[0m
[1m[94m2872[0m [1m[94m|[0m                 && else_body.as_ref().map_or(true, |b| body_is_single_shot(b))
     [1m[94m|[0m                    [1m[33m^^^^^^^^^^^^^^^^^^^^^^^^^^^^^^^^^^^^^^^^^^^^^^^^^^^^^^^^^^^[0m
     [1m[94m|[0m
     [1m[94m= [0m[1mhelp[0m: for further information visit https://rust-lang.github.io/rust-clippy/rust-1.95.0/index.html#unnecessary_map_or
     [1m[94m= [0m[1mnote[0m: `#[warn(clippy::unnecessary_map_or)]` on by default
[1m[96mhelp[0m: use `is_none_or` instead
     [1m[94m|[0m
[1m[94m2872[0m [91m- [0m                && else_body.as_ref().[91mmap_or[0m([91mtrue, [0m|b| body_is_single_shot(b))
[1m[94m2872[0m [92m+ [0m                && else_body.as_ref().[92mis_none_or[0m(|b| body_is_single_shot(b))
     [1m[94m|[0m

[1m[33mwarning[0m[1m: this `map_or` can be simplified[0m
    [1m[94m--> [0msrc/effect_checker.rs:2875:46
     [1m[94m|[0m
[1m[94m2875[0m [1m[94m|[0m             body_is_single_shot(arm_body) && guard.as_ref().map_or(true, |g| body_is_single_shot(g))
     [1m[94m|[0m                                              [1m[33m^^^^^^^^^^^^^^^^^^^^^^^^^^^^^^^^^^^^^^^^^^^^^^^^^^^^^^^[0m
     [1m[94m|[0m
     [1m[94m= [0m[1mhelp[0m: for further information visit https://rust-lang.github.io/rust-clippy/rust-1.95.0/index.html#unnecessary_map_or
[1m[96mhelp[0m: use `is_none_or` instead
     [1m[94m|[0m
[1m[94m2875[0m [91m- [0m            body_is_single_shot(arm_body) && guard.as_ref().[91mmap_or[0m([91mtrue, [0m|g| body_is_single_shot(g))
[1m[94m2875[0m [92m+ [0m            body_is_single_shot(arm_body) && guard.as_ref().[92mis_none_or[0m(|g| body_is_single_shot(g))
     [1m[94m|[0m

[1m[33mwarning[0m[1m: this `map_or` can be simplified[0m
  [1m[94m--> [0msrc/fmt.rs:65:19
   [1m[94m|[0m
[1m[94m65[0m [1m[94m|[0m         } else if path.extension().map_or(false, |ext| ext == "nula") {
   [1m[94m|[0m                   [1m[33m^^^^^^^^^^^^^^^^^^^^^^^^^^^^^^^^^^^^^^^^^^^^^^^^^^^[0m
   [1m[94m|[0m
   [1m[94m= [0m[1mhelp[0m: for further information visit https://rust-lang.github.io/rust-clippy/rust-1.95.0/index.html#unnecessary_map_or
[1m[96mhelp[0m: use `is_some_and` instead
   [1m[94m|[0m
[1m[94m65[0m [91m- [0m        } else if path.extension().[91mmap_or[0m([91mfalse, [0m|ext| ext == "nula") {
[1m[94m65[0m [92m+ [0m        } else if path.extension().[92mis_some_and[0m(|ext| ext == "nula") {
   [1m[94m|[0m

[1m[33mwarning[0m[1m: calling `push_str()` using a single-character string literal[0m
   [1m[94m--> [0msrc/fmt.rs:215:21
    [1m[94m|[0m
[1m[94m215[0m [1m[94m|[0m                     out.push_str("(");
    [1m[94m|[0m                     [1m[33m^^^^^^^^^^^^^^^^^[0m [1m[33mhelp: consider using `push` with a character literal: `out.push('(')`[0m
    [1m[94m|[0m
    [1m[94m= [0m[1mhelp[0m: for further information visit https://rust-lang.github.io/rust-clippy/rust-1.95.0/index.html#single_char_add_str
    [1m[94m= [0m[1mnote[0m: `#[warn(clippy::single_char_add_str)]` on by default

[1m[33mwarning[0m[1m: calling `push_str()` using a single-character string literal[0m
   [1m[94m--> [0msrc/fmt.rs:411:21
    [1m[94m|[0m
[1m[94m411[0m [1m[94m|[0m                     out.push_str("\n");
    [1m[94m|[0m                     [1m[33m^^^^^^^^^^^^^^^^^^[0m [1m[33mhelp: consider using `push` with a character literal: `out.push('\n')`[0m
    [1m[94m|[0m
    [1m[94m= [0m[1mhelp[0m: for further information visit https://rust-lang.github.io/rust-clippy/rust-1.95.0/index.html#single_char_add_str

[1m[33mwarning[0m[1m: calling `push_str()` using a single-character string literal[0m
   [1m[94m--> [0msrc/fmt.rs:480:17
    [1m[94m|[0m
[1m[94m480[0m [1m[94m|[0m                 out.push_str(")");
    [1m[94m|[0m                 [1m[33m^^^^^^^^^^^^^^^^^[0m [1m[33mhelp: consider using `push` with a character literal: `out.push(')')`[0m
    [1m[94m|[0m
    [1m[94m= [0m[1mhelp[0m: for further information visit https://rust-lang.github.io/rust-clippy/rust-1.95.0/index.html#single_char_add_str

[1m[33mwarning[0m[1m: calling `push_str()` using a single-character string literal[0m
   [1m[94m--> [0msrc/fmt.rs:516:17
    [1m[94m|[0m
[1m[94m516[0m [1m[94m|[0m                 out.push_str(")");
    [1m[94m|[0m                 [1m[33m^^^^^^^^^^^^^^^^^[0m [1m[33mhelp: consider using `push` with a character literal: `out.push(')')`[0m
    [1m[94m|[0m
    [1m[94m= [0m[1mhelp[0m: for further information visit https://rust-lang.github.io/rust-clippy/rust-1.95.0/index.html#single_char_add_str

[1m[33mwarning[0m[1m: calling `push_str()` using a single-character string literal[0m
   [1m[94m--> [0msrc/fmt.rs:636:25
    [1m[94m|[0m
[1m[94m636[0m [1m[94m|[0m                         out.push_str("{");
    [1m[94m|[0m                         [1m[33m^^^^^^^^^^^^^^^^^[0m [1m[33mhelp: consider using `push` with a character literal: `out.push('{')`[0m
    [1m[94m|[0m
    [1m[94m= [0m[1mhelp[0m: for further information visit https://rust-lang.github.io/rust-clippy/rust-1.95.0/index.html#single_char_add_str

[1m[33mwarning[0m[1m: calling `push_str()` using a single-character string literal[0m
    [1m[94m--> [0msrc/fmt.rs:1061:13
     [1m[94m|[0m
[1m[94m1061[0m [1m[94m|[0m             out.push_str("(");
     [1m[94m|[0m             [1m[33m^^^^^^^^^^^^^^^^^[0m [1m[33mhelp: consider using `push` with a character literal: `out.push('(')`[0m
     [1m[94m|[0m
     [1m[94m= [0m[1mhelp[0m: for further information visit https://rust-lang.github.io/rust-clippy/rust-1.95.0/index.html#single_char_add_str

[1m[33mwarning[0m[1m: calling `push_str()` using a single-character string literal[0m
    [1m[94m--> [0msrc/fmt.rs:1066:13
     [1m[94m|[0m
[1m[94m1066[0m [1m[94m|[0m             out.push_str("(");
     [1m[94m|[0m             [1m[33m^^^^^^^^^^^^^^^^^[0m [1m[33mhelp: consider using `push` with a character literal: `out.push('(')`[0m
     [1m[94m|[0m
     [1m[94m= [0m[1mhelp[0m: for further information visit https://rust-lang.github.io/rust-clippy/rust-1.95.0/index.html#single_char_add_str

[1m[33mwarning[0m[1m: calling `push_str()` using a single-character string literal[0m
    [1m[94m--> [0msrc/fmt.rs:1108:18
     [1m[94m|[0m
[1m[94m1108[0m [1m[94m|[0m             _ => out.push_str("_"),
     [1m[94m|[0m                  [1m[33m^^^^^^^^^^^^^^^^^[0m [1m[33mhelp: consider using `push` with a character literal: `out.push('_')`[0m
     [1m[94m|[0m
     [1m[94m= [0m[1mhelp[0m: for further information visit https://rust-lang.github.io/rust-clippy/rust-1.95.0/index.html#single_char_add_str

[1m[33mwarning[0m[1m: match expression looks like `matches!` macro[0m
    [1m[94m--> [0msrc/fmt.rs:1199:5
     [1m[94m|[0m
[1m[94m1199[0m [1m[94m|[0m [1m[33m/[0m     match ty {
[1m[94m1200[0m [1m[94m|[0m [1m[33m|[0m         Type::Primitive(crate::types::PrimitiveType::Unit) => true,
[1m[94m1201[0m [1m[94m|[0m [1m[33m|[0m         Type::Var(_) => true,
[1m[94m1202[0m [1m[94m|[0m [1m[33m|[0m         _ => false,
[1m[94m1203[0m [1m[94m|[0m [1m[33m|[0m     }
     [1m[94m|[0m [1m[33m|_____^[0m
     [1m[94m|[0m
     [1m[94m= [0m[1mhelp[0m: for further information visit https://rust-lang.github.io/rust-clippy/rust-1.95.0/index.html#match_like_matches_macro
     [1m[94m= [0m[1mnote[0m: `#[warn(clippy::match_like_matches_macro)]` on by default
[1m[96mhelp[0m: use `matches!` directly
     [1m[94m|[0m
[1m[94m1199[0m [91m- [0m    [91mmatch ty {[0m
[1m[94m1200[0m [91m-         Type::Primitive(crate::types::PrimitiveType::Unit) => true,[0m
[1m[94m1201[0m [91m-         Type::Var(_) => true,[0m
[1m[94m1202[0m [91m-         _ => false,[0m
[1m[94m1203[0m [91m-     }[0m
[1m[94m1199[0m [92m+ [0m    [92mmatches!(ty, Type::Primitive(crate::types::PrimitiveType::Unit) | Type::Var(_))[0m
     [1m[94m|[0m

[1m[33mwarning[0m[1m: unneeded `return` statement[0m
   [1m[94m--> [0msrc/hir_lower.rs:442:13
    [1m[94m|[0m
[1m[94m442[0m [1m[94m|[0m [1m[33m/[0m             return hir::Decl::Import {
[1m[94m443[0m [1m[94m|[0m [1m[33m|[0m                 path: String::new(),
[1m[94m444[0m [1m[94m|[0m [1m[33m|[0m                 items: Vec::new(),
[1m[94m445[0m [1m[94m|[0m [1m[33m|[0m                 span: Span::default(),
[1m[94m446[0m [1m[94m|[0m [1m[33m|[0m             };
    [1m[94m|[0m [1m[33m|_____________^[0m
    [1m[94m|[0m
    [1m[94m= [0m[1mhelp[0m: for further information visit https://rust-lang.github.io/rust-clippy/rust-1.95.0/index.html#needless_return
    [1m[94m= [0m[1mnote[0m: `#[warn(clippy::needless_return)]` on by default
[1m[96mhelp[0m: remove `return`
    [1m[94m|[0m
[1m[94m442[0m [92m~ [0m            [92mhir::Decl::Import {[0m
[1m[94m443[0m [92m+                 path: String::new(),[0m
[1m[94m444[0m [92m+                 items: Vec::new(),[0m
[1m[94m445[0m [92m+                 span: Span::default(),[0m
[1m[94m446[0m [92m~             }[0m
    [1m[94m|[0m

[1m[33mwarning[0m[1m: initializer for `thread_local` value can be made `const`[0m
    [1m[94m--> [0msrc/hir_lower.rs:2624:78
     [1m[94m|[0m
[1m[94m2624[0m [1m[94m|[0m     static CURRENT_APPLY_HANDLERS: RefCell<Option<Vec<ast::ApplyHandler>>> = RefCell::new(None);
     [1m[94m|[0m                                                                              [1m[33m^^^^^^^^^^^^^^^^^^[0m [1m[33mhelp: replace with: `const { RefCell::new(None) }`[0m
     [1m[94m|[0m
     [1m[94m= [0m[1mhelp[0m: for further information visit https://rust-lang.github.io/rust-clippy/rust-1.95.0/index.html#missing_const_for_thread_local

[1m[33mwarning[0m[1m: initializer for `thread_local` value can be made `const`[0m
    [1m[94m--> [0msrc/hir_lower.rs:2632:85
     [1m[94m|[0m
[1m[94m2632[0m [1m[94m|[0m     static CURRENT_CLASS_TABLES: RefCell<Option<crate::typechecker::ClassTables>> = RefCell::new(None);
     [1m[94m|[0m                                                                                     [1m[33m^^^^^^^^^^^^^^^^^^[0m [1m[33mhelp: replace with: `const { RefCell::new(None) }`[0m
     [1m[94m|[0m
     [1m[94m= [0m[1mhelp[0m: for further information visit https://rust-lang.github.io/rust-clippy/rust-1.95.0/index.html#missing_const_for_thread_local

[1m[33mwarning[0m[1m: initializer for `thread_local` value can be made `const`[0m
    [1m[94m--> [0msrc/hir_lower.rs:2639:65
     [1m[94m|[0m
[1m[94m2639[0m [1m[94m|[0m     static DEFER_SCOPES: RefCell<Vec<Vec<(ast::Expr, bool)>>> = RefCell::new(Vec::new());
     [1m[94m|[0m                                                                 [1m[33m^^^^^^^^^^^^^^^^^^^^^^^^[0m [1m[33mhelp: replace with: `const { RefCell::new(Vec::new()) }`[0m
     [1m[94m|[0m
     [1m[94m= [0m[1mhelp[0m: for further information visit https://rust-lang.github.io/rust-clippy/rust-1.95.0/index.html#missing_const_for_thread_local

[1m[33mwarning[0m[1m: initializer for `thread_local` value can be made `const`[0m
    [1m[94m--> [0msrc/hir_lower.rs:2642:48
     [1m[94m|[0m
[1m[94m2642[0m [1m[94m|[0m     static LOOP_MARKERS: RefCell<Vec<usize>> = RefCell::new(Vec::new());
     [1m[94m|[0m                                                [1m[33m^^^^^^^^^^^^^^^^^^^^^^^^[0m [1m[33mhelp: replace with: `const { RefCell::new(Vec::new()) }`[0m
     [1m[94m|[0m
     [1m[94m= [0m[1mhelp[0m: for further information visit https://rust-lang.github.io/rust-clippy/rust-1.95.0/index.html#missing_const_for_thread_local

[1m[33mwarning[0m[1m: manual implementation of `.is_multiple_of()`[0m
   [1m[94m--> [0msrc/iso_arena.rs:166:23
    [1m[94m|[0m
[1m[94m166[0m [1m[94m|[0m         debug_assert!(base as usize % 8 == 0);
    [1m[94m|[0m                       [1m[33m^^^^^^^^^^^^^^^^^^^^^^[0m [1m[33mhelp: replace with: `(base as usize).is_multiple_of(8)`[0m
    [1m[94m|[0m
    [1m[94m= [0m[1mhelp[0m: for further information visit https://rust-lang.github.io/rust-clippy/rust-1.95.0/index.html#manual_is_multiple_of
    [1m[94m= [0m[1mnote[0m: `#[warn(clippy::manual_is_multiple_of)]` on by default

[1m[33mwarning[0m[1m: manual implementation of `.is_multiple_of()`[0m
   [1m[94m--> [0msrc/iso_arena.rs:181:23
    [1m[94m|[0m
[1m[94m181[0m [1m[94m|[0m         debug_assert!(payload as usize % 8 == 0);
    [1m[94m|[0m                       [1m[33m^^^^^^^^^^^^^^^^^^^^^^^^^[0m [1m[33mhelp: replace with: `(payload as usize).is_multiple_of(8)`[0m
    [1m[94m|[0m
    [1m[94m= [0m[1mhelp[0m: for further information visit https://rust-lang.github.io/rust-clippy/rust-1.95.0/index.html#manual_is_multiple_of

[1m[33mwarning[0m[1m: casting to the same type is unnecessary (`usize` -> `usize`)[0m
   [1m[94m--> [0msrc/iso_arena.rs:400:19
    [1m[94m|[0m
[1m[94m400[0m [1m[94m|[0m         let off = off as usize;
    [1m[94m|[0m                   [1m[33m^^^^^^^^^^^^[0m [1m[33mhelp: try: `off`[0m
    [1m[94m|[0m
    [1m[94m= [0m[1mhelp[0m: for further information visit https://rust-lang.github.io/rust-clippy/rust-1.95.0/index.html#unnecessary_cast

[1m[33mwarning[0m[1m: the loop variable `pc` is used to index `instructions`[0m
   [1m[94m--> [0msrc/jit/compiler.rs:286:15
    [1m[94m|[0m
[1m[94m286[0m [1m[94m|[0m     for pc in start_offset..end_offset {
    [1m[94m|[0m               [1m[33m^^^^^^^^^^^^^^^^^^^^^^^^[0m
    [1m[94m|[0m
    [1m[94m= [0m[1mhelp[0m: for further information visit https://rust-lang.github.io/rust-clippy/rust-1.95.0/index.html#needless_range_loop
    [1m[94m= [0m[1mnote[0m: `#[warn(clippy::needless_range_loop)]` on by default
[1m[96mhelp[0m: consider using an iterator and enumerate()
    [1m[94m|[0m
[1m[94m286[0m [91m- [0m    for [91mpc[0m in [91mstart_offset..end_offset[0m {
[1m[94m286[0m [92m+ [0m    for [92m(pc, <item>)[0m in [92minstructions.iter().enumerate().take(end_offset).skip(start_offset)[0m {
    [1m[94m|[0m

[1m[33mwarning[0m[1m: casting raw pointers to the same type and constness is unnecessary (`*const u8` -> `*const u8`)[0m
   [1m[94m--> [0msrc/jit/compiler.rs:859:8
    [1m[94m|[0m
[1m[94m859[0m [1m[94m|[0m     Ok(code as *const u8)
    [1m[94m|[0m        [1m[33m^^^^^^^^^^^^^^^^^[0m [1m[33mhelp: try: `code`[0m
    [1m[94m|[0m
    [1m[94m= [0m[1mhelp[0m: for further information visit https://rust-lang.github.io/rust-clippy/rust-1.95.0/index.html#unnecessary_cast

[1m[33mwarning[0m[1m: usage of `contains_key` followed by `insert` on a `HashMap`[0m
  [1m[94m--> [0msrc/jit/region_planner.rs:50:9
   [1m[94m|[0m
[1m[94m50[0m [1m[94m|[0m [1m[33m/[0m         if !self.may_suspend.contains_key(&module_idx) {
[1m[94m51[0m [1m[94m|[0m [1m[33m|[0m             self.may_suspend
[1m[94m52[0m [1m[94m|[0m [1m[33m|[0m                 .insert(module_idx, compute_may_suspend(module));
[1m[94m53[0m [1m[94m|[0m [1m[33m|[0m         }
   [1m[94m|[0m [1m[33m|_________^[0m [1m[33mhelp: try: `self.may_suspend.entry(module_idx).or_insert_with(|| compute_may_suspend(module));`[0m
   [1m[94m|[0m
   [1m[94m= [0m[1mhelp[0m: for further information visit https://rust-lang.github.io/rust-clippy/rust-1.95.0/index.html#map_entry

[1m[33mwarning[0m[1m: usage of `contains_key` followed by `insert` on a `HashMap`[0m
  [1m[94m--> [0msrc/jit/region_planner.rs:54:9
   [1m[94m|[0m
[1m[94m54[0m [1m[94m|[0m [1m[33m/[0m         if !self.recursive.contains_key(&module_idx) {
[1m[94m55[0m [1m[94m|[0m [1m[33m|[0m             self.recursive.insert(module_idx, compute_recursive(module));
[1m[94m56[0m [1m[94m|[0m [1m[33m|[0m         }
   [1m[94m|[0m [1m[33m|_________^[0m [1m[33mhelp: try: `self.recursive.entry(module_idx).or_insert_with(|| compute_recursive(module));`[0m
   [1m[94m|[0m
   [1m[94m= [0m[1mhelp[0m: for further information visit https://rust-lang.github.io/rust-clippy/rust-1.95.0/index.html#map_entry

[1m[33mwarning[0m[1m: doc list item without indentation[0m
   [1m[94m--> [0msrc/jit/region_planner.rs:102:5
    [1m[94m|[0m
[1m[94m102[0m [1m[94m|[0m /// `func_start` bounds the scan to the calling function's code. This is a
    [1m[94m|[0m     [1m[33m^[0m
    [1m[94m|[0m
    [1m[94m= [0m[1mhelp[0m: if this is supposed to be its own paragraph, add a blank line
    [1m[94m= [0m[1mhelp[0m: for further information visit https://rust-lang.github.io/rust-clippy/rust-1.95.0/index.html#doc_lazy_continuation
    [1m[94m= [0m[1mnote[0m: `#[warn(clippy::doc_lazy_continuation)]` on by default
[1m[96mhelp[0m: indent this line
    [1m[94m|[0m
[1m[94m102[0m [1m[94m| [0m/// [92m  [0m`func_start` bounds the scan to the calling function's code. This is a
    [1m[94m|[0m     [92m++[0m

[1m[33mwarning[0m[1m: doc list item without indentation[0m
   [1m[94m--> [0msrc/jit/region_planner.rs:103:5
    [1m[94m|[0m
[1m[94m103[0m [1m[94m|[0m /// hint only: compiled direct calls re-check the live value in reg 254 at
    [1m[94m|[0m     [1m[33m^[0m
    [1m[94m|[0m
    [1m[94m= [0m[1mhelp[0m: if this is supposed to be its own paragraph, add a blank line
    [1m[94m= [0m[1mhelp[0m: for further information visit https://rust-lang.github.io/rust-clippy/rust-1.95.0/index.html#doc_lazy_continuation
[1m[96mhelp[0m: indent this line
    [1m[94m|[0m
[1m[94m103[0m [1m[94m| [0m/// [92m  [0mhint only: compiled direct calls re-check the live value in reg 254 at
    [1m[94m|[0m     [92m++[0m

[1m[33mwarning[0m[1m: doc list item without indentation[0m
   [1m[94m--> [0msrc/jit/region_planner.rs:104:5
    [1m[94m|[0m
[1m[94m104[0m [1m[94m|[0m /// run time and fall back to the interpreter on mismatch, so a stale
    [1m[94m|[0m     [1m[33m^[0m
    [1m[94m|[0m
    [1m[94m= [0m[1mhelp[0m: if this is supposed to be its own paragraph, add a blank line
    [1m[94m= [0m[1mhelp[0m: for further information visit https://rust-lang.github.io/rust-clippy/rust-1.95.0/index.html#doc_lazy_continuation
[1m[96mhelp[0m: indent this line
    [1m[94m|[0m
[1m[94m104[0m [1m[94m| [0m/// [92m  [0mrun time and fall back to the interpreter on mismatch, so a stale
    [1m[94m|[0m     [92m++[0m

[1m[33mwarning[0m[1m: doc list item without indentation[0m
   [1m[94m--> [0msrc/jit/region_planner.rs:105:5
    [1m[94m|[0m
[1m[94m105[0m [1m[94m|[0m /// recovery here never calls the wrong function.
    [1m[94m|[0m     [1m[33m^[0m
    [1m[94m|[0m
    [1m[94m= [0m[1mhelp[0m: if this is supposed to be its own paragraph, add a blank line
    [1m[94m= [0m[1mhelp[0m: for further information visit https://rust-lang.github.io/rust-clippy/rust-1.95.0/index.html#doc_lazy_continuation
[1m[96mhelp[0m: indent this line
    [1m[94m|[0m
[1m[94m105[0m [1m[94m| [0m/// [92m  [0mrecovery here never calls the wrong function.
    [1m[94m|[0m     [92m++[0m

[1m[33mwarning[0m[1m: the loop variable `i` is used to index `result`[0m
   [1m[94m--> [0msrc/jit/region_planner.rs:228:14
    [1m[94m|[0m
[1m[94m228[0m [1m[94m|[0m     for i in 0..n {
    [1m[94m|[0m              [1m[33m^^^^[0m
    [1m[94m|[0m
    [1m[94m= [0m[1mhelp[0m: for further information visit https://rust-lang.github.io/rust-clippy/rust-1.95.0/index.html#needless_range_loop
[1m[96mhelp[0m: consider using an iterator and enumerate()
    [1m[94m|[0m
[1m[94m228[0m [91m- [0m    for [91mi[0m in [91m0..n[0m {
[1m[94m228[0m [92m+ [0m    for [92m(i, <item>)[0m in [92mresult.iter_mut().enumerate().take(n)[0m {
    [1m[94m|[0m

[1m[33mwarning[0m[1m: the loop variable `i` is used to index `reach`[0m
   [1m[94m--> [0msrc/jit/region_planner.rs:295:14
    [1m[94m|[0m
[1m[94m295[0m [1m[94m|[0m     for i in 0..n {
    [1m[94m|[0m              [1m[33m^^^^[0m
    [1m[94m|[0m
    [1m[94m= [0m[1mhelp[0m: for further information visit https://rust-lang.github.io/rust-clippy/rust-1.95.0/index.html#needless_range_loop
[1m[96mhelp[0m: consider using an iterator and enumerate()
    [1m[94m|[0m
[1m[94m295[0m [91m- [0m    for [91mi[0m in [91m0..n[0m {
[1m[94m295[0m [92m+ [0m    for [92m(i, <item>)[0m in [92mreach.iter_mut().enumerate().take(n)[0m {
    [1m[94m|[0m

[1m[33mwarning[0m[1m: the loop variable `j` is only used to index `reach`[0m
   [1m[94m--> [0msrc/jit/region_planner.rs:319:26
    [1m[94m|[0m
[1m[94m319[0m [1m[94m|[0m                 for j in 0..n {
    [1m[94m|[0m                          [1m[33m^^^^[0m
    [1m[94m|[0m
    [1m[94m= [0m[1mhelp[0m: for further information visit https://rust-lang.github.io/rust-clippy/rust-1.95.0/index.html#needless_range_loop
[1m[96mhelp[0m: consider using an iterator
    [1m[94m|[0m
[1m[94m319[0m [91m- [0m                for [91mj[0m in [91m0..n[0m {
[1m[94m319[0m [92m+ [0m                for [92m<item>[0m in [92mreach.iter_mut().take(n)[0m {
    [1m[94m|[0m

[1m[33mwarning[0m[1m: the loop variable `i` is used to index `instructions`[0m
   [1m[94m--> [0msrc/jit/region_planner.rs:371:14
    [1m[94m|[0m
[1m[94m371[0m [1m[94m|[0m     for i in offset..instructions.len().min(offset + 500) {
    [1m[94m|[0m              [1m[33m^^^^^^^^^^^^^^^^^^^^^^^^^^^^^^^^^^^^^^^^^^^^[0m
    [1m[94m|[0m
    [1m[94m= [0m[1mhelp[0m: for further information visit https://rust-lang.github.io/rust-clippy/rust-1.95.0/index.html#needless_range_loop
[1m[96mhelp[0m: consider using an iterator and enumerate()
    [1m[94m|[0m
[1m[94m371[0m [91m- [0m    for [91mi[0m in [91moffset..instructions.len().min(offset + 500)[0m {
[1m[94m371[0m [92m+ [0m    for [92m(i, <item>)[0m in [92minstructions.iter().enumerate().take(instructions.len().min(offset + 500)).skip(offset)[0m {
    [1m[94m|[0m

[1m[33mwarning[0m[1m: called `filter(..).next_back()` on an `DoubleEndedIterator`. This is more succinctly expressed by calling `.rfind(..)` instead[0m
   [1m[94m--> [0msrc/jit/region_planner.rs:462:5
    [1m[94m|[0m
[1m[94m462[0m [1m[94m|[0m [1m[33m/[0m     module
[1m[94m463[0m [1m[94m|[0m [1m[33m|[0m         .function_table
[1m[94m464[0m [1m[94m|[0m [1m[33m|[0m         .iter()
[1m[94m465[0m [1m[94m|[0m [1m[33m|[0m         .copied()
[1m[94m466[0m [1m[94m|[0m [1m[33m|[0m         .filter(|&o| o <= pc)
[1m[94m467[0m [1m[94m|[0m [1m[33m|[0m         .next_back()
    [1m[94m|[0m [1m[33m|____________________^[0m
    [1m[94m|[0m
    [1m[94m= [0m[1mhelp[0m: for further information visit https://rust-lang.github.io/rust-clippy/rust-1.95.0/index.html#filter_next
    [1m[94m= [0m[1mnote[0m: `#[warn(clippy::filter_next)]` on by default
[1m[96mhelp[0m: try
    [1m[94m|[0m
[1m[94m462[0m [92m~ [0m    [92mmodule[0m
[1m[94m463[0m [92m+         .function_table[0m
[1m[94m464[0m [92m+         .iter()[0m
[1m[94m465[0m [92m+         .copied().rfind(|&o| o <= pc)[0m
    [1m[94m|[0m

[1m[33mwarning[0m[1m: the loop variable `i` is used to index `instructions`[0m
   [1m[94m--> [0msrc/jit/region_planner.rs:645:14
    [1m[94m|[0m
[1m[94m645[0m [1m[94m|[0m     for i in offset..instructions.len().min(offset + 500) {
    [1m[94m|[0m              [1m[33m^^^^^^^^^^^^^^^^^^^^^^^^^^^^^^^^^^^^^^^^^^^^[0m
    [1m[94m|[0m
    [1m[94m= [0m[1mhelp[0m: for further information visit https://rust-lang.github.io/rust-clippy/rust-1.95.0/index.html#needless_range_loop
[1m[96mhelp[0m: consider using an iterator and enumerate()
    [1m[94m|[0m
[1m[94m645[0m [91m- [0m    for [91mi[0m in [91moffset..instructions.len().min(offset + 500)[0m {
[1m[94m645[0m [92m+ [0m    for [92m(i, <item>)[0m in [92minstructions.iter().enumerate().take(instructions.len().min(offset + 500)).skip(offset)[0m {
    [1m[94m|[0m

[1m[33mwarning[0m[1m: equality checks against false can be replaced by a negation[0m
   [1m[94m--> [0msrc/jit/runtime.rs:364:17
    [1m[94m|[0m
[1m[94m364[0m [1m[94m|[0m     Value::bool(is_truthy(a) == false).as_raw()
    [1m[94m|[0m                 [1m[33m^^^^^^^^^^^^^^^^^^^^^[0m [1m[33mhelp: try: `!is_truthy(a)`[0m
    [1m[94m|[0m
    [1m[94m= [0m[1mhelp[0m: for further information visit https://rust-lang.github.io/rust-clippy/rust-1.95.0/index.html#bool_comparison
    [1m[94m= [0m[1mnote[0m: `#[warn(clippy::bool_comparison)]` on by default

[1m[33mwarning[0m[1m: initializer for `thread_local` value can be made `const`[0m
   [1m[94m--> [0msrc/jit/runtime.rs:431:48
    [1m[94m|[0m
[1m[94m431[0m [1m[94m|[0m     static JIT_CALLBACKS: UnsafeCell<CbPair> = UnsafeCell::new(CbPair::NULL);
    [1m[94m|[0m                                                [1m[33m^^^^^^^^^^^^^^^^^^^^^^^^^^^^^[0m [1m[33mhelp: replace with: `const { UnsafeCell::new(CbPair::NULL) }`[0m
    [1m[94m|[0m
    [1m[94m= [0m[1mhelp[0m: for further information visit https://rust-lang.github.io/rust-clippy/rust-1.95.0/index.html#missing_const_for_thread_local

[1m[33mwarning[0m[1m: unsafe function's docs are missing a `# Safety` section[0m
   [1m[94m--> [0msrc/jit/runtime.rs:458:1
    [1m[94m|[0m
[1m[94m458[0m [1m[94m|[0m pub unsafe fn set_jit_callbacks(cb: *mut dyn crate::vm::ActorVmCallbacks) {
    [1m[94m|[0m [1m[33m^^^^^^^^^^^^^^^^^^^^^^^^^^^^^^^^^^^^^^^^^^^^^^^^^^^^^^^^^^^^^^^^^^^^^^^^^[0m
    [1m[94m|[0m
    [1m[94m= [0m[1mhelp[0m: for further information visit https://rust-lang.github.io/rust-clippy/rust-1.95.0/index.html#missing_safety_doc

[1m[33mwarning[0m[1m: unsafe function's docs are missing a `# Safety` section[0m
   [1m[94m--> [0msrc/jit/runtime.rs:665:1
    [1m[94m|[0m
[1m[94m665[0m [1m[94m|[0m pub unsafe fn set_jit_vm(vm: *mut crate::vm::VM, module_idx: usize) {
    [1m[94m|[0m [1m[33m^^^^^^^^^^^^^^^^^^^^^^^^^^^^^^^^^^^^^^^^^^^^^^^^^^^^^^^^^^^^^^^^^^^[0m
    [1m[94m|[0m
    [1m[94m= [0m[1mhelp[0m: for further information visit https://rust-lang.github.io/rust-clippy/rust-1.95.0/index.html#missing_safety_doc

[1m[91merror[0m[1m: this public function might dereference a raw pointer but is not marked `unsafe`[0m
   [1m[94m--> [0msrc/jit/runtime.rs:825:51
    [1m[94m|[0m
[1m[94m825[0m [1m[94m|[0m                     std::ptr::copy_nonoverlapping(regs, callee_ptr, copied);
    [1m[94m|[0m                                                   [1m[91m^^^^[0m
    [1m[94m|[0m
    [1m[94m= [0m[1mhelp[0m: for further information visit https://rust-lang.github.io/rust-clippy/rust-1.95.0/index.html#not_unsafe_ptr_arg_deref
    [1m[94m= [0m[1mnote[0m: `-D clippy::not-unsafe-ptr-arg-deref` implied by `-D clippy::correctness`
    [1m[94m= [0m[1mhelp[0m: to override `-D clippy::correctness` add `#[allow(clippy::not_unsafe_ptr_arg_deref)]`

[1m[91merror[0m[1m: this public function might dereference a raw pointer but is not marked `unsafe`[0m
   [1m[94m--> [0msrc/jit/runtime.rs:857:22
    [1m[94m|[0m
[1m[94m857[0m [1m[94m|[0m                     *regs.add(dst) = *callee_ptr.add(leaf.return_reg as usize);
    [1m[94m|[0m                      [1m[91m^^^^[0m
    [1m[94m|[0m
    [1m[94m= [0m[1mhelp[0m: for further information visit https://rust-lang.github.io/rust-clippy/rust-1.95.0/index.html#not_unsafe_ptr_arg_deref

[1m[33mwarning[0m[1m: unsafe function's docs are missing a `# Safety` section[0m
   [1m[94m--> [0msrc/jit/runtime.rs:873:1
    [1m[94m|[0m
[1m[94m873[0m [1m[94m|[0m pub unsafe extern "C" fn nulang_safepoint_yield(resume_offset: u64) -> u64 {
    [1m[94m|[0m [1m[33m^^^^^^^^^^^^^^^^^^^^^^^^^^^^^^^^^^^^^^^^^^^^^^^^^^^^^^^^^^^^^^^^^^^^^^^^^^[0m
    [1m[94m|[0m
    [1m[94m= [0m[1mhelp[0m: for further information visit https://rust-lang.github.io/rust-clippy/rust-1.95.0/index.html#missing_safety_doc

[1m[33mwarning[0m[1m: initializer for `thread_local` value can be made `const`[0m
   [1m[94m--> [0msrc/jit/runtime.rs:894:9
    [1m[94m|[0m
[1m[94m894[0m [1m[94m|[0m         std::cell::RefCell::new(None);
    [1m[94m|[0m         [1m[33m^^^^^^^^^^^^^^^^^^^^^^^^^^^^^[0m [1m[33mhelp: replace with: `const { std::cell::RefCell::new(None) }`[0m
    [1m[94m|[0m
    [1m[94m= [0m[1mhelp[0m: for further information visit https://rust-lang.github.io/rust-clippy/rust-1.95.0/index.html#missing_const_for_thread_local

[1m[33mwarning[0m[1m: initializer for `thread_local` value can be made `const`[0m
   [1m[94m--> [0msrc/jit/runtime.rs:897:9
    [1m[94m|[0m
[1m[94m897[0m [1m[94m|[0m         std::cell::RefCell::new(None);
    [1m[94m|[0m         [1m[33m^^^^^^^^^^^^^^^^^^^^^^^^^^^^^[0m [1m[33mhelp: replace with: `const { std::cell::RefCell::new(None) }`[0m
    [1m[94m|[0m
    [1m[94m= [0m[1mhelp[0m: for further information visit https://rust-lang.github.io/rust-clippy/rust-1.95.0/index.html#missing_const_for_thread_local

[1m[33mwarning[0m[1m: unsafe function's docs are missing a `# Safety` section[0m
    [1m[94m--> [0msrc/jit/runtime.rs:1071:1
     [1m[94m|[0m
[1m[94m1071[0m [1m[94m|[0m pub unsafe extern "C" fn nulang_alloc_obj(slot_count: u64, type_tag_raw: u32) -> u64 {
     [1m[94m|[0m [1m[33m^^^^^^^^^^^^^^^^^^^^^^^^^^^^^^^^^^^^^^^^^^^^^^^^^^^^^^^^^^^^^^^^^^^^^^^^^^^^^^^^^^^^[0m
     [1m[94m|[0m
     [1m[94m= [0m[1mhelp[0m: for further information visit https://rust-lang.github.io/rust-clippy/rust-1.95.0/index.html#missing_safety_doc

[1m[33mwarning[0m[1m: unsafe function's docs are missing a `# Safety` section[0m
    [1m[94m--> [0msrc/jit/runtime.rs:1095:1
     [1m[94m|[0m
[1m[94m1095[0m [1m[94m|[0m pub unsafe extern "C" fn nulang_obj_get(obj: u64, idx: u64) -> u64 {
     [1m[94m|[0m [1m[33m^^^^^^^^^^^^^^^^^^^^^^^^^^^^^^^^^^^^^^^^^^^^^^^^^^^^^^^^^^^^^^^^^^[0m
     [1m[94m|[0m
     [1m[94m= [0m[1mhelp[0m: for further information visit https://rust-lang.github.io/rust-clippy/rust-1.95.0/index.html#missing_safety_doc

[1m[33mwarning[0m[1m: unsafe function's docs are missing a `# Safety` section[0m
    [1m[94m--> [0msrc/jit/runtime.rs:1115:1
     [1m[94m|[0m
[1m[94m1115[0m [1m[94m|[0m pub unsafe extern "C" fn nulang_obj_set(obj: u64, idx: u64, val: u64) {
     [1m[94m|[0m [1m[33m^^^^^^^^^^^^^^^^^^^^^^^^^^^^^^^^^^^^^^^^^^^^^^^^^^^^^^^^^^^^^^^^^^^^^[0m
     [1m[94m|[0m
     [1m[94m= [0m[1mhelp[0m: for further information visit https://rust-lang.github.io/rust-clippy/rust-1.95.0/index.html#missing_safety_doc

[1m[33mwarning[0m[1m: unsafe function's docs are missing a `# Safety` section[0m
    [1m[94m--> [0msrc/jit/runtime.rs:1143:1
     [1m[94m|[0m
[1m[94m1143[0m [1m[94m|[0m pub unsafe extern "C" fn nulang_obj_len(obj: u64) -> u64 {
     [1m[94m|[0m [1m[33m^^^^^^^^^^^^^^^^^^^^^^^^^^^^^^^^^^^^^^^^^^^^^^^^^^^^^^^^[0m
     [1m[94m|[0m
     [1m[94m= [0m[1mhelp[0m: for further information visit https://rust-lang.github.io/rust-clippy/rust-1.95.0/index.html#missing_safety_doc

[1m[33mwarning[0m[1m: unsafe function's docs are missing a `# Safety` section[0m
    [1m[94m--> [0msrc/jit/runtime.rs:1157:1
     [1m[94m|[0m
[1m[94m1157[0m [1m[94m|[0m pub unsafe extern "C" fn nulang_rec_copy(obj: u64) -> u64 {
     [1m[94m|[0m [1m[33m^^^^^^^^^^^^^^^^^^^^^^^^^^^^^^^^^^^^^^^^^^^^^^^^^^^^^^^^^[0m
     [1m[94m|[0m
     [1m[94m= [0m[1mhelp[0m: for further information visit https://rust-lang.github.io/rust-clippy/rust-1.95.0/index.html#missing_safety_doc

[1m[33mwarning[0m[1m: unsafe function's docs are missing a `# Safety` section[0m
    [1m[94m--> [0msrc/jit/runtime.rs:1187:1
     [1m[94m|[0m
[1m[94m1187[0m [1m[94m|[0m pub unsafe extern "C" fn nulang_str_eq(a: u64, b: u64) -> u64 {
     [1m[94m|[0m [1m[33m^^^^^^^^^^^^^^^^^^^^^^^^^^^^^^^^^^^^^^^^^^^^^^^^^^^^^^^^^^^^^[0m
     [1m[94m|[0m
     [1m[94m= [0m[1mhelp[0m: for further information visit https://rust-lang.github.io/rust-clippy/rust-1.95.0/index.html#missing_safety_doc

[1m[33mwarning[0m[1m: unsafe function's docs are missing a `# Safety` section[0m
    [1m[94m--> [0msrc/jit/runtime.rs:1272:1
     [1m[94m|[0m
[1m[94m1272[0m [1m[94m|[0m pub unsafe extern "C" fn nulang_str_concat(a: u64, b: u64) -> u64 {
     [1m[94m|[0m [1m[33m^^^^^^^^^^^^^^^^^^^^^^^^^^^^^^^^^^^^^^^^^^^^^^^^^^^^^^^^^^^^^^^^^[0m
     [1m[94m|[0m
     [1m[94m= [0m[1mhelp[0m: for further information visit https://rust-lang.github.io/rust-clippy/rust-1.95.0/index.html#missing_safety_doc

[1m[33mwarning[0m[1m: unsafe function's docs are missing a `# Safety` section[0m
    [1m[94m--> [0msrc/jit/runtime.rs:1407:1
     [1m[94m|[0m
[1m[94m1407[0m [1m[94m|[0m pub unsafe extern "C" fn nulang_aot_self_ref() -> u64 {
     [1m[94m|[0m [1m[33m^^^^^^^^^^^^^^^^^^^^^^^^^^^^^^^^^^^^^^^^^^^^^^^^^^^^^[0m
     [1m[94m|[0m
     [1m[94m= [0m[1mhelp[0m: for further information visit https://rust-lang.github.io/rust-clippy/rust-1.95.0/index.html#missing_safety_doc

[1m[33mwarning[0m[1m: unsafe function's docs are missing a `# Safety` section[0m
    [1m[94m--> [0msrc/jit/runtime.rs:1421:1
     [1m[94m|[0m
[1m[94m1421[0m [1m[94m|[0m pub unsafe extern "C" fn nulang_aot_state_get(field_name_raw: u64) -> u64 {
     [1m[94m|[0m [1m[33m^^^^^^^^^^^^^^^^^^^^^^^^^^^^^^^^^^^^^^^^^^^^^^^^^^^^^^^^^^^^^^^^^^^^^^^^^[0m
     [1m[94m|[0m
     [1m[94m= [0m[1mhelp[0m: for further information visit https://rust-lang.github.io/rust-clippy/rust-1.95.0/index.html#missing_safety_doc

[1m[33mwarning[0m[1m: unsafe function's docs are missing a `# Safety` section[0m
    [1m[94m--> [0msrc/jit/runtime.rs:1432:1
     [1m[94m|[0m
[1m[94m1432[0m [1m[94m|[0m pub unsafe extern "C" fn nulang_aot_state_set(field_name_raw: u64, value: u64) {
     [1m[94m|[0m [1m[33m^^^^^^^^^^^^^^^^^^^^^^^^^^^^^^^^^^^^^^^^^^^^^^^^^^^^^^^^^^^^^^^^^^^^^^^^^^^^^^[0m
     [1m[94m|[0m
     [1m[94m= [0m[1mhelp[0m: for further information visit https://rust-lang.github.io/rust-clippy/rust-1.95.0/index.html#missing_safety_doc

[1m[33mwarning[0m[1m: unsafe function's docs are missing a `# Safety` section[0m
    [1m[94m--> [0msrc/jit/runtime.rs:1451:9
     [1m[94m|[0m
[1m[94m1451[0m [1m[94m|[0m         pub unsafe extern "C" fn $name(target_raw: u64, behavior_raw: u64 $(, $arg: u64)*) {
     [1m[94m|[0m         [1m[33m^^^^^^^^^^^^^^^^^^^^^^^^^^^^^^^^^^^^^^^^^^^^^^^^^^^^^^^^^^^^^^^^^^^^^^^^^^^^^^^^^^[0m
[1m[94m...[0m
[1m[94m1461[0m [1m[94m|[0m define_aot_send!(nulang_aot_send_0,);
     [1m[94m|[0m [1m[94m------------------------------------[0m [1m[94min this macro invocation[0m
     [1m[94m|[0m
     [1m[94m= [0m[1mhelp[0m: for further information visit https://rust-lang.github.io/rust-clippy/rust-1.95.0/index.html#missing_safety_doc
     [1m[94m= [0m[1mnote[0m: this warning originates in the macro `define_aot_send` (in Nightly builds, run with -Z macro-backtrace for more info)

[1m[33mwarning[0m[1m: unsafe function's docs are missing a `# Safety` section[0m
    [1m[94m--> [0msrc/jit/runtime.rs:1451:9
     [1m[94m|[0m
[1m[94m1451[0m [1m[94m|[0m         pub unsafe extern "C" fn $name(target_raw: u64, behavior_raw: u64 $(, $arg: u64)*) {
     [1m[94m|[0m         [1m[33m^^^^^^^^^^^^^^^^^^^^^^^^^^^^^^^^^^^^^^^^^^^^^^^^^^^^^^^^^^^^^^^^^^^^^^^^^^^^^^^^^^[0m
[1m[94m...[0m
[1m[94m1462[0m [1m[94m|[0m define_aot_send!(nulang_aot_send_1, a0);
     [1m[94m|[0m [1m[94m---------------------------------------[0m [1m[94min this macro invocation[0m
     [1m[94m|[0m
     [1m[94m= [0m[1mhelp[0m: for further information visit https://rust-lang.github.io/rust-clippy/rust-1.95.0/index.html#missing_safety_doc
     [1m[94m= [0m[1mnote[0m: this warning originates in the macro `define_aot_send` (in Nightly builds, run with -Z macro-backtrace for more info)

[1m[33mwarning[0m[1m: unsafe function's docs are missing a `# Safety` section[0m
    [1m[94m--> [0msrc/jit/runtime.rs:1451:9
     [1m[94m|[0m
[1m[94m1451[0m [1m[94m|[0m         pub unsafe extern "C" fn $name(target_raw: u64, behavior_raw: u64 $(, $arg: u64)*) {
     [1m[94m|[0m         [1m[33m^^^^^^^^^^^^^^^^^^^^^^^^^^^^^^^^^^^^^^^^^^^^^^^^^^^^^^^^^^^^^^^^^^^^^^^^^^^^^^^^^^[0m
[1m[94m...[0m
[1m[94m1463[0m [1m[94m|[0m define_aot_send!(nulang_aot_send_2, a0, a1);
     [1m[94m|[0m [1m[94m-------------------------------------------[0m [1m[94min this macro invocation[0m
     [1m[94m|[0m
     [1m[94m= [0m[1mhelp[0m: for further information visit https://rust-lang.github.io/rust-clippy/rust-1.95.0/index.html#missing_safety_doc
     [1m[94m= [0m[1mnote[0m: this warning originates in the macro `define_aot_send` (in Nightly builds, run with -Z macro-backtrace for more info)

[1m[33mwarning[0m[1m: unsafe function's docs are missing a `# Safety` section[0m
    [1m[94m--> [0msrc/jit/runtime.rs:1451:9
     [1m[94m|[0m
[1m[94m1451[0m [1m[94m|[0m         pub unsafe extern "C" fn $name(target_raw: u64, behavior_raw: u64 $(, $arg: u64)*) {
     [1m[94m|[0m         [1m[33m^^^^^^^^^^^^^^^^^^^^^^^^^^^^^^^^^^^^^^^^^^^^^^^^^^^^^^^^^^^^^^^^^^^^^^^^^^^^^^^^^^[0m
[1m[94m...[0m
[1m[94m1464[0m [1m[94m|[0m define_aot_send!(nulang_aot_send_3, a0, a1, a2);
     [1m[94m|[0m [1m[94m-----------------------------------------------[0m [1m[94min this macro invocation[0m
     [1m[94m|[0m
     [1m[94m= [0m[1mhelp[0m: for further information visit https://rust-lang.github.io/rust-clippy/rust-1.95.0/index.html#missing_safety_doc
     [1m[94m= [0m[1mnote[0m: this warning originates in the macro `define_aot_send` (in Nightly builds, run with -Z macro-backtrace for more info)

[1m[33mwarning[0m[1m: unsafe function's docs are missing a `# Safety` section[0m
    [1m[94m--> [0msrc/jit/runtime.rs:1451:9
     [1m[94m|[0m
[1m[94m1451[0m [1m[94m|[0m         pub unsafe extern "C" fn $name(target_raw: u64, behavior_raw: u64 $(, $arg: u64)*) {
     [1m[94m|[0m         [1m[33m^^^^^^^^^^^^^^^^^^^^^^^^^^^^^^^^^^^^^^^^^^^^^^^^^^^^^^^^^^^^^^^^^^^^^^^^^^^^^^^^^^[0m
[1m[94m...[0m
[1m[94m1465[0m [1m[94m|[0m define_aot_send!(nulang_aot_send_4, a0, a1, a2, a3);
     [1m[94m|[0m [1m[94m---------------------------------------------------[0m [1m[94min this macro invocation[0m
     [1m[94m|[0m
     [1m[94m= [0m[1mhelp[0m: for further information visit https://rust-lang.github.io/rust-clippy/rust-1.95.0/index.html#missing_safety_doc
     [1m[94m= [0m[1mnote[0m: this warning originates in the macro `define_aot_send` (in Nightly builds, run with -Z macro-backtrace for more info)

[1m[33mwarning[0m[1m: unsafe function's docs are missing a `# Safety` section[0m
    [1m[94m--> [0msrc/jit/runtime.rs:1451:9
     [1m[94m|[0m
[1m[94m1451[0m [1m[94m|[0m         pub unsafe extern "C" fn $name(target_raw: u64, behavior_raw: u64 $(, $arg: u64)*) {
     [1m[94m|[0m         [1m[33m^^^^^^^^^^^^^^^^^^^^^^^^^^^^^^^^^^^^^^^^^^^^^^^^^^^^^^^^^^^^^^^^^^^^^^^^^^^^^^^^^^[0m
[1m[94m...[0m
[1m[94m1466[0m [1m[94m|[0m define_aot_send!(nulang_aot_send_5, a0, a1, a2, a3, a4);
     [1m[94m|[0m [1m[94m-------------------------------------------------------[0m [1m[94min this macro invocation[0m
     [1m[94m|[0m
     [1m[94m= [0m[1mhelp[0m: for further information visit https://rust-lang.github.io/rust-clippy/rust-1.95.0/index.html#missing_safety_doc
     [1m[94m= [0m[1mnote[0m: this warning originates in the macro `define_aot_send` (in Nightly builds, run with -Z macro-backtrace for more info)

[1m[33mwarning[0m[1m: unsafe function's docs are missing a `# Safety` section[0m
    [1m[94m--> [0msrc/jit/runtime.rs:1451:9
     [1m[94m|[0m
[1m[94m1451[0m [1m[94m|[0m         pub unsafe extern "C" fn $name(target_raw: u64, behavior_raw: u64 $(, $arg: u64)*) {
     [1m[94m|[0m         [1m[33m^^^^^^^^^^^^^^^^^^^^^^^^^^^^^^^^^^^^^^^^^^^^^^^^^^^^^^^^^^^^^^^^^^^^^^^^^^^^^^^^^^[0m
[1m[94m...[0m
[1m[94m1467[0m [1m[94m|[0m define_aot_send!(nulang_aot_send_6, a0, a1, a2, a3, a4, a5);
     [1m[94m|[0m [1m[94m-----------------------------------------------------------[0m [1m[94min this macro invocation[0m
     [1m[94m|[0m
     [1m[94m= [0m[1mhelp[0m: for further information visit https://rust-lang.github.io/rust-clippy/rust-1.95.0/index.html#missing_safety_doc
     [1m[94m= [0m[1mnote[0m: this warning originates in the macro `define_aot_send` (in Nightly builds, run with -Z macro-backtrace for more info)

[1m[33mwarning[0m[1m: unsafe function's docs are missing a `# Safety` section[0m
    [1m[94m--> [0msrc/jit/runtime.rs:1451:9
     [1m[94m|[0m
[1m[94m1451[0m [1m[94m|[0m         pub unsafe extern "C" fn $name(target_raw: u64, behavior_raw: u64 $(, $arg: u64)*) {
     [1m[94m|[0m         [1m[33m^^^^^^^^^^^^^^^^^^^^^^^^^^^^^^^^^^^^^^^^^^^^^^^^^^^^^^^^^^^^^^^^^^^^^^^^^^^^^^^^^^[0m
[1m[94m...[0m
[1m[94m1468[0m [1m[94m|[0m define_aot_send!(nulang_aot_send_7, a0, a1, a2, a3, a4, a5, a6);
     [1m[94m|[0m [1m[94m---------------------------------------------------------------[0m [1m[94min this macro invocation[0m
     [1m[94m|[0m
     [1m[94m= [0m[1mhelp[0m: for further information visit https://rust-lang.github.io/rust-clippy/rust-1.95.0/index.html#missing_safety_doc
     [1m[94m= [0m[1mnote[0m: this warning originates in the macro `define_aot_send` (in Nightly builds, run with -Z macro-backtrace for more info)

[1m[33mwarning[0m[1m: unsafe function's docs are missing a `# Safety` section[0m
    [1m[94m--> [0msrc/jit/runtime.rs:1451:9
     [1m[94m|[0m
[1m[94m1451[0m [1m[94m|[0m         pub unsafe extern "C" fn $name(target_raw: u64, behavior_raw: u64 $(, $arg: u64)*) {
     [1m[94m|[0m         [1m[33m^^^^^^^^^^^^^^^^^^^^^^^^^^^^^^^^^^^^^^^^^^^^^^^^^^^^^^^^^^^^^^^^^^^^^^^^^^^^^^^^^^[0m
[1m[94m...[0m
[1m[94m1469[0m [1m[94m|[0m define_aot_send!(nulang_aot_send_8, a0, a1, a2, a3, a4, a5, a6, a7);
     [1m[94m|[0m [1m[94m-------------------------------------------------------------------[0m [1m[94min this macro invocation[0m
     [1m[94m|[0m
     [1m[94m= [0m[1mhelp[0m: for further information visit https://rust-lang.github.io/rust-clippy/rust-1.95.0/index.html#missing_safety_doc
     [1m[94m= [0m[1mnote[0m: this warning originates in the macro `define_aot_send` (in Nightly builds, run with -Z macro-backtrace for more info)

[1m[33mwarning[0m[1m: unsafe function's docs are missing a `# Safety` section[0m
    [1m[94m--> [0msrc/jit/runtime.rs:1485:9
     [1m[94m|[0m
[1m[94m1485[0m [1m[94m|[0m         pub unsafe extern "C" fn $name(event_raw: u64 $(, $arg: u64)*) {
     [1m[94m|[0m         [1m[33m^^^^^^^^^^^^^^^^^^^^^^^^^^^^^^^^^^^^^^^^^^^^^^^^^^^^^^^^^^^^^^[0m
[1m[94m...[0m
[1m[94m1496[0m [1m[94m|[0m define_aot_emit!(nulang_aot_emit_0,);
     [1m[94m|[0m [1m[94m------------------------------------[0m [1m[94min this macro invocation[0m
     [1m[94m|[0m
     [1m[94m= [0m[1mhelp[0m: for further information visit https://rust-lang.github.io/rust-clippy/rust-1.95.0/index.html#missing_safety_doc
     [1m[94m= [0m[1mnote[0m: this warning originates in the macro `define_aot_emit` (in Nightly builds, run with -Z macro-backtrace for more info)

[1m[33mwarning[0m[1m: unsafe function's docs are missing a `# Safety` section[0m
    [1m[94m--> [0msrc/jit/runtime.rs:1485:9
     [1m[94m|[0m
[1m[94m1485[0m [1m[94m|[0m         pub unsafe extern "C" fn $name(event_raw: u64 $(, $arg: u64)*) {
     [1m[94m|[0m         [1m[33m^^^^^^^^^^^^^^^^^^^^^^^^^^^^^^^^^^^^^^^^^^^^^^^^^^^^^^^^^^^^^^[0m
[1m[94m...[0m
[1m[94m1497[0m [1m[94m|[0m define_aot_emit!(nulang_aot_emit_1, a0);
     [1m[94m|[0m [1m[94m---------------------------------------[0m [1m[94min this macro invocation[0m
     [1m[94m|[0m
     [1m[94m= [0m[1mhelp[0m: for further information visit https://rust-lang.github.io/rust-clippy/rust-1.95.0/index.html#missing_safety_doc
     [1m[94m= [0m[1mnote[0m: this warning originates in the macro `define_aot_emit` (in Nightly builds, run with -Z macro-backtrace for more info)

[1m[33mwarning[0m[1m: unsafe function's docs are missing a `# Safety` section[0m
    [1m[94m--> [0msrc/jit/runtime.rs:1485:9
     [1m[94m|[0m
[1m[94m1485[0m [1m[94m|[0m         pub unsafe extern "C" fn $name(event_raw: u64 $(, $arg: u64)*) {
     [1m[94m|[0m         [1m[33m^^^^^^^^^^^^^^^^^^^^^^^^^^^^^^^^^^^^^^^^^^^^^^^^^^^^^^^^^^^^^^[0m
[1m[94m...[0m
[1m[94m1498[0m [1m[94m|[0m define_aot_emit!(nulang_aot_emit_2, a0, a1);
     [1m[94m|[0m [1m[94m-------------------------------------------[0m [1m[94min this macro invocation[0m
     [1m[94m|[0m
     [1m[94m= [0m[1mhelp[0m: for further information visit https://rust-lang.github.io/rust-clippy/rust-1.95.0/index.html#missing_safety_doc
     [1m[94m= [0m[1mnote[0m: this warning originates in the macro `define_aot_emit` (in Nightly builds, run with -Z macro-backtrace for more info)

[1m[33mwarning[0m[1m: unsafe function's docs are missing a `# Safety` section[0m
    [1m[94m--> [0msrc/jit/runtime.rs:1485:9
     [1m[94m|[0m
[1m[94m1485[0m [1m[94m|[0m         pub unsafe extern "C" fn $name(event_raw: u64 $(, $arg: u64)*) {
     [1m[94m|[0m         [1m[33m^^^^^^^^^^^^^^^^^^^^^^^^^^^^^^^^^^^^^^^^^^^^^^^^^^^^^^^^^^^^^^[0m
[1m[94m...[0m
[1m[94m1499[0m [1m[94m|[0m define_aot_emit!(nulang_aot_emit_3, a0, a1, a2);
     [1m[94m|[0m [1m[94m-----------------------------------------------[0m [1m[94min this macro invocation[0m
     [1m[94m|[0m
     [1m[94m= [0m[1mhelp[0m: for further information visit https://rust-lang.github.io/rust-clippy/rust-1.95.0/index.html#missing_safety_doc
     [1m[94m= [0m[1mnote[0m: this warning originates in the macro `define_aot_emit` (in Nightly builds, run with -Z macro-backtrace for more info)

[1m[33mwarning[0m[1m: unsafe function's docs are missing a `# Safety` section[0m
    [1m[94m--> [0msrc/jit/runtime.rs:1485:9
     [1m[94m|[0m
[1m[94m1485[0m [1m[94m|[0m         pub unsafe extern "C" fn $name(event_raw: u64 $(, $arg: u64)*) {
     [1m[94m|[0m         [1m[33m^^^^^^^^^^^^^^^^^^^^^^^^^^^^^^^^^^^^^^^^^^^^^^^^^^^^^^^^^^^^^^[0m
[1m[94m...[0m
[1m[94m1500[0m [1m[94m|[0m define_aot_emit!(nulang_aot_emit_4, a0, a1, a2, a3);
     [1m[94m|[0m [1m[94m---------------------------------------------------[0m [1m[94min this macro invocation[0m
     [1m[94m|[0m
     [1m[94m= [0m[1mhelp[0m: for further information visit https://rust-lang.github.io/rust-clippy/rust-1.95.0/index.html#missing_safety_doc
     [1m[94m= [0m[1mnote[0m: this warning originates in the macro `define_aot_emit` (in Nightly builds, run with -Z macro-backtrace for more info)

[1m[33mwarning[0m[1m: unsafe function's docs are missing a `# Safety` section[0m
    [1m[94m--> [0msrc/jit/runtime.rs:1485:9
     [1m[94m|[0m
[1m[94m1485[0m [1m[94m|[0m         pub unsafe extern "C" fn $name(event_raw: u64 $(, $arg: u64)*) {
     [1m[94m|[0m         [1m[33m^^^^^^^^^^^^^^^^^^^^^^^^^^^^^^^^^^^^^^^^^^^^^^^^^^^^^^^^^^^^^^[0m
[1m[94m...[0m
[1m[94m1501[0m [1m[94m|[0m define_aot_emit!(nulang_aot_emit_5, a0, a1, a2, a3, a4);
     [1m[94m|[0m [1m[94m-------------------------------------------------------[0m [1m[94min this macro invocation[0m
     [1m[94m|[0m
     [1m[94m= [0m[1mhelp[0m: for further information visit https://rust-lang.github.io/rust-clippy/rust-1.95.0/index.html#missing_safety_doc
     [1m[94m= [0m[1mnote[0m: this warning originates in the macro `define_aot_emit` (in Nightly builds, run with -Z macro-backtrace for more info)

[1m[33mwarning[0m[1m: unsafe function's docs are missing a `# Safety` section[0m
    [1m[94m--> [0msrc/jit/runtime.rs:1485:9
     [1m[94m|[0m
[1m[94m1485[0m [1m[94m|[0m         pub unsafe extern "C" fn $name(event_raw: u64 $(, $arg: u64)*) {
     [1m[94m|[0m         [1m[33m^^^^^^^^^^^^^^^^^^^^^^^^^^^^^^^^^^^^^^^^^^^^^^^^^^^^^^^^^^^^^^[0m
[1m[94m...[0m
[1m[94m1502[0m [1m[94m|[0m define_aot_emit!(nulang_aot_emit_6, a0, a1, a2, a3, a4, a5);
     [1m[94m|[0m [1m[94m-----------------------------------------------------------[0m [1m[94min this macro invocation[0m
     [1m[94m|[0m
     [1m[94m= [0m[1mhelp[0m: for further information visit https://rust-lang.github.io/rust-clippy/rust-1.95.0/index.html#missing_safety_doc
     [1m[94m= [0m[1mnote[0m: this warning originates in the macro `define_aot_emit` (in Nightly builds, run with -Z macro-backtrace for more info)

[1m[33mwarning[0m[1m: unsafe function's docs are missing a `# Safety` section[0m
    [1m[94m--> [0msrc/jit/runtime.rs:1485:9
     [1m[94m|[0m
[1m[94m1485[0m [1m[94m|[0m         pub unsafe extern "C" fn $name(event_raw: u64 $(, $arg: u64)*) {
     [1m[94m|[0m         [1m[33m^^^^^^^^^^^^^^^^^^^^^^^^^^^^^^^^^^^^^^^^^^^^^^^^^^^^^^^^^^^^^^[0m
[1m[94m...[0m
[1m[94m1503[0m [1m[94m|[0m define_aot_emit!(nulang_aot_emit_7, a0, a1, a2, a3, a4, a5, a6);
     [1m[94m|[0m [1m[94m---------------------------------------------------------------[0m [1m[94min this macro invocation[0m
     [1m[94m|[0m
     [1m[94m= [0m[1mhelp[0m: for further information visit https://rust-lang.github.io/rust-clippy/rust-1.95.0/index.html#missing_safety_doc
     [1m[94m= [0m[1mnote[0m: this warning originates in the macro `define_aot_emit` (in Nightly builds, run with -Z macro-backtrace for more info)

[1m[33mwarning[0m[1m: unsafe function's docs are missing a `# Safety` section[0m
    [1m[94m--> [0msrc/jit/runtime.rs:1485:9
     [1m[94m|[0m
[1m[94m1485[0m [1m[94m|[0m         pub unsafe extern "C" fn $name(event_raw: u64 $(, $arg: u64)*) {
     [1m[94m|[0m         [1m[33m^^^^^^^^^^^^^^^^^^^^^^^^^^^^^^^^^^^^^^^^^^^^^^^^^^^^^^^^^^^^^^[0m
[1m[94m...[0m
[1m[94m1504[0m [1m[94m|[0m define_aot_emit!(nulang_aot_emit_8, a0, a1, a2, a3, a4, a5, a6, a7);
     [1m[94m|[0m [1m[94m-------------------------------------------------------------------[0m [1m[94min this macro invocation[0m
     [1m[94m|[0m
     [1m[94m= [0m[1mhelp[0m: for further information visit https://rust-lang.github.io/rust-clippy/rust-1.95.0/index.html#missing_safety_doc
     [1m[94m= [0m[1mnote[0m: this warning originates in the macro `define_aot_emit` (in Nightly builds, run with -Z macro-backtrace for more info)

[1m[33mwarning[0m[1m: unsafe function's docs are missing a `# Safety` section[0m
    [1m[94m--> [0msrc/jit/runtime.rs:1520:9
     [1m[94m|[0m
[1m[94m1520[0m [1m[94m|[0m [1m[33m/[0m         pub unsafe extern "C" fn $name(
[1m[94m1521[0m [1m[94m|[0m [1m[33m|[0m             actor_raw: u64,
[1m[94m1522[0m [1m[94m|[0m [1m[33m|[0m             behavior_raw: u64 $(, $arg: u64)*,
[1m[94m1523[0m [1m[94m|[0m [1m[33m|[0m         ) -> u64 {
     [1m[94m|[0m [1m[33m|________________^[0m
[1m[94m...[0m
[1m[94m1538[0m [1m[94m|[0m   define_aot_ask!(nulang_aot_ask_0,);
     [1m[94m|[0m   [1m[94m----------------------------------[0m [1m[94min this macro invocation[0m
     [1m[94m|[0m
     [1m[94m= [0m[1mhelp[0m: for further information visit https://rust-lang.github.io/rust-clippy/rust-1.95.0/index.html#missing_safety_doc
     [1m[94m= [0m[1mnote[0m: this warning originates in the macro `define_aot_ask` (in Nightly builds, run with -Z macro-backtrace for more info)

[1m[33mwarning[0m[1m: unsafe function's docs are missing a `# Safety` section[0m
    [1m[94m--> [0msrc/jit/runtime.rs:1520:9
     [1m[94m|[0m
[1m[94m1520[0m [1m[94m|[0m [1m[33m/[0m         pub unsafe extern "C" fn $name(
[1m[94m1521[0m [1m[94m|[0m [1m[33m|[0m             actor_raw: u64,
[1m[94m1522[0m [1m[94m|[0m [1m[33m|[0m             behavior_raw: u64 $(, $arg: u64)*,
[1m[94m1523[0m [1m[94m|[0m [1m[33m|[0m         ) -> u64 {
     [1m[94m|[0m [1m[33m|________________^[0m
[1m[94m...[0m
[1m[94m1539[0m [1m[94m|[0m   define_aot_ask!(nulang_aot_ask_1, a0);
     [1m[94m|[0m   [1m[94m-------------------------------------[0m [1m[94min this macro invocation[0m
     [1m[94m|[0m
     [1m[94m= [0m[1mhelp[0m: for further information visit https://rust-lang.github.io/rust-clippy/rust-1.95.0/index.html#missing_safety_doc
     [1m[94m= [0m[1mnote[0m: this warning originates in the macro `define_aot_ask` (in Nightly builds, run with -Z macro-backtrace for more info)

[1m[33mwarning[0m[1m: unsafe function's docs are missing a `# Safety` section[0m
    [1m[94m--> [0msrc/jit/runtime.rs:1520:9
     [1m[94m|[0m
[1m[94m1520[0m [1m[94m|[0m [1m[33m/[0m         pub unsafe extern "C" fn $name(
[1m[94m1521[0m [1m[94m|[0m [1m[33m|[0m             actor_raw: u64,
[1m[94m1522[0m [1m[94m|[0m [1m[33m|[0m             behavior_raw: u64 $(, $arg: u64)*,
[1m[94m1523[0m [1m[94m|[0m [1m[33m|[0m         ) -> u64 {
     [1m[94m|[0m [1m[33m|________________^[0m
[1m[94m...[0m
[1m[94m1540[0m [1m[94m|[0m   define_aot_ask!(nulang_aot_ask_2, a0, a1);
     [1m[94m|[0m   [1m[94m-----------------------------------------[0m [1m[94min this macro invocation[0m
     [1m[94m|[0m
     [1m[94m= [0m[1mhelp[0m: for further information visit https://rust-lang.github.io/rust-clippy/rust-1.95.0/index.html#missing_safety_doc
     [1m[94m= [0m[1mnote[0m: this warning originates in the macro `define_aot_ask` (in Nightly builds, run with -Z macro-backtrace for more info)

[1m[33mwarning[0m[1m: unsafe function's docs are missing a `# Safety` section[0m
    [1m[94m--> [0msrc/jit/runtime.rs:1520:9
     [1m[94m|[0m
[1m[94m1520[0m [1m[94m|[0m [1m[33m/[0m         pub unsafe extern "C" fn $name(
[1m[94m1521[0m [1m[94m|[0m [1m[33m|[0m             actor_raw: u64,
[1m[94m1522[0m [1m[94m|[0m [1m[33m|[0m             behavior_raw: u64 $(, $arg: u64)*,
[1m[94m1523[0m [1m[94m|[0m [1m[33m|[0m         ) -> u64 {
     [1m[94m|[0m [1m[33m|________________^[0m
[1m[94m...[0m
[1m[94m1541[0m [1m[94m|[0m   define_aot_ask!(nulang_aot_ask_3, a0, a1, a2);
     [1m[94m|[0m   [1m[94m---------------------------------------------[0m [1m[94min this macro invocation[0m
     [1m[94m|[0m
     [1m[94m= [0m[1mhelp[0m: for further information visit https://rust-lang.github.io/rust-clippy/rust-1.95.0/index.html#missing_safety_doc
     [1m[94m= [0m[1mnote[0m: this warning originates in the macro `define_aot_ask` (in Nightly builds, run with -Z macro-backtrace for more info)

[1m[33mwarning[0m[1m: unsafe function's docs are missing a `# Safety` section[0m
    [1m[94m--> [0msrc/jit/runtime.rs:1520:9
     [1m[94m|[0m
[1m[94m1520[0m [1m[94m|[0m [1m[33m/[0m         pub unsafe extern "C" fn $name(
[1m[94m1521[0m [1m[94m|[0m [1m[33m|[0m             actor_raw: u64,
[1m[94m1522[0m [1m[94m|[0m [1m[33m|[0m             behavior_raw: u64 $(, $arg: u64)*,
[1m[94m1523[0m [1m[94m|[0m [1m[33m|[0m         ) -> u64 {
     [1m[94m|[0m [1m[33m|________________^[0m
[1m[94m...[0m
[1m[94m1542[0m [1m[94m|[0m   define_aot_ask!(nulang_aot_ask_4, a0, a1, a2, a3);
     [1m[94m|[0m   [1m[94m-------------------------------------------------[0m [1m[94min this macro invocation[0m
     [1m[94m|[0m
     [1m[94m= [0m[1mhelp[0m: for further information visit https://rust-lang.github.io/rust-clippy/rust-1.95.0/index.html#missing_safety_doc
     [1m[94m= [0m[1mnote[0m: this warning originates in the macro `define_aot_ask` (in Nightly builds, run with -Z macro-backtrace for more info)

[1m[33mwarning[0m[1m: unsafe function's docs are missing a `# Safety` section[0m
    [1m[94m--> [0msrc/jit/runtime.rs:1520:9
     [1m[94m|[0m
[1m[94m1520[0m [1m[94m|[0m [1m[33m/[0m         pub unsafe extern "C" fn $name(
[1m[94m1521[0m [1m[94m|[0m [1m[33m|[0m             actor_raw: u64,
[1m[94m1522[0m [1m[94m|[0m [1m[33m|[0m             behavior_raw: u64 $(, $arg: u64)*,
[1m[94m1523[0m [1m[94m|[0m [1m[33m|[0m         ) -> u64 {
     [1m[94m|[0m [1m[33m|________________^[0m
[1m[94m...[0m
[1m[94m1543[0m [1m[94m|[0m   define_aot_ask!(nulang_aot_ask_5, a0, a1, a2, a3, a4);
     [1m[94m|[0m   [1m[94m-----------------------------------------------------[0m [1m[94min this macro invocation[0m
     [1m[94m|[0m
     [1m[94m= [0m[1mhelp[0m: for further information visit https://rust-lang.github.io/rust-clippy/rust-1.95.0/index.html#missing_safety_doc
     [1m[94m= [0m[1mnote[0m: this warning originates in the macro `define_aot_ask` (in Nightly builds, run with -Z macro-backtrace for more info)

[1m[33mwarning[0m[1m: unsafe function's docs are missing a `# Safety` section[0m
    [1m[94m--> [0msrc/jit/runtime.rs:1520:9
     [1m[94m|[0m
[1m[94m1520[0m [1m[94m|[0m [1m[33m/[0m         pub unsafe extern "C" fn $name(
[1m[94m1521[0m [1m[94m|[0m [1m[33m|[0m             actor_raw: u64,
[1m[94m1522[0m [1m[94m|[0m [1m[33m|[0m             behavior_raw: u64 $(, $arg: u64)*,
[1m[94m1523[0m [1m[94m|[0m [1m[33m|[0m         ) -> u64 {
     [1m[94m|[0m [1m[33m|________________^[0m
[1m[94m...[0m
[1m[94m1544[0m [1m[94m|[0m   define_aot_ask!(nulang_aot_ask_6, a0, a1, a2, a3, a4, a5);
     [1m[94m|[0m   [1m[94m---------------------------------------------------------[0m [1m[94min this macro invocation[0m
     [1m[94m|[0m
     [1m[94m= [0m[1mhelp[0m: for further information visit https://rust-lang.github.io/rust-clippy/rust-1.95.0/index.html#missing_safety_doc
     [1m[94m= [0m[1mnote[0m: this warning originates in the macro `define_aot_ask` (in Nightly builds, run with -Z macro-backtrace for more info)

[1m[33mwarning[0m[1m: unsafe function's docs are missing a `# Safety` section[0m
    [1m[94m--> [0msrc/jit/runtime.rs:1520:9
     [1m[94m|[0m
[1m[94m1520[0m [1m[94m|[0m [1m[33m/[0m         pub unsafe extern "C" fn $name(
[1m[94m1521[0m [1m[94m|[0m [1m[33m|[0m             actor_raw: u64,
[1m[94m1522[0m [1m[94m|[0m [1m[33m|[0m             behavior_raw: u64 $(, $arg: u64)*,
[1m[94m1523[0m [1m[94m|[0m [1m[33m|[0m         ) -> u64 {
     [1m[94m|[0m [1m[33m|________________^[0m
[1m[94m...[0m
[1m[94m1545[0m [1m[94m|[0m   define_aot_ask!(nulang_aot_ask_7, a0, a1, a2, a3, a4, a5, a6);
     [1m[94m|[0m   [1m[94m-------------------------------------------------------------[0m [1m[94min this macro invocation[0m
     [1m[94m|[0m
     [1m[94m= [0m[1mhelp[0m: for further information visit https://rust-lang.github.io/rust-clippy/rust-1.95.0/index.html#missing_safety_doc
     [1m[94m= [0m[1mnote[0m: this warning originates in the macro `define_aot_ask` (in Nightly builds, run with -Z macro-backtrace for more info)

[1m[33mwarning[0m[1m: unsafe function's docs are missing a `# Safety` section[0m
    [1m[94m--> [0msrc/jit/runtime.rs:1520:9
     [1m[94m|[0m
[1m[94m1520[0m [1m[94m|[0m [1m[33m/[0m         pub unsafe extern "C" fn $name(
[1m[94m1521[0m [1m[94m|[0m [1m[33m|[0m             actor_raw: u64,
[1m[94m1522[0m [1m[94m|[0m [1m[33m|[0m             behavior_raw: u64 $(, $arg: u64)*,
[1m[94m1523[0m [1m[94m|[0m [1m[33m|[0m         ) -> u64 {
     [1m[94m|[0m [1m[33m|________________^[0m
[1m[94m...[0m
[1m[94m1546[0m [1m[94m|[0m   define_aot_ask!(nulang_aot_ask_8, a0, a1, a2, a3, a4, a5, a6, a7);
     [1m[94m|[0m   [1m[94m-----------------------------------------------------------------[0m [1m[94min this macro invocation[0m
     [1m[94m|[0m
     [1m[94m= [0m[1mhelp[0m: for further information visit https://rust-lang.github.io/rust-clippy/rust-1.95.0/index.html#missing_safety_doc
     [1m[94m= [0m[1mnote[0m: this warning originates in the macro `define_aot_ask` (in Nightly builds, run with -Z macro-backtrace for more info)

[1m[33mwarning[0m[1m: unsafe function's docs are missing a `# Safety` section[0m
    [1m[94m--> [0msrc/jit/runtime.rs:1633:9
     [1m[94m|[0m
[1m[94m1633[0m [1m[94m|[0m [1m[33m/[0m         pub unsafe extern "C" fn $name(
[1m[94m1634[0m [1m[94m|[0m [1m[33m|[0m             lib_raw: u64,
[1m[94m1635[0m [1m[94m|[0m [1m[33m|[0m             sym_raw: u64,
[1m[94m1636[0m [1m[94m|[0m [1m[33m|[0m             sig: u64 $(, $arg: u64)*,
[1m[94m1637[0m [1m[94m|[0m [1m[33m|[0m         ) -> u64 {
     [1m[94m|[0m [1m[33m|________________^[0m
[1m[94m...[0m
[1m[94m1644[0m [1m[94m|[0m   define_aot_ffi_call!(nulang_aot_ffi_call_0,);
     [1m[94m|[0m   [1m[94m--------------------------------------------[0m [1m[94min this macro invocation[0m
     [1m[94m|[0m
     [1m[94m= [0m[1mhelp[0m: for further information visit https://rust-lang.github.io/rust-clippy/rust-1.95.0/index.html#missing_safety_doc
     [1m[94m= [0m[1mnote[0m: this warning originates in the macro `define_aot_ffi_call` (in Nightly builds, run with -Z macro-backtrace for more info)

[1m[33mwarning[0m[1m: unsafe function's docs are missing a `# Safety` section[0m
    [1m[94m--> [0msrc/jit/runtime.rs:1633:9
     [1m[94m|[0m
[1m[94m1633[0m [1m[94m|[0m [1m[33m/[0m         pub unsafe extern "C" fn $name(
[1m[94m1634[0m [1m[94m|[0m [1m[33m|[0m             lib_raw: u64,
[1m[94m1635[0m [1m[94m|[0m [1m[33m|[0m             sym_raw: u64,
[1m[94m1636[0m [1m[94m|[0m [1m[33m|[0m             sig: u64 $(, $arg: u64)*,
[1m[94m1637[0m [1m[94m|[0m [1m[33m|[0m         ) -> u64 {
     [1m[94m|[0m [1m[33m|________________^[0m
[1m[94m...[0m
[1m[94m1645[0m [1m[94m|[0m   define_aot_ffi_call!(nulang_aot_ffi_call_1, a0);
     [1m[94m|[0m   [1m[94m-----------------------------------------------[0m [1m[94min this macro invocation[0m
     [1m[94m|[0m
     [1m[94m= [0m[1mhelp[0m: for further information visit https://rust-lang.github.io/rust-clippy/rust-1.95.0/index.html#missing_safety_doc
     [1m[94m= [0m[1mnote[0m: this warning originates in the macro `define_aot_ffi_call` (in Nightly builds, run with -Z macro-backtrace for more info)

[1m[33mwarning[0m[1m: unsafe function's docs are missing a `# Safety` section[0m
    [1m[94m--> [0msrc/jit/runtime.rs:1633:9
     [1m[94m|[0m
[1m[94m1633[0m [1m[94m|[0m [1m[33m/[0m         pub unsafe extern "C" fn $name(
[1m[94m1634[0m [1m[94m|[0m [1m[33m|[0m             lib_raw: u64,
[1m[94m1635[0m [1m[94m|[0m [1m[33m|[0m             sym_raw: u64,
[1m[94m1636[0m [1m[94m|[0m [1m[33m|[0m             sig: u64 $(, $arg: u64)*,
[1m[94m1637[0m [1m[94m|[0m [1m[33m|[0m         ) -> u64 {
     [1m[94m|[0m [1m[33m|________________^[0m
[1m[94m...[0m
[1m[94m1646[0m [1m[94m|[0m   define_aot_ffi_call!(nulang_aot_ffi_call_2, a0, a1);
     [1m[94m|[0m   [1m[94m---------------------------------------------------[0m [1m[94min this macro invocation[0m
     [1m[94m|[0m
     [1m[94m= [0m[1mhelp[0m: for further information visit https://rust-lang.github.io/rust-clippy/rust-1.95.0/index.html#missing_safety_doc
     [1m[94m= [0m[1mnote[0m: this warning originates in the macro `define_aot_ffi_call` (in Nightly builds, run with -Z macro-backtrace for more info)

[1m[33mwarning[0m[1m: unsafe function's docs are missing a `# Safety` section[0m
    [1m[94m--> [0msrc/jit/runtime.rs:1633:9
     [1m[94m|[0m
[1m[94m1633[0m [1m[94m|[0m [1m[33m/[0m         pub unsafe extern "C" fn $name(
[1m[94m1634[0m [1m[94m|[0m [1m[33m|[0m             lib_raw: u64,
[1m[94m1635[0m [1m[94m|[0m [1m[33m|[0m             sym_raw: u64,
[1m[94m1636[0m [1m[94m|[0m [1m[33m|[0m             sig: u64 $(, $arg: u64)*,
[1m[94m1637[0m [1m[94m|[0m [1m[33m|[0m         ) -> u64 {
     [1m[94m|[0m [1m[33m|________________^[0m
[1m[94m...[0m
[1m[94m1647[0m [1m[94m|[0m   define_aot_ffi_call!(nulang_aot_ffi_call_3, a0, a1, a2);
     [1m[94m|[0m   [1m[94m-------------------------------------------------------[0m [1m[94min this macro invocation[0m
     [1m[94m|[0m
     [1m[94m= [0m[1mhelp[0m: for further information visit https://rust-lang.github.io/rust-clippy/rust-1.95.0/index.html#missing_safety_doc
     [1m[94m= [0m[1mnote[0m: this warning originates in the macro `define_aot_ffi_call` (in Nightly builds, run with -Z macro-backtrace for more info)

[1m[33mwarning[0m[1m: unsafe function's docs are missing a `# Safety` section[0m
    [1m[94m--> [0msrc/jit/runtime.rs:1633:9
     [1m[94m|[0m
[1m[94m1633[0m [1m[94m|[0m [1m[33m/[0m         pub unsafe extern "C" fn $name(
[1m[94m1634[0m [1m[94m|[0m [1m[33m|[0m             lib_raw: u64,
[1m[94m1635[0m [1m[94m|[0m [1m[33m|[0m             sym_raw: u64,
[1m[94m1636[0m [1m[94m|[0m [1m[33m|[0m             sig: u64 $(, $arg: u64)*,
[1m[94m1637[0m [1m[94m|[0m [1m[33m|[0m         ) -> u64 {
     [1m[94m|[0m [1m[33m|________________^[0m
[1m[94m...[0m
[1m[94m1648[0m [1m[94m|[0m   define_aot_ffi_call!(nulang_aot_ffi_call_4, a0, a1, a2, a3);
     [1m[94m|[0m   [1m[94m-----------------------------------------------------------[0m [1m[94min this macro invocation[0m
     [1m[94m|[0m
     [1m[94m= [0m[1mhelp[0m: for further information visit https://rust-lang.github.io/rust-clippy/rust-1.95.0/index.html#missing_safety_doc
     [1m[94m= [0m[1mnote[0m: this warning originates in the macro `define_aot_ffi_call` (in Nightly builds, run with -Z macro-backtrace for more info)

[1m[33mwarning[0m[1m: unsafe function's docs are missing a `# Safety` section[0m
    [1m[94m--> [0msrc/jit/runtime.rs:1667:9
     [1m[94m|[0m
[1m[94m1667[0m [1m[94m|[0m         pub unsafe extern "C" fn $name(fn_idx: u64 $(, $cap: u64)*) -> u64 {
     [1m[94m|[0m         [1m[33m^^^^^^^^^^^^^^^^^^^^^^^^^^^^^^^^^^^^^^^^^^^^^^^^^^^^^^^^^^^^^^^^^^[0m
[1m[94m...[0m
[1m[94m1684[0m [1m[94m|[0m define_aot_make_closure!(nulang_aot_make_closure_0,);
     [1m[94m|[0m [1m[94m----------------------------------------------------[0m [1m[94min this macro invocation[0m
     [1m[94m|[0m
     [1m[94m= [0m[1mhelp[0m: for further information visit https://rust-lang.github.io/rust-clippy/rust-1.95.0/index.html#missing_safety_doc
     [1m[94m= [0m[1mnote[0m: this warning originates in the macro `define_aot_make_closure` (in Nightly builds, run with -Z macro-backtrace for more info)

[1m[33mwarning[0m[1m: unsafe function's docs are missing a `# Safety` section[0m
    [1m[94m--> [0msrc/jit/runtime.rs:1667:9
     [1m[94m|[0m
[1m[94m1667[0m [1m[94m|[0m         pub unsafe extern "C" fn $name(fn_idx: u64 $(, $cap: u64)*) -> u64 {
     [1m[94m|[0m         [1m[33m^^^^^^^^^^^^^^^^^^^^^^^^^^^^^^^^^^^^^^^^^^^^^^^^^^^^^^^^^^^^^^^^^^[0m
[1m[94m...[0m
[1m[94m1685[0m [1m[94m|[0m define_aot_make_closure!(nulang_aot_make_closure_1, a0);
     [1m[94m|[0m [1m[94m-------------------------------------------------------[0m [1m[94min this macro invocation[0m
     [1m[94m|[0m
     [1m[94m= [0m[1mhelp[0m: for further information visit https://rust-lang.github.io/rust-clippy/rust-1.95.0/index.html#missing_safety_doc
     [1m[94m= [0m[1mnote[0m: this warning originates in the macro `define_aot_make_closure` (in Nightly builds, run with -Z macro-backtrace for more info)

[1m[33mwarning[0m[1m: unsafe function's docs are missing a `# Safety` section[0m
    [1m[94m--> [0msrc/jit/runtime.rs:1667:9
     [1m[94m|[0m
[1m[94m1667[0m [1m[94m|[0m         pub unsafe extern "C" fn $name(fn_idx: u64 $(, $cap: u64)*) -> u64 {
     [1m[94m|[0m         [1m[33m^^^^^^^^^^^^^^^^^^^^^^^^^^^^^^^^^^^^^^^^^^^^^^^^^^^^^^^^^^^^^^^^^^[0m
[1m[94m...[0m
[1m[94m1686[0m [1m[94m|[0m define_aot_make_closure!(nulang_aot_make_closure_2, a0, a1);
     [1m[94m|[0m [1m[94m-----------------------------------------------------------[0m [1m[94min this macro invocation[0m
     [1m[94m|[0m
     [1m[94m= [0m[1mhelp[0m: for further information visit https://rust-lang.github.io/rust-clippy/rust-1.95.0/index.html#missing_safety_doc
     [1m[94m= [0m[1mnote[0m: this warning originates in the macro `define_aot_make_closure` (in Nightly builds, run with -Z macro-backtrace for more info)

[1m[33mwarning[0m[1m: unsafe function's docs are missing a `# Safety` section[0m
    [1m[94m--> [0msrc/jit/runtime.rs:1667:9
     [1m[94m|[0m
[1m[94m1667[0m [1m[94m|[0m         pub unsafe extern "C" fn $name(fn_idx: u64 $(, $cap: u64)*) -> u64 {
     [1m[94m|[0m         [1m[33m^^^^^^^^^^^^^^^^^^^^^^^^^^^^^^^^^^^^^^^^^^^^^^^^^^^^^^^^^^^^^^^^^^[0m
[1m[94m...[0m
[1m[94m1687[0m [1m[94m|[0m define_aot_make_closure!(nulang_aot_make_closure_3, a0, a1, a2);
     [1m[94m|[0m [1m[94m---------------------------------------------------------------[0m [1m[94min this macro invocation[0m
     [1m[94m|[0m
     [1m[94m= [0m[1mhelp[0m: for further information visit https://rust-lang.github.io/rust-clippy/rust-1.95.0/index.html#missing_safety_doc
     [1m[94m= [0m[1mnote[0m: this warning originates in the macro `define_aot_make_closure` (in Nightly builds, run with -Z macro-backtrace for more info)

[1m[33mwarning[0m[1m: unsafe function's docs are missing a `# Safety` section[0m
    [1m[94m--> [0msrc/jit/runtime.rs:1667:9
     [1m[94m|[0m
[1m[94m1667[0m [1m[94m|[0m         pub unsafe extern "C" fn $name(fn_idx: u64 $(, $cap: u64)*) -> u64 {
     [1m[94m|[0m         [1m[33m^^^^^^^^^^^^^^^^^^^^^^^^^^^^^^^^^^^^^^^^^^^^^^^^^^^^^^^^^^^^^^^^^^[0m
[1m[94m...[0m
[1m[94m1688[0m [1m[94m|[0m define_aot_make_closure!(nulang_aot_make_closure_4, a0, a1, a2, a3);
     [1m[94m|[0m [1m[94m-------------------------------------------------------------------[0m [1m[94min this macro invocation[0m
     [1m[94m|[0m
     [1m[94m= [0m[1mhelp[0m: for further information visit https://rust-lang.github.io/rust-clippy/rust-1.95.0/index.html#missing_safety_doc
     [1m[94m= [0m[1mnote[0m: this warning originates in the macro `define_aot_make_closure` (in Nightly builds, run with -Z macro-backtrace for more info)

[1m[33mwarning[0m[1m: unsafe function's docs are missing a `# Safety` section[0m
    [1m[94m--> [0msrc/jit/runtime.rs:1667:9
     [1m[94m|[0m
[1m[94m1667[0m [1m[94m|[0m         pub unsafe extern "C" fn $name(fn_idx: u64 $(, $cap: u64)*) -> u64 {
     [1m[94m|[0m         [1m[33m^^^^^^^^^^^^^^^^^^^^^^^^^^^^^^^^^^^^^^^^^^^^^^^^^^^^^^^^^^^^^^^^^^[0m
[1m[94m...[0m
[1m[94m1689[0m [1m[94m|[0m define_aot_make_closure!(nulang_aot_make_closure_5, a0, a1, a2, a3, a4);
     [1m[94m|[0m [1m[94m-----------------------------------------------------------------------[0m [1m[94min this macro invocation[0m
     [1m[94m|[0m
     [1m[94m= [0m[1mhelp[0m: for further information visit https://rust-lang.github.io/rust-clippy/rust-1.95.0/index.html#missing_safety_doc
     [1m[94m= [0m[1mnote[0m: this warning originates in the macro `define_aot_make_closure` (in Nightly builds, run with -Z macro-backtrace for more info)

[1m[33mwarning[0m[1m: unsafe function's docs are missing a `# Safety` section[0m
    [1m[94m--> [0msrc/jit/runtime.rs:1667:9
     [1m[94m|[0m
[1m[94m1667[0m [1m[94m|[0m         pub unsafe extern "C" fn $name(fn_idx: u64 $(, $cap: u64)*) -> u64 {
     [1m[94m|[0m         [1m[33m^^^^^^^^^^^^^^^^^^^^^^^^^^^^^^^^^^^^^^^^^^^^^^^^^^^^^^^^^^^^^^^^^^[0m
[1m[94m...[0m
[1m[94m1690[0m [1m[94m|[0m define_aot_make_closure!(nulang_aot_make_closure_6, a0, a1, a2, a3, a4, a5);
     [1m[94m|[0m [1m[94m---------------------------------------------------------------------------[0m [1m[94min this macro invocation[0m
     [1m[94m|[0m
     [1m[94m= [0m[1mhelp[0m: for further information visit https://rust-lang.github.io/rust-clippy/rust-1.95.0/index.html#missing_safety_doc
     [1m[94m= [0m[1mnote[0m: this warning originates in the macro `define_aot_make_closure` (in Nightly builds, run with -Z macro-backtrace for more info)

[1m[33mwarning[0m[1m: unsafe function's docs are missing a `# Safety` section[0m
    [1m[94m--> [0msrc/jit/runtime.rs:1667:9
     [1m[94m|[0m
[1m[94m1667[0m [1m[94m|[0m         pub unsafe extern "C" fn $name(fn_idx: u64 $(, $cap: u64)*) -> u64 {
     [1m[94m|[0m         [1m[33m^^^^^^^^^^^^^^^^^^^^^^^^^^^^^^^^^^^^^^^^^^^^^^^^^^^^^^^^^^^^^^^^^^[0m
[1m[94m...[0m
[1m[94m1691[0m [1m[94m|[0m define_aot_make_closure!(nulang_aot_make_closure_7, a0, a1, a2, a3, a4, a5, a6);
     [1m[94m|[0m [1m[94m-------------------------------------------------------------------------------[0m [1m[94min this macro invocation[0m
     [1m[94m|[0m
     [1m[94m= [0m[1mhelp[0m: for further information visit https://rust-lang.github.io/rust-clippy/rust-1.95.0/index.html#missing_safety_doc
     [1m[94m= [0m[1mnote[0m: this warning originates in the macro `define_aot_make_closure` (in Nightly builds, run with -Z macro-backtrace for more info)

[1m[33mwarning[0m[1m: unsafe function's docs are missing a `# Safety` section[0m
    [1m[94m--> [0msrc/jit/runtime.rs:1667:9
     [1m[94m|[0m
[1m[94m1667[0m [1m[94m|[0m         pub unsafe extern "C" fn $name(fn_idx: u64 $(, $cap: u64)*) -> u64 {
     [1m[94m|[0m         [1m[33m^^^^^^^^^^^^^^^^^^^^^^^^^^^^^^^^^^^^^^^^^^^^^^^^^^^^^^^^^^^^^^^^^^[0m
[1m[94m...[0m
[1m[94m1692[0m [1m[94m|[0m define_aot_make_closure!(nulang_aot_make_closure_8, a0, a1, a2, a3, a4, a5, a6, a7);
     [1m[94m|[0m [1m[94m-----------------------------------------------------------------------------------[0m [1m[94min this macro invocation[0m
     [1m[94m|[0m
     [1m[94m= [0m[1mhelp[0m: for further information visit https://rust-lang.github.io/rust-clippy/rust-1.95.0/index.html#missing_safety_doc
     [1m[94m= [0m[1mnote[0m: this warning originates in the macro `define_aot_make_closure` (in Nightly builds, run with -Z macro-backtrace for more info)

[1m[33mwarning[0m[1m: unsafe function's docs are missing a `# Safety` section[0m
    [1m[94m--> [0msrc/jit/runtime.rs:1805:9
     [1m[94m|[0m
[1m[94m1805[0m [1m[94m|[0m         pub unsafe extern "C" fn $name(closure_raw: u64 $(, $arg: u64)*) -> u64 {
     [1m[94m|[0m         [1m[33m^^^^^^^^^^^^^^^^^^^^^^^^^^^^^^^^^^^^^^^^^^^^^^^^^^^^^^^^^^^^^^^^^^^^^^^[0m
[1m[94m...[0m
[1m[94m1840[0m [1m[94m|[0m define_aot_call_closure!(nulang_aot_call_closure_0,);
     [1m[94m|[0m [1m[94m----------------------------------------------------[0m [1m[94min this macro invocation[0m
     [1m[94m|[0m
     [1m[94m= [0m[1mhelp[0m: for further information visit https://rust-lang.github.io/rust-clippy/rust-1.95.0/index.html#missing_safety_doc
     [1m[94m= [0m[1mnote[0m: this warning originates in the macro `define_aot_call_closure` (in Nightly builds, run with -Z macro-backtrace for more info)

[1m[33mwarning[0m[1m: unsafe function's docs are missing a `# Safety` section[0m
    [1m[94m--> [0msrc/jit/runtime.rs:1805:9
     [1m[94m|[0m
[1m[94m1805[0m [1m[94m|[0m         pub unsafe extern "C" fn $name(closure_raw: u64 $(, $arg: u64)*) -> u64 {
     [1m[94m|[0m         [1m[33m^^^^^^^^^^^^^^^^^^^^^^^^^^^^^^^^^^^^^^^^^^^^^^^^^^^^^^^^^^^^^^^^^^^^^^^[0m
[1m[94m...[0m
[1m[94m1841[0m [1m[94m|[0m define_aot_call_closure!(nulang_aot_call_closure_1, a0);
     [1m[94m|[0m [1m[94m-------------------------------------------------------[0m [1m[94min this macro invocation[0m
     [1m[94m|[0m
     [1m[94m= [0m[1mhelp[0m: for further information visit https://rust-lang.github.io/rust-clippy/rust-1.95.0/index.html#missing_safety_doc
     [1m[94m= [0m[1mnote[0m: this warning originates in the macro `define_aot_call_closure` (in Nightly builds, run with -Z macro-backtrace for more info)

[1m[33mwarning[0m[1m: unsafe function's docs are missing a `# Safety` section[0m
    [1m[94m--> [0msrc/jit/runtime.rs:1805:9
     [1m[94m|[0m
[1m[94m1805[0m [1m[94m|[0m         pub unsafe extern "C" fn $name(closure_raw: u64 $(, $arg: u64)*) -> u64 {
     [1m[94m|[0m         [1m[33m^^^^^^^^^^^^^^^^^^^^^^^^^^^^^^^^^^^^^^^^^^^^^^^^^^^^^^^^^^^^^^^^^^^^^^^[0m
[1m[94m...[0m
[1m[94m1842[0m [1m[94m|[0m define_aot_call_closure!(nulang_aot_call_closure_2, a0, a1);
     [1m[94m|[0m [1m[94m-----------------------------------------------------------[0m [1m[94min this macro invocation[0m
     [1m[94m|[0m
     [1m[94m= [0m[1mhelp[0m: for further information visit https://rust-lang.github.io/rust-clippy/rust-1.95.0/index.html#missing_safety_doc
     [1m[94m= [0m[1mnote[0m: this warning originates in the macro `define_aot_call_closure` (in Nightly builds, run with -Z macro-backtrace for more info)

[1m[33mwarning[0m[1m: unsafe function's docs are missing a `# Safety` section[0m
    [1m[94m--> [0msrc/jit/runtime.rs:1805:9
     [1m[94m|[0m
[1m[94m1805[0m [1m[94m|[0m         pub unsafe extern "C" fn $name(closure_raw: u64 $(, $arg: u64)*) -> u64 {
     [1m[94m|[0m         [1m[33m^^^^^^^^^^^^^^^^^^^^^^^^^^^^^^^^^^^^^^^^^^^^^^^^^^^^^^^^^^^^^^^^^^^^^^^[0m
[1m[94m...[0m
[1m[94m1843[0m [1m[94m|[0m define_aot_call_closure!(nulang_aot_call_closure_3, a0, a1, a2);
     [1m[94m|[0m [1m[94m---------------------------------------------------------------[0m [1m[94min this macro invocation[0m
     [1m[94m|[0m
     [1m[94m= [0m[1mhelp[0m: for further information visit https://rust-lang.github.io/rust-clippy/rust-1.95.0/index.html#missing_safety_doc
     [1m[94m= [0m[1mnote[0m: this warning originates in the macro `define_aot_call_closure` (in Nightly builds, run with -Z macro-backtrace for more info)

[1m[33mwarning[0m[1m: unsafe function's docs are missing a `# Safety` section[0m
    [1m[94m--> [0msrc/jit/runtime.rs:1805:9
     [1m[94m|[0m
[1m[94m1805[0m [1m[94m|[0m         pub unsafe extern "C" fn $name(closure_raw: u64 $(, $arg: u64)*) -> u64 {
     [1m[94m|[0m         [1m[33m^^^^^^^^^^^^^^^^^^^^^^^^^^^^^^^^^^^^^^^^^^^^^^^^^^^^^^^^^^^^^^^^^^^^^^^[0m
[1m[94m...[0m
[1m[94m1844[0m [1m[94m|[0m define_aot_call_closure!(nulang_aot_call_closure_4, a0, a1, a2, a3);
     [1m[94m|[0m [1m[94m-------------------------------------------------------------------[0m [1m[94min this macro invocation[0m
     [1m[94m|[0m
     [1m[94m= [0m[1mhelp[0m: for further information visit https://rust-lang.github.io/rust-clippy/rust-1.95.0/index.html#missing_safety_doc
     [1m[94m= [0m[1mnote[0m: this warning originates in the macro `define_aot_call_closure` (in Nightly builds, run with -Z macro-backtrace for more info)

[1m[33mwarning[0m[1m: unsafe function's docs are missing a `# Safety` section[0m
    [1m[94m--> [0msrc/jit/runtime.rs:1805:9
     [1m[94m|[0m
[1m[94m1805[0m [1m[94m|[0m         pub unsafe extern "C" fn $name(closure_raw: u64 $(, $arg: u64)*) -> u64 {
     [1m[94m|[0m         [1m[33m^^^^^^^^^^^^^^^^^^^^^^^^^^^^^^^^^^^^^^^^^^^^^^^^^^^^^^^^^^^^^^^^^^^^^^^[0m
[1m[94m...[0m
[1m[94m1845[0m [1m[94m|[0m define_aot_call_closure!(nulang_aot_call_closure_5, a0, a1, a2, a3, a4);
     [1m[94m|[0m [1m[94m-----------------------------------------------------------------------[0m [1m[94min this macro invocation[0m
     [1m[94m|[0m
     [1m[94m= [0m[1mhelp[0m: for further information visit https://rust-lang.github.io/rust-clippy/rust-1.95.0/index.html#missing_safety_doc
     [1m[94m= [0m[1mnote[0m: this warning originates in the macro `define_aot_call_closure` (in Nightly builds, run with -Z macro-backtrace for more info)

[1m[33mwarning[0m[1m: unsafe function's docs are missing a `# Safety` section[0m
    [1m[94m--> [0msrc/jit/runtime.rs:1805:9
     [1m[94m|[0m
[1m[94m1805[0m [1m[94m|[0m         pub unsafe extern "C" fn $name(closure_raw: u64 $(, $arg: u64)*) -> u64 {
     [1m[94m|[0m         [1m[33m^^^^^^^^^^^^^^^^^^^^^^^^^^^^^^^^^^^^^^^^^^^^^^^^^^^^^^^^^^^^^^^^^^^^^^^[0m
[1m[94m...[0m
[1m[94m1846[0m [1m[94m|[0m define_aot_call_closure!(nulang_aot_call_closure_6, a0, a1, a2, a3, a4, a5);
     [1m[94m|[0m [1m[94m---------------------------------------------------------------------------[0m [1m[94min this macro invocation[0m
     [1m[94m|[0m
     [1m[94m= [0m[1mhelp[0m: for further information visit https://rust-lang.github.io/rust-clippy/rust-1.95.0/index.html#missing_safety_doc
     [1m[94m= [0m[1mnote[0m: this warning originates in the macro `define_aot_call_closure` (in Nightly builds, run with -Z macro-backtrace for more info)

[1m[33mwarning[0m[1m: unsafe function's docs are missing a `# Safety` section[0m
    [1m[94m--> [0msrc/jit/runtime.rs:1805:9
     [1m[94m|[0m
[1m[94m1805[0m [1m[94m|[0m         pub unsafe extern "C" fn $name(closure_raw: u64 $(, $arg: u64)*) -> u64 {
     [1m[94m|[0m         [1m[33m^^^^^^^^^^^^^^^^^^^^^^^^^^^^^^^^^^^^^^^^^^^^^^^^^^^^^^^^^^^^^^^^^^^^^^^[0m
[1m[94m...[0m
[1m[94m1847[0m [1m[94m|[0m define_aot_call_closure!(nulang_aot_call_closure_7, a0, a1, a2, a3, a4, a5, a6);
     [1m[94m|[0m [1m[94m-------------------------------------------------------------------------------[0m [1m[94min this macro invocation[0m
     [1m[94m|[0m
     [1m[94m= [0m[1mhelp[0m: for further information visit https://rust-lang.github.io/rust-clippy/rust-1.95.0/index.html#missing_safety_doc
     [1m[94m= [0m[1mnote[0m: this warning originates in the macro `define_aot_call_closure` (in Nightly builds, run with -Z macro-backtrace for more info)

[1m[33mwarning[0m[1m: unsafe function's docs are missing a `# Safety` section[0m
    [1m[94m--> [0msrc/jit/runtime.rs:1805:9
     [1m[94m|[0m
[1m[94m1805[0m [1m[94m|[0m         pub unsafe extern "C" fn $name(closure_raw: u64 $(, $arg: u64)*) -> u64 {
     [1m[94m|[0m         [1m[33m^^^^^^^^^^^^^^^^^^^^^^^^^^^^^^^^^^^^^^^^^^^^^^^^^^^^^^^^^^^^^^^^^^^^^^^[0m
[1m[94m...[0m
[1m[94m1848[0m [1m[94m|[0m define_aot_call_closure!(nulang_aot_call_closure_8, a0, a1, a2, a3, a4, a5, a6, a7);
     [1m[94m|[0m [1m[94m-----------------------------------------------------------------------------------[0m [1m[94min this macro invocation[0m
     [1m[94m|[0m
     [1m[94m= [0m[1mhelp[0m: for further information visit https://rust-lang.github.io/rust-clippy/rust-1.95.0/index.html#missing_safety_doc
     [1m[94m= [0m[1mnote[0m: this warning originates in the macro `define_aot_call_closure` (in Nightly builds, run with -Z macro-backtrace for more info)

[1m[33mwarning[0m[1m: unsafe function's docs are missing a `# Safety` section[0m
    [1m[94m--> [0msrc/jit/runtime.rs:1867:9
     [1m[94m|[0m
[1m[94m1867[0m [1m[94m|[0m         pub unsafe extern "C" fn $name(effect_raw: u64 $(, $arg: u64)*) -> u64 {
     [1m[94m|[0m         [1m[33m^^^^^^^^^^^^^^^^^^^^^^^^^^^^^^^^^^^^^^^^^^^^^^^^^^^^^^^^^^^^^^^^^^^^^^[0m
[1m[94m...[0m
[1m[94m1892[0m [1m[94m|[0m define_aot_perform_async!(nulang_aot_perform_async_0,);
     [1m[94m|[0m [1m[94m------------------------------------------------------[0m [1m[94min this macro invocation[0m
     [1m[94m|[0m
     [1m[94m= [0m[1mhelp[0m: for further information visit https://rust-lang.github.io/rust-clippy/rust-1.95.0/index.html#missing_safety_doc
     [1m[94m= [0m[1mnote[0m: this warning originates in the macro `define_aot_perform_async` (in Nightly builds, run with -Z macro-backtrace for more info)

[1m[33mwarning[0m[1m: unsafe function's docs are missing a `# Safety` section[0m
    [1m[94m--> [0msrc/jit/runtime.rs:1867:9
     [1m[94m|[0m
[1m[94m1867[0m [1m[94m|[0m         pub unsafe extern "C" fn $name(effect_raw: u64 $(, $arg: u64)*) -> u64 {
     [1m[94m|[0m         [1m[33m^^^^^^^^^^^^^^^^^^^^^^^^^^^^^^^^^^^^^^^^^^^^^^^^^^^^^^^^^^^^^^^^^^^^^^[0m
[1m[94m...[0m
[1m[94m1893[0m [1m[94m|[0m define_aot_perform_async!(nulang_aot_perform_async_1, a0);
     [1m[94m|[0m [1m[94m---------------------------------------------------------[0m [1m[94min this macro invocation[0m
     [1m[94m|[0m
     [1m[94m= [0m[1mhelp[0m: for further information visit https://rust-lang.github.io/rust-clippy/rust-1.95.0/index.html#missing_safety_doc
     [1m[94m= [0m[1mnote[0m: this warning originates in the macro `define_aot_perform_async` (in Nightly builds, run with -Z macro-backtrace for more info)

[1m[33mwarning[0m[1m: unsafe function's docs are missing a `# Safety` section[0m
    [1m[94m--> [0msrc/jit/runtime.rs:1867:9
     [1m[94m|[0m
[1m[94m1867[0m [1m[94m|[0m         pub unsafe extern "C" fn $name(effect_raw: u64 $(, $arg: u64)*) -> u64 {
     [1m[94m|[0m         [1m[33m^^^^^^^^^^^^^^^^^^^^^^^^^^^^^^^^^^^^^^^^^^^^^^^^^^^^^^^^^^^^^^^^^^^^^^[0m
[1m[94m...[0m
[1m[94m1894[0m [1m[94m|[0m define_aot_perform_async!(nulang_aot_perform_async_2, a0, a1);
     [1m[94m|[0m [1m[94m-------------------------------------------------------------[0m [1m[94min this macro invocation[0m
     [1m[94m|[0m
     [1m[94m= [0m[1mhelp[0m: for further information visit https://rust-lang.github.io/rust-clippy/rust-1.95.0/index.html#missing_safety_doc
     [1m[94m= [0m[1mnote[0m: this warning originates in the macro `define_aot_perform_async` (in Nightly builds, run with -Z macro-backtrace for more info)

[1m[33mwarning[0m[1m: unsafe function's docs are missing a `# Safety` section[0m
    [1m[94m--> [0msrc/jit/runtime.rs:1867:9
     [1m[94m|[0m
[1m[94m1867[0m [1m[94m|[0m         pub unsafe extern "C" fn $name(effect_raw: u64 $(, $arg: u64)*) -> u64 {
     [1m[94m|[0m         [1m[33m^^^^^^^^^^^^^^^^^^^^^^^^^^^^^^^^^^^^^^^^^^^^^^^^^^^^^^^^^^^^^^^^^^^^^^[0m
[1m[94m...[0m
[1m[94m1895[0m [1m[94m|[0m define_aot_perform_async!(nulang_aot_perform_async_3, a0, a1, a2);
     [1m[94m|[0m [1m[94m-----------------------------------------------------------------[0m [1m[94min this macro invocation[0m
     [1m[94m|[0m
     [1m[94m= [0m[1mhelp[0m: for further information visit https://rust-lang.github.io/rust-clippy/rust-1.95.0/index.html#missing_safety_doc
     [1m[94m= [0m[1mnote[0m: this warning originates in the macro `define_aot_perform_async` (in Nightly builds, run with -Z macro-backtrace for more info)

[1m[33mwarning[0m[1m: unsafe function's docs are missing a `# Safety` section[0m
    [1m[94m--> [0msrc/jit/runtime.rs:1867:9
     [1m[94m|[0m
[1m[94m1867[0m [1m[94m|[0m         pub unsafe extern "C" fn $name(effect_raw: u64 $(, $arg: u64)*) -> u64 {
     [1m[94m|[0m         [1m[33m^^^^^^^^^^^^^^^^^^^^^^^^^^^^^^^^^^^^^^^^^^^^^^^^^^^^^^^^^^^^^^^^^^^^^^[0m
[1m[94m...[0m
[1m[94m1896[0m [1m[94m|[0m define_aot_perform_async!(nulang_aot_perform_async_4, a0, a1, a2, a3);
     [1m[94m|[0m [1m[94m---------------------------------------------------------------------[0m [1m[94min this macro invocation[0m
     [1m[94m|[0m
     [1m[94m= [0m[1mhelp[0m: for further information visit https://rust-lang.github.io/rust-clippy/rust-1.95.0/index.html#missing_safety_doc
     [1m[94m= [0m[1mnote[0m: this warning originates in the macro `define_aot_perform_async` (in Nightly builds, run with -Z macro-backtrace for more info)

[1m[33mwarning[0m[1m: unsafe function's docs are missing a `# Safety` section[0m
    [1m[94m--> [0msrc/jit/runtime.rs:1867:9
     [1m[94m|[0m
[1m[94m1867[0m [1m[94m|[0m         pub unsafe extern "C" fn $name(effect_raw: u64 $(, $arg: u64)*) -> u64 {
     [1m[94m|[0m         [1m[33m^^^^^^^^^^^^^^^^^^^^^^^^^^^^^^^^^^^^^^^^^^^^^^^^^^^^^^^^^^^^^^^^^^^^^^[0m
[1m[94m...[0m
[1m[94m1897[0m [1m[94m|[0m define_aot_perform_async!(nulang_aot_perform_async_5, a0, a1, a2, a3, a4);
     [1m[94m|[0m [1m[94m-------------------------------------------------------------------------[0m [1m[94min this macro invocation[0m
     [1m[94m|[0m
     [1m[94m= [0m[1mhelp[0m: for further information visit https://rust-lang.github.io/rust-clippy/rust-1.95.0/index.html#missing_safety_doc
     [1m[94m= [0m[1mnote[0m: this warning originates in the macro `define_aot_perform_async` (in Nightly builds, run with -Z macro-backtrace for more info)

[1m[33mwarning[0m[1m: unsafe function's docs are missing a `# Safety` section[0m
    [1m[94m--> [0msrc/jit/runtime.rs:1867:9
     [1m[94m|[0m
[1m[94m1867[0m [1m[94m|[0m         pub unsafe extern "C" fn $name(effect_raw: u64 $(, $arg: u64)*) -> u64 {
     [1m[94m|[0m         [1m[33m^^^^^^^^^^^^^^^^^^^^^^^^^^^^^^^^^^^^^^^^^^^^^^^^^^^^^^^^^^^^^^^^^^^^^^[0m
[1m[94m...[0m
[1m[94m1898[0m [1m[94m|[0m define_aot_perform_async!(nulang_aot_perform_async_6, a0, a1, a2, a3, a4, a5);
     [1m[94m|[0m [1m[94m-----------------------------------------------------------------------------[0m [1m[94min this macro invocation[0m
     [1m[94m|[0m
     [1m[94m= [0m[1mhelp[0m: for further information visit https://rust-lang.github.io/rust-clippy/rust-1.95.0/index.html#missing_safety_doc
     [1m[94m= [0m[1mnote[0m: this warning originates in the macro `define_aot_perform_async` (in Nightly builds, run with -Z macro-backtrace for more info)

[1m[33mwarning[0m[1m: unsafe function's docs are missing a `# Safety` section[0m
    [1m[94m--> [0msrc/jit/runtime.rs:1867:9
     [1m[94m|[0m
[1m[94m1867[0m [1m[94m|[0m         pub unsafe extern "C" fn $name(effect_raw: u64 $(, $arg: u64)*) -> u64 {
     [1m[94m|[0m         [1m[33m^^^^^^^^^^^^^^^^^^^^^^^^^^^^^^^^^^^^^^^^^^^^^^^^^^^^^^^^^^^^^^^^^^^^^^[0m
[1m[94m...[0m
[1m[94m1899[0m [1m[94m|[0m define_aot_perform_async!(nulang_aot_perform_async_7, a0, a1, a2, a3, a4, a5, a6);
     [1m[94m|[0m [1m[94m---------------------------------------------------------------------------------[0m [1m[94min this macro invocation[0m
     [1m[94m|[0m
     [1m[94m= [0m[1mhelp[0m: for further information visit https://rust-lang.github.io/rust-clippy/rust-1.95.0/index.html#missing_safety_doc
     [1m[94m= [0m[1mnote[0m: this warning originates in the macro `define_aot_perform_async` (in Nightly builds, run with -Z macro-backtrace for more info)

[1m[33mwarning[0m[1m: unsafe function's docs are missing a `# Safety` section[0m
    [1m[94m--> [0msrc/jit/runtime.rs:1867:9
     [1m[94m|[0m
[1m[94m1867[0m [1m[94m|[0m         pub unsafe extern "C" fn $name(effect_raw: u64 $(, $arg: u64)*) -> u64 {
     [1m[94m|[0m         [1m[33m^^^^^^^^^^^^^^^^^^^^^^^^^^^^^^^^^^^^^^^^^^^^^^^^^^^^^^^^^^^^^^^^^^^^^^[0m
[1m[94m...[0m
[1m[94m1900[0m [1m[94m|[0m define_aot_perform_async!(nulang_aot_perform_async_8, a0, a1, a2, a3, a4, a5, a6, a7);
     [1m[94m|[0m [1m[94m-------------------------------------------------------------------------------------[0m [1m[94min this macro invocation[0m
     [1m[94m|[0m
     [1m[94m= [0m[1mhelp[0m: for further information visit https://rust-lang.github.io/rust-clippy/rust-1.95.0/index.html#missing_safety_doc
     [1m[94m= [0m[1mnote[0m: this warning originates in the macro `define_aot_perform_async` (in Nightly builds, run with -Z macro-backtrace for more info)

[1m[33mwarning[0m[1m: unsafe function's docs are missing a `# Safety` section[0m
    [1m[94m--> [0msrc/jit/runtime.rs:1922:1
     [1m[94m|[0m
[1m[94m1922[0m [1m[94m|[0m pub unsafe extern "C" fn nulang_aot_migrate(_actor_raw: u64, _node_raw: u64) -> u64 {
     [1m[94m|[0m [1m[33m^^^^^^^^^^^^^^^^^^^^^^^^^^^^^^^^^^^^^^^^^^^^^^^^^^^^^^^^^^^^^^^^^^^^^^^^^^^^^^^^^^^[0m
     [1m[94m|[0m
     [1m[94m= [0m[1mhelp[0m: for further information visit https://rust-lang.github.io/rust-clippy/rust-1.95.0/index.html#missing_safety_doc

[1m[33mwarning[0m[1m: unsafe function's docs are missing a `# Safety` section[0m
    [1m[94m--> [0msrc/jit/runtime.rs:1927:1
     [1m[94m|[0m
[1m[94m1927[0m [1m[94m|[0m pub unsafe extern "C" fn nulang_aot_signal_wait(name_raw: u64) -> u64 {
     [1m[94m|[0m [1m[33m^^^^^^^^^^^^^^^^^^^^^^^^^^^^^^^^^^^^^^^^^^^^^^^^^^^^^^^^^^^^^^^^^^^^^[0m
     [1m[94m|[0m
     [1m[94m= [0m[1mhelp[0m: for further information visit https://rust-lang.github.io/rust-clippy/rust-1.95.0/index.html#missing_safety_doc

[1m[33mwarning[0m[1m: initializer for `thread_local` value can be made `const`[0m
    [1m[94m--> [0msrc/jit/runtime.rs:1952:9
     [1m[94m|[0m
[1m[94m1952[0m [1m[94m|[0m         std::cell::RefCell::new(Vec::new());
     [1m[94m|[0m         [1m[33m^^^^^^^^^^^^^^^^^^^^^^^^^^^^^^^^^^^[0m [1m[33mhelp: replace with: `const { std::cell::RefCell::new(Vec::new()) }`[0m
     [1m[94m|[0m
     [1m[94m= [0m[1mhelp[0m: for further information visit https://rust-lang.github.io/rust-clippy/rust-1.95.0/index.html#missing_const_for_thread_local

[1m[33mwarning[0m[1m: initializer for `thread_local` value can be made `const`[0m
    [1m[94m--> [0msrc/jit/runtime.rs:1959:9
     [1m[94m|[0m
[1m[94m1959[0m [1m[94m|[0m         std::cell::RefCell::new(Vec::new());
     [1m[94m|[0m         [1m[33m^^^^^^^^^^^^^^^^^^^^^^^^^^^^^^^^^^^[0m [1m[33mhelp: replace with: `const { std::cell::RefCell::new(Vec::new()) }`[0m
     [1m[94m|[0m
     [1m[94m= [0m[1mhelp[0m: for further information visit https://rust-lang.github.io/rust-clippy/rust-1.95.0/index.html#missing_const_for_thread_local

[1m[33mwarning[0m[1m: unsafe function's docs are missing a `# Safety` section[0m
    [1m[94m--> [0msrc/jit/runtime.rs:1965:1
     [1m[94m|[0m
[1m[94m1965[0m [1m[94m|[0m pub unsafe extern "C" fn nulang_aot_spawn_push(name_idx: u64, value: u64) {
     [1m[94m|[0m [1m[33m^^^^^^^^^^^^^^^^^^^^^^^^^^^^^^^^^^^^^^^^^^^^^^^^^^^^^^^^^^^^^^^^^^^^^^^^^[0m
     [1m[94m|[0m
     [1m[94m= [0m[1mhelp[0m: for further information visit https://rust-lang.github.io/rust-clippy/rust-1.95.0/index.html#missing_safety_doc

[1m[33mwarning[0m[1m: unsafe function's docs are missing a `# Safety` section[0m
    [1m[94m--> [0msrc/jit/runtime.rs:1981:9
     [1m[94m|[0m
[1m[94m1981[0m [1m[94m|[0m         pub unsafe extern "C" fn $name($($id: u64),*) -> u64 {
     [1m[94m|[0m         [1m[33m^^^^^^^^^^^^^^^^^^^^^^^^^^^^^^^^^^^^^^^^^^^^^^^^^^^^[0m
[1m[94m...[0m
[1m[94m1994[0m [1m[94m|[0m define_aot_receive!(nulang_aot_receive_match_1, id0);
     [1m[94m|[0m [1m[94m----------------------------------------------------[0m [1m[94min this macro invocation[0m
     [1m[94m|[0m
     [1m[94m= [0m[1mhelp[0m: for further information visit https://rust-lang.github.io/rust-clippy/rust-1.95.0/index.html#missing_safety_doc
     [1m[94m= [0m[1mnote[0m: this warning originates in the macro `define_aot_receive` (in Nightly builds, run with -Z macro-backtrace for more info)

[1m[33mwarning[0m[1m: unsafe function's docs are missing a `# Safety` section[0m
    [1m[94m--> [0msrc/jit/runtime.rs:1981:9
     [1m[94m|[0m
[1m[94m1981[0m [1m[94m|[0m         pub unsafe extern "C" fn $name($($id: u64),*) -> u64 {
     [1m[94m|[0m         [1m[33m^^^^^^^^^^^^^^^^^^^^^^^^^^^^^^^^^^^^^^^^^^^^^^^^^^^^[0m
[1m[94m...[0m
[1m[94m1995[0m [1m[94m|[0m define_aot_receive!(nulang_aot_receive_match_2, id0, id1);
     [1m[94m|[0m [1m[94m---------------------------------------------------------[0m [1m[94min this macro invocation[0m
     [1m[94m|[0m
     [1m[94m= [0m[1mhelp[0m: for further information visit https://rust-lang.github.io/rust-clippy/rust-1.95.0/index.html#missing_safety_doc
     [1m[94m= [0m[1mnote[0m: this warning originates in the macro `define_aot_receive` (in Nightly builds, run with -Z macro-backtrace for more info)

[1m[33mwarning[0m[1m: unsafe function's docs are missing a `# Safety` section[0m
    [1m[94m--> [0msrc/jit/runtime.rs:1981:9
     [1m[94m|[0m
[1m[94m1981[0m [1m[94m|[0m         pub unsafe extern "C" fn $name($($id: u64),*) -> u64 {
     [1m[94m|[0m         [1m[33m^^^^^^^^^^^^^^^^^^^^^^^^^^^^^^^^^^^^^^^^^^^^^^^^^^^^[0m
[1m[94m...[0m
[1m[94m1996[0m [1m[94m|[0m define_aot_receive!(nulang_aot_receive_match_3, id0, id1, id2);
     [1m[94m|[0m [1m[94m--------------------------------------------------------------[0m [1m[94min this macro invocation[0m
     [1m[94m|[0m
     [1m[94m= [0m[1mhelp[0m: for further information visit https://rust-lang.github.io/rust-clippy/rust-1.95.0/index.html#missing_safety_doc
     [1m[94m= [0m[1mnote[0m: this warning originates in the macro `define_aot_receive` (in Nightly builds, run with -Z macro-backtrace for more info)

[1m[33mwarning[0m[1m: unsafe function's docs are missing a `# Safety` section[0m
    [1m[94m--> [0msrc/jit/runtime.rs:1981:9
     [1m[94m|[0m
[1m[94m1981[0m [1m[94m|[0m         pub unsafe extern "C" fn $name($($id: u64),*) -> u64 {
     [1m[94m|[0m         [1m[33m^^^^^^^^^^^^^^^^^^^^^^^^^^^^^^^^^^^^^^^^^^^^^^^^^^^^[0m
[1m[94m...[0m
[1m[94m1997[0m [1m[94m|[0m define_aot_receive!(nulang_aot_receive_match_4, id0, id1, id2, id3);
     [1m[94m|[0m [1m[94m-------------------------------------------------------------------[0m [1m[94min this macro invocation[0m
     [1m[94m|[0m
     [1m[94m= [0m[1mhelp[0m: for further information visit https://rust-lang.github.io/rust-clippy/rust-1.95.0/index.html#missing_safety_doc
     [1m[94m= [0m[1mnote[0m: this warning originates in the macro `define_aot_receive` (in Nightly builds, run with -Z macro-backtrace for more info)

[1m[33mwarning[0m[1m: unsafe function's docs are missing a `# Safety` section[0m
    [1m[94m--> [0msrc/jit/runtime.rs:1981:9
     [1m[94m|[0m
[1m[94m1981[0m [1m[94m|[0m         pub unsafe extern "C" fn $name($($id: u64),*) -> u64 {
     [1m[94m|[0m         [1m[33m^^^^^^^^^^^^^^^^^^^^^^^^^^^^^^^^^^^^^^^^^^^^^^^^^^^^[0m
[1m[94m...[0m
[1m[94m1998[0m [1m[94m|[0m define_aot_receive!(nulang_aot_receive_match_5, id0, id1, id2, id3, id4);
     [1m[94m|[0m [1m[94m------------------------------------------------------------------------[0m [1m[94min this macro invocation[0m
     [1m[94m|[0m
     [1m[94m= [0m[1mhelp[0m: for further information visit https://rust-lang.github.io/rust-clippy/rust-1.95.0/index.html#missing_safety_doc
     [1m[94m= [0m[1mnote[0m: this warning originates in the macro `define_aot_receive` (in Nightly builds, run with -Z macro-backtrace for more info)

[1m[33mwarning[0m[1m: unsafe function's docs are missing a `# Safety` section[0m
    [1m[94m--> [0msrc/jit/runtime.rs:1981:9
     [1m[94m|[0m
[1m[94m1981[0m [1m[94m|[0m         pub unsafe extern "C" fn $name($($id: u64),*) -> u64 {
     [1m[94m|[0m         [1m[33m^^^^^^^^^^^^^^^^^^^^^^^^^^^^^^^^^^^^^^^^^^^^^^^^^^^^[0m
[1m[94m...[0m
[1m[94m1999[0m [1m[94m|[0m define_aot_receive!(nulang_aot_receive_match_6, id0, id1, id2, id3, id4, id5);
     [1m[94m|[0m [1m[94m-----------------------------------------------------------------------------[0m [1m[94min this macro invocation[0m
     [1m[94m|[0m
     [1m[94m= [0m[1mhelp[0m: for further information visit https://rust-lang.github.io/rust-clippy/rust-1.95.0/index.html#missing_safety_doc
     [1m[94m= [0m[1mnote[0m: this warning originates in the macro `define_aot_receive` (in Nightly builds, run with -Z macro-backtrace for more info)

[1m[33mwarning[0m[1m: unsafe function's docs are missing a `# Safety` section[0m
    [1m[94m--> [0msrc/jit/runtime.rs:1981:9
     [1m[94m|[0m
[1m[94m1981[0m [1m[94m|[0m           pub unsafe extern "C" fn $name($($id: u64),*) -> u64 {
     [1m[94m|[0m           [1m[33m^^^^^^^^^^^^^^^^^^^^^^^^^^^^^^^^^^^^^^^^^^^^^^^^^^^^[0m
[1m[94m...[0m
[1m[94m2000[0m [1m[94m|[0m [1m[94m/[0m define_aot_receive!(
[1m[94m2001[0m [1m[94m|[0m [1m[94m|[0m     nulang_aot_receive_match_7,
[1m[94m2002[0m [1m[94m|[0m [1m[94m|[0m     id0,
[1m[94m2003[0m [1m[94m|[0m [1m[94m|[0m     id1,
[1m[94m...[0m    [1m[94m|[0m
[1m[94m2008[0m [1m[94m|[0m [1m[94m|[0m     id6
[1m[94m2009[0m [1m[94m|[0m [1m[94m|[0m );
     [1m[94m|[0m [1m[94m|_-[0m [1m[94min this macro invocation[0m
     [1m[94m|[0m
     [1m[94m= [0m[1mhelp[0m: for further information visit https://rust-lang.github.io/rust-clippy/rust-1.95.0/index.html#missing_safety_doc
     [1m[94m= [0m[1mnote[0m: this warning originates in the macro `define_aot_receive` (in Nightly builds, run with -Z macro-backtrace for more info)

[1m[33mwarning[0m[1m: unsafe function's docs are missing a `# Safety` section[0m
    [1m[94m--> [0msrc/jit/runtime.rs:1981:9
     [1m[94m|[0m
[1m[94m1981[0m [1m[94m|[0m           pub unsafe extern "C" fn $name($($id: u64),*) -> u64 {
     [1m[94m|[0m           [1m[33m^^^^^^^^^^^^^^^^^^^^^^^^^^^^^^^^^^^^^^^^^^^^^^^^^^^^[0m
[1m[94m...[0m
[1m[94m2010[0m [1m[94m|[0m [1m[94m/[0m define_aot_receive!(
[1m[94m2011[0m [1m[94m|[0m [1m[94m|[0m     nulang_aot_receive_match_8,
[1m[94m2012[0m [1m[94m|[0m [1m[94m|[0m     id0,
[1m[94m2013[0m [1m[94m|[0m [1m[94m|[0m     id1,
[1m[94m...[0m    [1m[94m|[0m
[1m[94m2019[0m [1m[94m|[0m [1m[94m|[0m     id7
[1m[94m2020[0m [1m[94m|[0m [1m[94m|[0m );
     [1m[94m|[0m [1m[94m|_-[0m [1m[94min this macro invocation[0m
     [1m[94m|[0m
     [1m[94m= [0m[1mhelp[0m: for further information visit https://rust-lang.github.io/rust-clippy/rust-1.95.0/index.html#missing_safety_doc
     [1m[94m= [0m[1mnote[0m: this warning originates in the macro `define_aot_receive` (in Nightly builds, run with -Z macro-backtrace for more info)

[1m[33mwarning[0m[1m: unsafe function's docs are missing a `# Safety` section[0m
    [1m[94m--> [0msrc/jit/runtime.rs:2025:1
     [1m[94m|[0m
[1m[94m2025[0m [1m[94m|[0m pub unsafe extern "C" fn nulang_aot_receive_payload(idx: u64) -> u64 {
     [1m[94m|[0m [1m[33m^^^^^^^^^^^^^^^^^^^^^^^^^^^^^^^^^^^^^^^^^^^^^^^^^^^^^^^^^^^^^^^^^^^^[0m
     [1m[94m|[0m
     [1m[94m= [0m[1mhelp[0m: for further information visit https://rust-lang.github.io/rust-clippy/rust-1.95.0/index.html#missing_safety_doc

[1m[33mwarning[0m[1m: unsafe function's docs are missing a `# Safety` section[0m
    [1m[94m--> [0msrc/jit/runtime.rs:2039:1
     [1m[94m|[0m
[1m[94m2039[0m [1m[94m|[0m pub unsafe extern "C" fn nulang_aot_receive_pop() -> u64 {
     [1m[94m|[0m [1m[33m^^^^^^^^^^^^^^^^^^^^^^^^^^^^^^^^^^^^^^^^^^^^^^^^^^^^^^^^[0m
     [1m[94m|[0m
     [1m[94m= [0m[1mhelp[0m: for further information visit https://rust-lang.github.io/rust-clippy/rust-1.95.0/index.html#missing_safety_doc

[1m[33mwarning[0m[1m: this `if` can be collapsed into the outer `match`[0m
   [1m[94m--> [0msrc/jit/simd_analyzer.rs:498:17
    [1m[94m|[0m
[1m[94m498[0m [1m[94m|[0m [1m[33m/[0m                 if induction_reg.is_none() {
[1m[94m499[0m [1m[94m|[0m [1m[33m|[0m                     induction_reg = Some(instr.op1);
[1m[94m500[0m [1m[94m|[0m [1m[33m|[0m                 }
    [1m[94m|[0m [1m[33m|_________________^[0m
    [1m[94m|[0m
    [1m[94m= [0m[1mhelp[0m: for further information visit https://rust-lang.github.io/rust-clippy/rust-1.95.0/index.html#collapsible_match
[1m[96mhelp[0m: collapse nested if block
    [1m[94m|[0m
[1m[94m497[0m [92m~ [0m            OpCode::IInc
[1m[94m498[0m [92m~ [0m                if induction_reg.is_none() [92m=> [0m{
[1m[94m499[0m [1m[94m|[0m                     induction_reg = Some(instr.op1);
[1m[94m500[0m [92m~ [0m                }
    [1m[94m|[0m

[1m[33mwarning[0m[1m: length comparison to one[0m
   [1m[94m--> [0msrc/jit/simd_analyzer.rs:685:27
    [1m[94m|[0m
[1m[94m685[0m [1m[94m|[0m     if loads.len() < 2 || stores.len() < 1 {
    [1m[94m|[0m                           [1m[33m^^^^^^^^^^^^^^^^[0m [1m[33mhelp: using `is_empty` is clearer and more explicit: `stores.is_empty()`[0m
    [1m[94m|[0m
    [1m[94m= [0m[1mhelp[0m: for further information visit https://rust-lang.github.io/rust-clippy/rust-1.95.0/index.html#len_zero
    [1m[94m= [0m[1mnote[0m: `#[warn(clippy::len_zero)]` on by default

[1m[33mwarning[0m[1m: length comparison to one[0m
   [1m[94m--> [0msrc/jit/simd_analyzer.rs:799:27
    [1m[94m|[0m
[1m[94m799[0m [1m[94m|[0m     if loads.len() < 2 || stores.len() < 1 {
    [1m[94m|[0m                           [1m[33m^^^^^^^^^^^^^^^^[0m [1m[33mhelp: using `is_empty` is clearer and more explicit: `stores.is_empty()`[0m
    [1m[94m|[0m
    [1m[94m= [0m[1mhelp[0m: for further information visit https://rust-lang.github.io/rust-clippy/rust-1.95.0/index.html#len_zero

[1m[33mwarning[0m[1m: this `if` statement can be collapsed[0m
    [1m[94m--> [0msrc/jit/simd_analyzer.rs:1024:9
     [1m[94m|[0m
[1m[94m1024[0m [1m[94m|[0m [1m[33m/[0m         if instr.opcode == OpCode::ArrLen {
[1m[94m1025[0m [1m[94m|[0m [1m[33m|[0m             if array_regs.contains(&instr.op1) {
[1m[94m...[0m    [1m[33m|[0m
[1m[94m1032[0m [1m[94m|[0m [1m[33m|[0m         }
     [1m[94m|[0m [1m[33m|_________^[0m
     [1m[94m|[0m
     [1m[94m= [0m[1mhelp[0m: for further information visit https://rust-lang.github.io/rust-clippy/rust-1.95.0/index.html#collapsible_if
[1m[96mhelp[0m: collapse nested if block
     [1m[94m|[0m
[1m[94m1024[0m [92m~ [0m        if instr.opcode == OpCode::ArrLen
[1m[94m1025[0m [92m~ [0m            [92m&&[0m array_regs.contains(&instr.op1) {
[1m[94m1026[0m [1m[94m|[0m                 // Found ArrLen on a participating array. The result register
 [1m[94m...[0m
[1m[94m1030[0m [1m[94m|[0m                 return (Some(0), Some(instr.op2));
[1m[94m1031[0m [92m~ [0m            }
     [1m[94m|[0m

[1m[33mwarning[0m[1m: unneeded `return` statement[0m
   [1m[94m--> [0msrc/jit/simd_compiler.rs:140:9
    [1m[94m|[0m
[1m[94m140[0m [1m[94m|[0m         return std::is_x86_feature_detected!("sse2");
    [1m[94m|[0m         [1m[33m^^^^^^^^^^^^^^^^^^^^^^^^^^^^^^^^^^^^^^^^^^^^[0m
    [1m[94m|[0m
    [1m[94m= [0m[1mhelp[0m: for further information visit https://rust-lang.github.io/rust-clippy/rust-1.95.0/index.html#needless_return
[1m[96mhelp[0m: remove `return`
    [1m[94m|[0m
[1m[94m140[0m [91m- [0m        [91mreturn std::is_x86_feature_detected!("sse2");[0m
[1m[94m140[0m [92m+ [0m        [92mstd::is_x86_feature_detected!("sse2")[0m
    [1m[94m|[0m

[1m[33mwarning[0m[1m: casting raw pointers to the same type and constness is unnecessary (`*const u8` -> `*const u8`)[0m
   [1m[94m--> [0msrc/jit/simd_compiler.rs:505:8
    [1m[94m|[0m
[1m[94m505[0m [1m[94m|[0m     Ok(code as *const u8)
    [1m[94m|[0m        [1m[33m^^^^^^^^^^^^^^^^^[0m [1m[33mhelp: try: `code`[0m
    [1m[94m|[0m
    [1m[94m= [0m[1mhelp[0m: for further information visit https://rust-lang.github.io/rust-clippy/rust-1.95.0/index.html#unnecessary_cast

[1m[33mwarning[0m[1m: the loop variable `pc` is used to index `instructions`[0m
   [1m[94m--> [0msrc/jit/typed_compiler.rs:576:15
    [1m[94m|[0m
[1m[94m576[0m [1m[94m|[0m     for pc in start_offset..end_offset {
    [1m[94m|[0m               [1m[33m^^^^^^^^^^^^^^^^^^^^^^^^[0m
    [1m[94m|[0m
    [1m[94m= [0m[1mhelp[0m: for further information visit https://rust-lang.github.io/rust-clippy/rust-1.95.0/index.html#needless_range_loop
[1m[96mhelp[0m: consider using an iterator and enumerate()
    [1m[94m|[0m
[1m[94m576[0m [91m- [0m    for [91mpc[0m in [91mstart_offset..end_offset[0m {
[1m[94m576[0m [92m+ [0m    for [92m(pc, <item>)[0m in [92minstructions.iter().enumerate().take(end_offset).skip(start_offset)[0m {
    [1m[94m|[0m

[1m[33mwarning[0m[1m: the loop variable `pc` is used to index `instructions`[0m
   [1m[94m--> [0msrc/jit/typed_compiler.rs:624:15
    [1m[94m|[0m
[1m[94m624[0m [1m[94m|[0m     for pc in start_offset..end_offset {
    [1m[94m|[0m               [1m[33m^^^^^^^^^^^^^^^^^^^^^^^^[0m
    [1m[94m|[0m
    [1m[94m= [0m[1mhelp[0m: for further information visit https://rust-lang.github.io/rust-clippy/rust-1.95.0/index.html#needless_range_loop
[1m[96mhelp[0m: consider using an iterator and enumerate()
    [1m[94m|[0m
[1m[94m624[0m [91m- [0m    for [91mpc[0m in [91mstart_offset..end_offset[0m {
[1m[94m624[0m [92m+ [0m    for [92m(pc, <item>)[0m in [92minstructions.iter().enumerate().take(end_offset).skip(start_offset)[0m {
    [1m[94m|[0m

[1m[33mwarning[0m[1m: this `if` statement can be collapsed[0m
   [1m[94m--> [0msrc/jit/typed_compiler.rs:631:9
    [1m[94m|[0m
[1m[94m631[0m [1m[94m|[0m [1m[33m/[0m         if target == Some(start_offset) {
[1m[94m632[0m [1m[94m|[0m [1m[33m|[0m             if backedge_pc.replace(pc).is_some() {
[1m[94m633[0m [1m[94m|[0m [1m[33m|[0m                 return None;
[1m[94m634[0m [1m[94m|[0m [1m[33m|[0m             }
[1m[94m635[0m [1m[94m|[0m [1m[33m|[0m         }
    [1m[94m|[0m [1m[33m|_________^[0m
    [1m[94m|[0m
    [1m[94m= [0m[1mhelp[0m: for further information visit https://rust-lang.github.io/rust-clippy/rust-1.95.0/index.html#collapsible_if
[1m[96mhelp[0m: collapse nested if block
    [1m[94m|[0m
[1m[94m631[0m [92m~ [0m        if target == Some(start_offset)
[1m[94m632[0m [92m~ [0m            [92m&&[0m backedge_pc.replace(pc).is_some() {
[1m[94m633[0m [1m[94m|[0m                 return None;
[1m[94m634[0m [92m~ [0m            }
    [1m[94m|[0m

[1m[33mwarning[0m[1m: the loop variable `pc` is used to index `instructions`[0m
   [1m[94m--> [0msrc/jit/typed_compiler.rs:646:19
    [1m[94m|[0m
[1m[94m646[0m [1m[94m|[0m         for pc in start_offset..backedge_pc {
    [1m[94m|[0m                   [1m[33m^^^^^^^^^^^^^^^^^^^^^^^^^[0m
    [1m[94m|[0m
    [1m[94m= [0m[1mhelp[0m: for further information visit https://rust-lang.github.io/rust-clippy/rust-1.95.0/index.html#needless_range_loop
[1m[96mhelp[0m: consider using an iterator and enumerate()
    [1m[94m|[0m
[1m[94m646[0m [91m- [0m        for [91mpc[0m in [91mstart_offset..backedge_pc[0m {
[1m[94m646[0m [92m+ [0m        for [92m(pc, <item>)[0m in [92minstructions.iter().enumerate().take(backedge_pc).skip(start_offset)[0m {
    [1m[94m|[0m

[1m[33mwarning[0m[1m: the loop variable `reg` is used to index `backedge_state`[0m
   [1m[94m--> [0msrc/jit/typed_compiler.rs:679:16
    [1m[94m|[0m
[1m[94m679[0m [1m[94m|[0m     for reg in 0..256 {
    [1m[94m|[0m                [1m[33m^^^^^^[0m
    [1m[94m|[0m
    [1m[94m= [0m[1mhelp[0m: for further information visit https://rust-lang.github.io/rust-clippy/rust-1.95.0/index.html#needless_range_loop
[1m[96mhelp[0m: consider using an iterator and enumerate()
    [1m[94m|[0m
[1m[94m679[0m [91m- [0m    for [91mreg[0m in [91m0..256[0m {
[1m[94m679[0m [92m+ [0m    for [92m(reg, <item>)[0m in [92mbackedge_state.iter().enumerate()[0m {
    [1m[94m|[0m

[1m[33mwarning[0m[1m: the loop variable `pc` is used to index `instructions`[0m
   [1m[94m--> [0msrc/jit/typed_compiler.rs:977:15
    [1m[94m|[0m
[1m[94m977[0m [1m[94m|[0m     for pc in start_offset..end_offset {
    [1m[94m|[0m               [1m[33m^^^^^^^^^^^^^^^^^^^^^^^^[0m
    [1m[94m|[0m
    [1m[94m= [0m[1mhelp[0m: for further information visit https://rust-lang.github.io/rust-clippy/rust-1.95.0/index.html#needless_range_loop
[1m[96mhelp[0m: consider using an iterator and enumerate()
    [1m[94m|[0m
[1m[94m977[0m [91m- [0m    for [91mpc[0m in [91mstart_offset..end_offset[0m {
[1m[94m977[0m [92m+ [0m    for [92m(pc, <item>)[0m in [92minstructions.iter().enumerate().take(end_offset).skip(start_offset)[0m {
    [1m[94m|[0m

[1m[33mwarning[0m[1m: this operation has no effect[0m
    [1m[94m--> [0msrc/jit/typed_compiler.rs:1434:58
     [1m[94m|[0m
[1m[94m1434[0m [1m[94m|[0m         let false_val = builder.ins().iconst(types::I64, TAG_BOOL_I64 | 0);
     [1m[94m|[0m                                                          [1m[33m^^^^^^^^^^^^^^^^[0m [1m[33mhelp: consider reducing it to: `TAG_BOOL_I64`[0m
     [1m[94m|[0m
     [1m[94m= [0m[1mhelp[0m: for further information visit https://rust-lang.github.io/rust-clippy/rust-1.95.0/index.html#identity_op

[1m[33mwarning[0m[1m: you are using an explicit closure for cloning elements[0m
    [1m[94m--> [0msrc/jit/typed_compiler.rs:1786:20
     [1m[94m|[0m
[1m[94m1786[0m [1m[94m|[0m     let mut meta = type_metadata.map(|m| m.clone()).unwrap_or_default();
     [1m[94m|[0m                    [1m[33m^^^^^^^^^^^^^^^^^^^^^^^^^^^^^^^^[0m [1m[33mhelp: consider calling the dedicated `cloned` method: `type_metadata.cloned()`[0m
     [1m[94m|[0m
     [1m[94m= [0m[1mhelp[0m: for further information visit https://rust-lang.github.io/rust-clippy/rust-1.95.0/index.html#map_clone
     [1m[94m= [0m[1mnote[0m: `#[warn(clippy::map_clone)]` on by default

[1m[33mwarning[0m[1m: casting raw pointers to the same type and constness is unnecessary (`*const u8` -> `*const u8`)[0m
    [1m[94m--> [0msrc/jit/typed_compiler.rs:3059:8
     [1m[94m|[0m
[1m[94m3059[0m [1m[94m|[0m     Ok(code as *const u8)
     [1m[94m|[0m        [1m[33m^^^^^^^^^^^^^^^^^[0m [1m[33mhelp: try: `code`[0m
     [1m[94m|[0m
     [1m[94m= [0m[1mhelp[0m: for further information visit https://rust-lang.github.io/rust-clippy/rust-1.95.0/index.html#unnecessary_cast

[1m[33mwarning[0m[1m: this block may be rewritten with the `?` operator[0m
   [1m[94m--> [0msrc/jit/mod.rs:864:9
    [1m[94m|[0m
[1m[94m864[0m [1m[94m|[0m [1m[33m/[0m         if simd_region.trip_count_hint.is_none() {
[1m[94m865[0m [1m[94m|[0m [1m[33m|[0m             return None;
[1m[94m866[0m [1m[94m|[0m [1m[33m|[0m         }
    [1m[94m|[0m [1m[33m|_________^[0m [1m[33mhelp: replace it with: `simd_region.trip_count_hint?;`[0m
    [1m[94m|[0m
    [1m[94m= [0m[1mhelp[0m: for further information visit https://rust-lang.github.io/rust-clippy/rust-1.95.0/index.html#question_mark
    [1m[94m= [0m[1mnote[0m: `#[warn(clippy::question_mark)]` on by default

[1m[33mwarning[0m[1m: this `if` statement can be collapsed[0m
    [1m[94m--> [0msrc/jit/mod.rs:1015:9
     [1m[94m|[0m
[1m[94m1015[0m [1m[94m|[0m [1m[33m/[0m         if plan.len >= 3 {
[1m[94m1016[0m [1m[94m|[0m [1m[33m|[0m             if unsafe {
[1m[94m1017[0m [1m[94m|[0m [1m[33m|[0m                 self.compile_region_typed(
[1m[94m1018[0m [1m[94m|[0m [1m[33m|[0m                     module_idx,
[1m[94m...[0m    [1m[33m|[0m
[1m[94m1030[0m [1m[94m|[0m [1m[33m|[0m         }
     [1m[94m|[0m [1m[33m|_________^[0m
     [1m[94m|[0m
     [1m[94m= [0m[1mhelp[0m: for further information visit https://rust-lang.github.io/rust-clippy/rust-1.95.0/index.html#collapsible_if
[1m[96mhelp[0m: collapse nested if block
     [1m[94m|[0m
[1m[94m1015[0m [92m~ [0m        if plan.len >= 3
[1m[94m1016[0m [92m~ [0m            [92m&&[0m unsafe {
[1m[94m1017[0m [1m[94m|[0m                 self.compile_region_typed(
 [1m[94m...[0m
[1m[94m1028[0m [1m[94m|[0m                 return true;
[1m[94m1029[0m [92m~ [0m            }
     [1m[94m|[0m

[1m[33mwarning[0m[1m: redundant closure[0m
   [1m[94m--> [0msrc/json_diagnostics.rs:128:23
    [1m[94m|[0m
[1m[94m128[0m [1m[94m|[0m             .flat_map(|e| diagnostics_from_error(e))
    [1m[94m|[0m                       [1m[33m^^^^^^^^^^^^^^^^^^^^^^^^^^^^^[0m [1m[33mhelp: replace the closure with the function itself: `diagnostics_from_error`[0m
    [1m[94m|[0m
    [1m[94m= [0m[1mhelp[0m: for further information visit https://rust-lang.github.io/rust-clippy/rust-1.95.0/index.html#redundant_closure

[1m[33mwarning[0m[1m: this loop could be written as a `while let` loop[0m
   [1m[94m--> [0msrc/lexer.rs:545:9
    [1m[94m|[0m
[1m[94m545[0m [1m[94m|[0m [1m[33m/[0m         loop {
[1m[94m546[0m [1m[94m|[0m [1m[33m|[0m             match self.peek() {
[1m[94m547[0m [1m[94m|[0m [1m[33m|[0m                 Some(b' ') | Some(b'\t') => {
[1m[94m548[0m [1m[94m|[0m [1m[33m|[0m                     self.advance();
[1m[94m...[0m   [1m[33m|[0m
[1m[94m552[0m [1m[94m|[0m [1m[33m|[0m         }
    [1m[94m|[0m [1m[33m|_________^[0m [1m[33mhelp: try: `while let Some(b' ') | Some(b'\t') = self.peek() { .. }`[0m
    [1m[94m|[0m
    [1m[94m= [0m[1mhelp[0m: for further information visit https://rust-lang.github.io/rust-clippy/rust-1.95.0/index.html#while_let_loop

[1m[33mwarning[0m[1m: this `map_or` can be simplified[0m
   [1m[94m--> [0msrc/lexer.rs:643:16
    [1m[94m|[0m
[1m[94m643[0m [1m[94m|[0m             if after_dot.map_or(false, |c| c.is_ascii_digit()) {
    [1m[94m|[0m                [1m[33m^^^^^^^^^^^^^^^^^^^^^^^^^^^^^^^^^^^^^^^^^^^^^^^[0m
    [1m[94m|[0m
    [1m[94m= [0m[1mhelp[0m: for further information visit https://rust-lang.github.io/rust-clippy/rust-1.95.0/index.html#unnecessary_map_or
[1m[96mhelp[0m: use `is_some_and` instead
    [1m[94m|[0m
[1m[94m643[0m [91m- [0m            if after_dot.[91mmap_or[0m([91mfalse, [0m|c| c.is_ascii_digit()) {
[1m[94m643[0m [92m+ [0m            if after_dot.[92mis_some_and[0m(|c| c.is_ascii_digit()) {
    [1m[94m|[0m

[1m[33mwarning[0m[1m: this `if` can be collapsed into the outer `match`[0m
    [1m[94m--> [0msrc/lsp/mod.rs:1109:17
     [1m[94m|[0m
[1m[94m1109[0m [1m[94m|[0m [1m[33m/[0m                 if name == word {
[1m[94m1110[0m [1m[94m|[0m [1m[33m|[0m                     locs.push(loc(span));
[1m[94m1111[0m [1m[94m|[0m [1m[33m|[0m                 }
     [1m[94m|[0m [1m[33m|_________________^[0m
     [1m[94m|[0m
     [1m[94m= [0m[1mhelp[0m: for further information visit https://rust-lang.github.io/rust-clippy/rust-1.95.0/index.html#collapsible_match
[1m[96mhelp[0m: collapse nested if block
     [1m[94m|[0m
[1m[94m1108[0m [92m~ [0m            Expr::Var(name, span)
[1m[94m1109[0m [92m~ [0m                if name == word [92m=> [0m{
[1m[94m1110[0m [1m[94m|[0m                     locs.push(loc(span));
[1m[94m1111[0m [92m~ [0m                }
     [1m[94m|[0m

[1m[33mwarning[0m[1m: this `if` statement can be collapsed[0m
    [1m[94m--> [0msrc/lsp/mod.rs:1459:17
     [1m[94m|[0m
[1m[94m1459[0m [1m[94m|[0m [1m[33m/[0m                 if tt == 2 {
[1m[94m1460[0m [1m[94m|[0m [1m[33m|[0m                     if consumed.iter().any(|&(cs, ce)| cs <= start && start < ce) {
[1m[94m1461[0m [1m[94m|[0m [1m[33m|[0m                         modifiers = 2; // READONLY bit
[1m[94m1462[0m [1m[94m|[0m [1m[33m|[0m                     }
[1m[94m1463[0m [1m[94m|[0m [1m[33m|[0m                 }
     [1m[94m|[0m [1m[33m|_________________^[0m
     [1m[94m|[0m
     [1m[94m= [0m[1mhelp[0m: for further information visit https://rust-lang.github.io/rust-clippy/rust-1.95.0/index.html#collapsible_if
[1m[96mhelp[0m: collapse nested if block
     [1m[94m|[0m
[1m[94m1459[0m [92m~ [0m                if tt == 2
[1m[94m1460[0m [92m~ [0m                    [92m&&[0m consumed.iter().any(|&(cs, ce)| cs <= start && start < ce) {
[1m[94m1461[0m [1m[94m|[0m                         modifiers = 2; // READONLY bit
[1m[94m1462[0m [92m~ [0m                    }
     [1m[94m|[0m

[1m[33mwarning[0m[1m: this manual char comparison can be written more succinctly[0m
    [1m[94m--> [0msrc/lsp/mod.rs:1640:50
     [1m[94m|[0m
[1m[94m1640[0m [1m[94m|[0m                     if let Some(end) = rest.find(|c: char| c == ' ' || c == '=') {
     [1m[94m|[0m                                                  [1m[33m^^^^^^^^^^^^^^^^^^^^^^^^^^^^^^[0m [1m[33mhelp: consider using an array of `char`: `[' ', '=']`[0m
     [1m[94m|[0m
     [1m[94m= [0m[1mhelp[0m: for further information visit https://rust-lang.github.io/rust-clippy/rust-1.95.0/index.html#manual_pattern_char_comparison
     [1m[94m= [0m[1mnote[0m: `#[warn(clippy::manual_pattern_char_comparison)]` on by default

[1m[33mwarning[0m[1m: this expression creates a reference which is immediately dereferenced by the compiler[0m
    [1m[94m--> [0msrc/lsp/mod.rs:2053:50
     [1m[94m|[0m
[1m[94m2053[0m [1m[94m|[0m                         Self::extract_expr_types(&g, source, map);
     [1m[94m|[0m                                                  [1m[33m^^[0m [1m[33mhelp: change this to: `g`[0m
     [1m[94m|[0m
     [1m[94m= [0m[1mhelp[0m: for further information visit https://rust-lang.github.io/rust-clippy/rust-1.95.0/index.html#needless_borrow

[1m[33mwarning[0m[1m: this `map_or` can be simplified[0m
    [1m[94m--> [0msrc/lsp/mod.rs:2211:21
     [1m[94m|[0m
[1m[94m2211[0m [1m[94m|[0m [1m[33m/[0m                     source
[1m[94m2212[0m [1m[94m|[0m [1m[33m|[0m                         .as_bytes()
[1m[94m2213[0m [1m[94m|[0m [1m[33m|[0m                         .get(abs_pos - 1)
[1m[94m2214[0m [1m[94m|[0m [1m[33m|[0m                         .map_or(false, |&b| !b.is_ascii_alphanumeric() && b != b'_')
     [1m[94m|[0m [1m[33m|____________________________________________________________________________________^[0m
     [1m[94m|[0m
     [1m[94m= [0m[1mhelp[0m: for further information visit https://rust-lang.github.io/rust-clippy/rust-1.95.0/index.html#unnecessary_map_or
[1m[96mhelp[0m: use `is_some_and` instead
     [1m[94m|[0m
[1m[94m2214[0m [91m- [0m                        .[91mmap_or[0m([91mfalse, [0m|&b| !b.is_ascii_alphanumeric() && b != b'_')
[1m[94m2214[0m [92m+ [0m                        .[92mis_some_and[0m(|&b| !b.is_ascii_alphanumeric() && b != b'_')
     [1m[94m|[0m

[1m[33mwarning[0m[1m: this `map_or` can be simplified[0m
    [1m[94m--> [0msrc/lsp/mod.rs:2218:29
     [1m[94m|[0m
[1m[94m2218[0m [1m[94m|[0m                   let after = source
     [1m[94m|[0m [1m[33m _____________________________^[0m
[1m[94m2219[0m [1m[94m|[0m [1m[33m|[0m                     .as_bytes()
[1m[94m2220[0m [1m[94m|[0m [1m[33m|[0m                     .get(abs_pos + name.len())
[1m[94m2221[0m [1m[94m|[0m [1m[33m|[0m                     .map_or(true, |&b| !b.is_ascii_alphanumeric() && b != b'_');
     [1m[94m|[0m [1m[33m|_______________________________________________________________________________^[0m
     [1m[94m|[0m
     [1m[94m= [0m[1mhelp[0m: for further information visit https://rust-lang.github.io/rust-clippy/rust-1.95.0/index.html#unnecessary_map_or
[1m[96mhelp[0m: use `is_none_or` instead
     [1m[94m|[0m
[1m[94m2221[0m [91m- [0m                    .[91mmap_or[0m([91mtrue, [0m|&b| !b.is_ascii_alphanumeric() && b != b'_');
[1m[94m2221[0m [92m+ [0m                    .[92mis_none_or[0m(|&b| !b.is_ascii_alphanumeric() && b != b'_');
     [1m[94m|[0m

[1m[33mwarning[0m[1m: stripping a prefix manually[0m
    [1m[94m--> [0msrc/lsp/mod.rs:2335:58
     [1m[94m|[0m
[1m[94m2335[0m [1m[94m|[0m                 doc_lines.push(if doc.starts_with(' ') { &doc[1..] } else { doc });
     [1m[94m|[0m                                                          [1m[33m^^^^^^^^^[0m
     [1m[94m|[0m
[1m[92mnote[0m: the prefix was tested here
    [1m[94m--> [0msrc/lsp/mod.rs:2335:32
     [1m[94m|[0m
[1m[94m2335[0m [1m[94m|[0m                 doc_lines.push(if doc.starts_with(' ') { &doc[1..] } else { doc });
     [1m[94m|[0m                                [1m[92m^^^^^^^^^^^^^^^^^^^^^^^^[0m
     [1m[94m= [0m[1mhelp[0m: for further information visit https://rust-lang.github.io/rust-clippy/rust-1.95.0/index.html#manual_strip
     [1m[94m= [0m[1mnote[0m: `#[warn(clippy::manual_strip)]` on by default
[1m[96mhelp[0m: try using the `strip_prefix` method
     [1m[94m|[0m
[1m[94m2335[0m [91m- [0m                doc_lines.push([91mif doc.starts_with(' ') [0m{ [91m&doc[1..][0m } else { doc });
[1m[94m2335[0m [92m+ [0m                doc_lines.push([92mif let Some(<stripped>) = doc.strip_prefix(' ') [0m{ [92m<stripped>[0m } else { doc });
     [1m[94m|[0m

[1m[33mwarning[0m[1m: this `if` can be collapsed into the outer `match`[0m
    [1m[94m--> [0msrc/lsp/mod.rs:2646:21
     [1m[94m|[0m
[1m[94m2646[0m [1m[94m|[0m [1m[33m/[0m                     if type_ann.is_none() {
[1m[94m2647[0m [1m[94m|[0m [1m[33m|[0m                         if let Some(ty) = inferred_decl_types.get(name) {
[1m[94m2648[0m [1m[94m|[0m [1m[33m|[0m                             let line = span.line().saturating_sub(1) as u32;
[1m[94m2649[0m [1m[94m|[0m [1m[33m|[0m                             let col = (span.column() + name.len()) as u32;
[1m[94m...[0m    [1m[33m|[0m
[1m[94m2657[0m [1m[94m|[0m [1m[33m|[0m                     }
     [1m[94m|[0m [1m[33m|_____________________^[0m
     [1m[94m|[0m
     [1m[94m= [0m[1mhelp[0m: for further information visit https://rust-lang.github.io/rust-clippy/rust-1.95.0/index.html#collapsible_match
[1m[96mhelp[0m: collapse nested if block
     [1m[94m|[0m
[1m[94m2645[0m [92m~ [0m                }
[1m[94m2646[0m [92m~ [0m                    if type_ann.is_none() [92m=> [0m{
[1m[94m2647[0m [1m[94m|[0m                         if let Some(ty) = inferred_decl_types.get(name) {
 [1m[94m...[0m
[1m[94m2656[0m [1m[94m|[0m                         }
[1m[94m2657[0m [92m~ [0m                    }
     [1m[94m|[0m

[1m[33mwarning[0m[1m: this manual char comparison can be written more succinctly[0m
    [1m[94m--> [0msrc/lsp/mod.rs:2575:44
     [1m[94m|[0m
[1m[94m2575[0m [1m[94m|[0m [1m[94m...[0m                   .rfind(|c: char| c == ')' || c == '!')
     [1m[94m|[0m                              [1m[33m^^^^^^^^^^^^^^^^^^^^^^^^^^^^^^[0m [1m[33mhelp: consider using an array of `char`: `[')', '!']`[0m
     [1m[94m|[0m
     [1m[94m= [0m[1mhelp[0m: for further information visit https://rust-lang.github.io/rust-clippy/rust-1.95.0/index.html#manual_pattern_char_comparison

[1m[33mwarning[0m[1m: you should consider adding a `Default` implementation for `ImportIndex`[0m
    [1m[94m--> [0msrc/lsp/mod.rs:2718:5
     [1m[94m|[0m
[1m[94m2718[0m [1m[94m|[0m [1m[33m/[0m     pub fn new() -> Self {
[1m[94m2719[0m [1m[94m|[0m [1m[33m|[0m         ImportIndex { items: Vec::new() }
[1m[94m2720[0m [1m[94m|[0m [1m[33m|[0m     }
     [1m[94m|[0m [1m[33m|_____^[0m
     [1m[94m|[0m
     [1m[94m= [0m[1mhelp[0m: for further information visit https://rust-lang.github.io/rust-clippy/rust-1.95.0/index.html#new_without_default
     [1m[94m= [0m[1mnote[0m: `#[warn(clippy::new_without_default)]` on by default
[1m[96mhelp[0m: try adding this
     [1m[94m|[0m
[1m[94m2717[0m [92m+ impl Default for ImportIndex {[0m
[1m[94m2718[0m [92m+     fn default() -> Self {[0m
[1m[94m2719[0m [92m+         Self::new()[0m
[1m[94m2720[0m [92m+     }[0m
[1m[94m2721[0m [92m+ }[0m
     [1m[94m|[0m

[1m[33mwarning[0m[1m: this `map_or` can be simplified[0m
    [1m[94m--> [0msrc/lsp/mod.rs:2746:16
     [1m[94m|[0m
[1m[94m2746[0m [1m[94m|[0m             if path.extension().map_or(false, |e| e == "nula") {
     [1m[94m|[0m                [1m[33m^^^^^^^^^^^^^^^^^^^^^^^^^^^^^^^^^^^^^^^^^^^^^^^[0m
     [1m[94m|[0m
     [1m[94m= [0m[1mhelp[0m: for further information visit https://rust-lang.github.io/rust-clippy/rust-1.95.0/index.html#unnecessary_map_or
[1m[96mhelp[0m: use `is_some_and` instead
     [1m[94m|[0m
[1m[94m2746[0m [91m- [0m            if path.extension().[91mmap_or[0m([91mfalse, [0m|e| e == "nula") {
[1m[94m2746[0m [92m+ [0m            if path.extension().[92mis_some_and[0m(|e| e == "nula") {
     [1m[94m|[0m

[1m[33mwarning[0m[1m: this `map_or` can be simplified[0m
    [1m[94m--> [0msrc/lsp/mod.rs:3482:24
     [1m[94m|[0m
[1m[94m3482[0m [1m[94m|[0m                     if path.extension().map_or(false, |e| e == "nula") {
     [1m[94m|[0m                        [1m[33m^^^^^^^^^^^^^^^^^^^^^^^^^^^^^^^^^^^^^^^^^^^^^^^[0m
     [1m[94m|[0m
     [1m[94m= [0m[1mhelp[0m: for further information visit https://rust-lang.github.io/rust-clippy/rust-1.95.0/index.html#unnecessary_map_or
[1m[96mhelp[0m: use `is_some_and` instead
     [1m[94m|[0m
[1m[94m3482[0m [91m- [0m                    if path.extension().[91mmap_or[0m([91mfalse, [0m|e| e == "nula") {
[1m[94m3482[0m [92m+ [0m                    if path.extension().[92mis_some_and[0m(|e| e == "nula") {
     [1m[94m|[0m

[1m[33mwarning[0m[1m: redundant closure[0m
    [1m[94m--> [0msrc/lsp/mod.rs:3597:45
     [1m[94m|[0m
[1m[94m3597[0m [1m[94m|[0m     let (service, socket) = LspService::new(|client| NulangLanguageServer::new(client));
     [1m[94m|[0m                                             [1m[33m^^^^^^^^^^^^^^^^^^^^^^^^^^^^^^^^^^^^^^^^^^[0m [1m[33mhelp: replace the closure with the associated function itself: `NulangLanguageServer::new`[0m
     [1m[94m|[0m
     [1m[94m= [0m[1mhelp[0m: for further information visit https://rust-lang.github.io/rust-clippy/rust-1.95.0/index.html#redundant_closure

[1m[33mwarning[0m[1m: redundant guard[0m
    [1m[94m--> [0msrc/mir_codegen.rs:1588:28
     [1m[94m|[0m
[1m[94m1588[0m [1m[94m|[0m                           if matches!(
     [1m[94m|[0m [1m[33m ____________________________^[0m
[1m[94m1589[0m [1m[94m|[0m [1m[33m|[0m                             op,
[1m[94m1590[0m [1m[94m|[0m [1m[33m|[0m                             crate::ast::BinOp::Add
[1m[94m1591[0m [1m[94m|[0m [1m[33m|[0m                                 | crate::ast::BinOp::Sub
[1m[94m...[0m    [1m[33m|[0m
[1m[94m1595[0m [1m[94m|[0m [1m[33m|[0m                                 | crate::ast::BinOp::Pow
[1m[94m1596[0m [1m[94m|[0m [1m[33m|[0m                         ) =>
     [1m[94m|[0m [1m[33m|_________________________^[0m
     [1m[94m|[0m
     [1m[94m= [0m[1mhelp[0m: for further information visit https://rust-lang.github.io/rust-clippy/rust-1.95.0/index.html#redundant_guards
     [1m[94m= [0m[1mnote[0m: `#[warn(clippy::redundant_guards)]` on by default
[1m[96mhelp[0m: try
     [1m[94m|[0m
[1m[94m1587[0m [92m~ [0m                    mir::RValue::Binary([92mcrate::ast::BinOp::Add[0m
[1m[94m1588[0m [92m+                                 | crate::ast::BinOp::Sub[0m
[1m[94m1589[0m [92m+                                 | crate::ast::BinOp::Mul[0m
[1m[94m1590[0m [92m+                                 | crate::ast::BinOp::Div[0m
[1m[94m1591[0m [92m+                                 | crate::ast::BinOp::Mod[0m
[1m[94m1592[0m [92m~                                 | crate::ast::BinOp::Pow[0m, l, r) =>
     [1m[94m|[0m

[1m[33mwarning[0m[1m: you seem to want to iterate on a map's values[0m
    [1m[94m--> [0msrc/mir_codegen.rs:2664:33
     [1m[94m|[0m
[1m[94m2664[0m [1m[94m|[0m         for (_, &(dst, src)) in &transfer_sites {
     [1m[94m|[0m                                 [1m[33m^^^^^^^^^^^^^^^[0m
     [1m[94m|[0m
     [1m[94m= [0m[1mhelp[0m: for further information visit https://rust-lang.github.io/rust-clippy/rust-1.95.0/index.html#for_kv_map
     [1m[94m= [0m[1mnote[0m: `#[warn(clippy::for_kv_map)]` on by default
[1m[96mhelp[0m: use the corresponding method
     [1m[94m|[0m
[1m[94m2664[0m [91m- [0m        for [91m(_, &(dst, src))[0m in [91m&transfer_sites[0m {
[1m[94m2664[0m [92m+ [0m        for [92m&(dst, src)[0m in [92mtransfer_sites.values()[0m {
     [1m[94m|[0m

[1m[33mwarning[0m[1m: the loop variable `c` is used to index `candidate`[0m
    [1m[94m--> [0msrc/mir_codegen.rs:2798:18
     [1m[94m|[0m
[1m[94m2798[0m [1m[94m|[0m         for c in 0..nlocals {
     [1m[94m|[0m                  [1m[33m^^^^^^^^^^[0m
     [1m[94m|[0m
     [1m[94m= [0m[1mhelp[0m: for further information visit https://rust-lang.github.io/rust-clippy/rust-1.95.0/index.html#needless_range_loop
[1m[96mhelp[0m: consider using an iterator and enumerate()
     [1m[94m|[0m
[1m[94m2798[0m [91m- [0m        for [91mc[0m in [91m0..nlocals[0m {
[1m[94m2798[0m [92m+ [0m        for [92m(c, <item>)[0m in [92mcandidate.iter().enumerate().take(nlocals)[0m {
     [1m[94m|[0m

[1m[33mwarning[0m[1m: writing `&mut Vec` instead of `&mut [_]` involves a new object where a slice will do[0m
   [1m[94m--> [0msrc/mir_inline.rs:176:12
    [1m[94m|[0m
[1m[94m176[0m [1m[94m|[0m     funcs: &mut Vec<Function>,
    [1m[94m|[0m            [1m[33m^^^^^^^^^^^^^^^^^^[0m
    [1m[94m|[0m
    [1m[94m= [0m[1mhelp[0m: for further information visit https://rust-lang.github.io/rust-clippy/rust-1.95.0/index.html#ptr_arg
    [1m[94m= [0m[1mnote[0m: `#[warn(clippy::ptr_arg)]` on by default
[1m[96mhelp[0m: change this to
    [1m[94m|[0m
[1m[94m176[0m [91m- [0m    funcs: [91m&mut Vec<Function>[0m,
[1m[94m176[0m [92m+ [0m    funcs: [92m&mut [Function][0m,
    [1m[94m|[0m

[1m[33mwarning[0m[1m: writing `&mut Vec` instead of `&mut [_]` involves a new object where a slice will do[0m
   [1m[94m--> [0msrc/mir_inline.rs:177:16
    [1m[94m|[0m
[1m[94m177[0m [1m[94m|[0m     behaviors: &mut Vec<Function>,
    [1m[94m|[0m                [1m[33m^^^^^^^^^^^^^^^^^^[0m
    [1m[94m|[0m
    [1m[94m= [0m[1mhelp[0m: for further information visit https://rust-lang.github.io/rust-clippy/rust-1.95.0/index.html#ptr_arg
[1m[96mhelp[0m: change this to
    [1m[94m|[0m
[1m[94m177[0m [91m- [0m    behaviors: [91m&mut Vec<Function>[0m,
[1m[94m177[0m [92m+ [0m    behaviors: [92m&mut [Function][0m,
    [1m[94m|[0m

[1m[33mwarning[0m[1m: usage of `contains_key` followed by `insert` on a `HashMap`[0m
   [1m[94m--> [0msrc/mir_inline.rs:226:13
    [1m[94m|[0m
[1m[94m226[0m [1m[94m|[0m [1m[33m/[0m             if seen_blocks.contains_key(&site.block) {
[1m[94m227[0m [1m[94m|[0m [1m[33m|[0m                 remaining.push(CallSite {
[1m[94m228[0m [1m[94m|[0m [1m[33m|[0m                     block: site.block,
[1m[94m229[0m [1m[94m|[0m [1m[33m|[0m                     stmt_idx: site.stmt_idx,
[1m[94m...[0m   [1m[33m|[0m
[1m[94m235[0m [1m[94m|[0m [1m[33m|[0m                 inlined_this_round.push(site);
[1m[94m236[0m [1m[94m|[0m [1m[33m|[0m             }
    [1m[94m|[0m [1m[33m|_____________^[0m
    [1m[94m|[0m
    [1m[94m= [0m[1mhelp[0m: for further information visit https://rust-lang.github.io/rust-clippy/rust-1.95.0/index.html#map_entry
[1m[96mhelp[0m: try
    [1m[94m|[0m
[1m[94m226[0m [92m~ [0m            [92mif let std::collections::hash_map::Entry::Vacant(e) = seen_blocks.entry(site.block) {[0m
[1m[94m227[0m [92m+                 e.insert(());[0m
[1m[94m228[0m [92m+                 inlined_this_round.push(site);[0m
[1m[94m229[0m [92m+             } else {[0m
[1m[94m230[0m [92m+                 remaining.push(CallSite {[0m
[1m[94m231[0m [92m+                     block: site.block,[0m
[1m[94m232[0m [92m+                     stmt_idx: site.stmt_idx,[0m
[1m[94m233[0m [92m+                     dst: site.dst,[0m
[1m[94m234[0m [92m+                     args: site.args.clone(),[0m
[1m[94m235[0m [92m+                 });[0m
[1m[94m236[0m [92m+             }[0m
    [1m[94m|[0m

[1m[33mwarning[0m[1m: you seem to use `.enumerate()` and immediately discard the index[0m
   [1m[94m--> [0msrc/mir_inline.rs:301:52
    [1m[94m|[0m
[1m[94m301[0m [1m[94m|[0m     for (_block_idx, block) in caller.blocks.iter().enumerate() {
    [1m[94m|[0m                                                    [1m[33m^^^^^^^^^^^^[0m
    [1m[94m|[0m
    [1m[94m= [0m[1mhelp[0m: for further information visit https://rust-lang.github.io/rust-clippy/rust-1.95.0/index.html#unused_enumerate_index
    [1m[94m= [0m[1mnote[0m: `#[warn(clippy::unused_enumerate_index)]` on by default
[1m[96mhelp[0m: remove the `.enumerate()` call
    [1m[94m|[0m
[1m[94m301[0m [91m- [0m    for [91m(_block_idx, [0mblock[91m)[0m in caller.blocks.iter()[91m.enumerate()[0m {
[1m[94m301[0m [92m+ [0m    for block in caller.blocks.iter() {
    [1m[94m|[0m

[1m[33mwarning[0m[1m: you seem to use `.enumerate()` and immediately discard the index[0m
   [1m[94m--> [0msrc/mir_inline.rs:302:46
    [1m[94m|[0m
[1m[94m302[0m [1m[94m|[0m         for (_si, stmt) in block.stmts.iter().enumerate() {
    [1m[94m|[0m                                              [1m[33m^^^^^^^^^^^^[0m
    [1m[94m|[0m
    [1m[94m= [0m[1mhelp[0m: for further information visit https://rust-lang.github.io/rust-clippy/rust-1.95.0/index.html#unused_enumerate_index
[1m[96mhelp[0m: remove the `.enumerate()` call
    [1m[94m|[0m
[1m[94m302[0m [91m- [0m        for [91m(_si, [0mstmt[91m)[0m in block.stmts.iter()[91m.enumerate()[0m {
[1m[94m302[0m [92m+ [0m        for stmt in block.stmts.iter() {
    [1m[94m|[0m

[1m[33mwarning[0m[1m: using `contains()` instead of `iter().any()` is more efficient[0m
   [1m[94m--> [0msrc/mir_inline.rs:387:50
    [1m[94m|[0m
[1m[94m387[0m [1m[94m|[0m         RValue::Closure { func: _, captures } => captures.iter().any(|c| *c == local),
    [1m[94m|[0m                                                  [1m[33m^^^^^^^^^^^^^^^^^^^^^^^^^^^^^^^^^^^^[0m [1m[33mhelp: try: `captures.contains(&local)`[0m
    [1m[94m|[0m
    [1m[94m= [0m[1mhelp[0m: for further information visit https://rust-lang.github.io/rust-clippy/rust-1.95.0/index.html#manual_contains

[1m[33mwarning[0m[1m: using `contains()` instead of `iter().any()` is more efficient[0m
   [1m[94m--> [0msrc/mir_inline.rs:392:19
    [1m[94m|[0m
[1m[94m392[0m [1m[94m|[0m             }) || args.iter().any(|a| *a == local)
    [1m[94m|[0m                   [1m[33m^^^^^^^^^^^^^^^^^^^^^^^^^^^^^^^^[0m [1m[33mhelp: try: `args.contains(&local)`[0m
    [1m[94m|[0m
    [1m[94m= [0m[1mhelp[0m: for further information visit https://rust-lang.github.io/rust-clippy/rust-1.95.0/index.html#manual_contains

[1m[33mwarning[0m[1m: using `contains()` instead of `iter().any()` is more efficient[0m
   [1m[94m--> [0msrc/mir_inline.rs:394:57
    [1m[94m|[0m
[1m[94m394[0m [1m[94m|[0m         RValue::Tuple(vals) | RValue::ArrayLit(vals) => vals.iter().any(|v| *v == local),
    [1m[94m|[0m                                                         [1m[33m^^^^^^^^^^^^^^^^^^^^^^^^^^^^^^^^[0m [1m[33mhelp: try: `vals.contains(&local)`[0m
    [1m[94m|[0m
    [1m[94m= [0m[1mhelp[0m: for further information visit https://rust-lang.github.io/rust-clippy/rust-1.95.0/index.html#manual_contains

[1m[33mwarning[0m[1m: using `contains()` instead of `iter().any()` is more efficient[0m
   [1m[94m--> [0msrc/mir_inline.rs:407:13
    [1m[94m|[0m
[1m[94m407[0m [1m[94m|[0m             args.iter().any(|a| *a == local)
    [1m[94m|[0m             [1m[33m^^^^^^^^^^^^^^^^^^^^^^^^^^^^^^^^[0m [1m[33mhelp: try: `args.contains(&local)`[0m
    [1m[94m|[0m
    [1m[94m= [0m[1mhelp[0m: for further information visit https://rust-lang.github.io/rust-clippy/rust-1.95.0/index.html#manual_contains

[1m[33mwarning[0m[1m: this `map_or` can be simplified[0m
   [1m[94m--> [0msrc/mir_inline.rs:417:20
    [1m[94m|[0m
[1m[94m417[0m [1m[94m|[0m                 || target_node.map_or(false, |n| n == local)
    [1m[94m|[0m                    [1m[33m^^^^^^^^^^^^^^^^^^^^^^^^^^^^^^^^^^^^^^^^^[0m
    [1m[94m|[0m
    [1m[94m= [0m[1mhelp[0m: for further information visit https://rust-lang.github.io/rust-clippy/rust-1.95.0/index.html#unnecessary_map_or
[1m[96mhelp[0m: use `is_some_and` instead
    [1m[94m|[0m
[1m[94m417[0m [91m- [0m                || target_node.[91mmap_or[0m([91mfalse, [0m|n| n == local)
[1m[94m417[0m [92m+ [0m                || target_node.[92mis_some_and[0m(|n| n == local)
    [1m[94m|[0m

[1m[33mwarning[0m[1m: using `contains()` instead of `iter().any()` is more efficient[0m
   [1m[94m--> [0msrc/mir_inline.rs:419:64
    [1m[94m|[0m
[1m[94m419[0m [1m[94m|[0m         RValue::Send { actor, args, .. } => *actor == local || args.iter().any(|a| *a == local),
    [1m[94m|[0m                                                                [1m[33m^^^^^^^^^^^^^^^^^^^^^^^^^^^^^^^^[0m [1m[33mhelp: try: `args.contains(&local)`[0m
    [1m[94m|[0m
    [1m[94m= [0m[1mhelp[0m: for further information visit https://rust-lang.github.io/rust-clippy/rust-1.95.0/index.html#manual_contains

[1m[33mwarning[0m[1m: using `contains()` instead of `iter().any()` is more efficient[0m
   [1m[94m--> [0msrc/mir_inline.rs:420:63
    [1m[94m|[0m
[1m[94m420[0m [1m[94m|[0m         RValue::Ask { actor, args, .. } => *actor == local || args.iter().any(|a| *a == local),
    [1m[94m|[0m                                                               [1m[33m^^^^^^^^^^^^^^^^^^^^^^^^^^^^^^^^[0m [1m[33mhelp: try: `args.contains(&local)`[0m
    [1m[94m|[0m
    [1m[94m= [0m[1mhelp[0m: for further information visit https://rust-lang.github.io/rust-clippy/rust-1.95.0/index.html#manual_contains

[1m[33mwarning[0m[1m: using `contains()` instead of `iter().any()` is more efficient[0m
   [1m[94m--> [0msrc/mir_inline.rs:422:41
    [1m[94m|[0m
[1m[94m422[0m [1m[94m|[0m         RValue::FFICall { args, .. } => args.iter().any(|a| *a == local),
    [1m[94m|[0m                                         [1m[33m^^^^^^^^^^^^^^^^^^^^^^^^^^^^^^^^[0m [1m[33mhelp: try: `args.contains(&local)`[0m
    [1m[94m|[0m
    [1m[94m= [0m[1mhelp[0m: for further information visit https://rust-lang.github.io/rust-clippy/rust-1.95.0/index.html#manual_contains

[1m[33mwarning[0m[1m: usage of `contains_key` followed by `insert` on a `HashMap`[0m
   [1m[94m--> [0msrc/mir_inline.rs:478:9
    [1m[94m|[0m
[1m[94m478[0m [1m[94m|[0m [1m[33m/[0m         if !remap.contains_key(&local.id) {
[1m[94m479[0m [1m[94m|[0m [1m[33m|[0m             let new_id = LocalId(next_local);
[1m[94m480[0m [1m[94m|[0m [1m[33m|[0m             next_local += 1;
[1m[94m481[0m [1m[94m|[0m [1m[33m|[0m             remap.insert(local.id, new_id);
[1m[94m...[0m   [1m[33m|[0m
[1m[94m487[0m [1m[94m|[0m [1m[33m|[0m             });
[1m[94m488[0m [1m[94m|[0m [1m[33m|[0m         }
    [1m[94m|[0m [1m[33m|_________^[0m
    [1m[94m|[0m
    [1m[94m= [0m[1mhelp[0m: for further information visit https://rust-lang.github.io/rust-clippy/rust-1.95.0/index.html#map_entry
[1m[96mhelp[0m: try
    [1m[94m|[0m
[1m[94m478[0m [92m~ [0m        [92mif let std::collections::hash_map::Entry::Vacant(e) = remap.entry(local.id) {[0m
[1m[94m479[0m [92m+             let new_id = LocalId(next_local);[0m
[1m[94m480[0m [92m+             next_local += 1;[0m
[1m[94m481[0m [92m+             e.insert(new_id);[0m
[1m[94m482[0m [92m+             caller.locals.push(crate::mir::Local {[0m
[1m[94m483[0m [92m+                 id: new_id,[0m
[1m[94m484[0m [92m+                 name: local.name.clone(),[0m
[1m[94m485[0m [92m+                 ty: local.ty.clone(),[0m
[1m[94m486[0m [92m+                 cap: local.cap,[0m
[1m[94m487[0m [92m+             });[0m
[1m[94m488[0m [92m+         }[0m
    [1m[94m|[0m

[1m[33mwarning[0m[1m: casting to the same type is unnecessary (`usize` -> `usize`)[0m
   [1m[94m--> [0msrc/mir_inline.rs:585:24
    [1m[94m|[0m
[1m[94m585[0m [1m[94m|[0m         let si_usize = *si as usize;
    [1m[94m|[0m                        [1m[33m^^^^^^^^^^^^[0m [1m[33mhelp: try: `*si`[0m
    [1m[94m|[0m
    [1m[94m= [0m[1mhelp[0m: for further information visit https://rust-lang.github.io/rust-clippy/rust-1.95.0/index.html#unnecessary_cast

[1m[33mwarning[0m[1m: useless use of `format!`[0m
    [1m[94m--> [0msrc/mir_lower.rs:1344:40
     [1m[94m|[0m
[1m[94m1344[0m [1m[94m|[0m [1m[94m...[0m                   effect_op: format!("Inference.ask"),
     [1m[94m|[0m                                  [1m[33m^^^^^^^^^^^^^^^^^^^^^^^^[0m [1m[33mhelp: consider using `.to_string()`: `"Inference.ask".to_string()`[0m
     [1m[94m|[0m
     [1m[94m= [0m[1mhelp[0m: for further information visit https://rust-lang.github.io/rust-clippy/rust-1.95.0/index.html#useless_format

[1m[33mwarning[0m[1m: useless use of `format!`[0m
    [1m[94m--> [0msrc/mir_lower.rs:1366:48
     [1m[94m|[0m
[1m[94m1366[0m [1m[94m|[0m [1m[94m...[0m                   effect_op: format!("Inference.ask"),
     [1m[94m|[0m                                  [1m[33m^^^^^^^^^^^^^^^^^^^^^^^^[0m [1m[33mhelp: consider using `.to_string()`: `"Inference.ask".to_string()`[0m
     [1m[94m|[0m
     [1m[94m= [0m[1mhelp[0m: for further information visit https://rust-lang.github.io/rust-clippy/rust-1.95.0/index.html#useless_format

[1m[33mwarning[0m[1m: useless use of `format!`[0m
    [1m[94m--> [0msrc/mir_lower.rs:1382:40
     [1m[94m|[0m
[1m[94m1382[0m [1m[94m|[0m [1m[94m...[0m                   effect_op: format!("Timer.sleep"),
     [1m[94m|[0m                                  [1m[33m^^^^^^^^^^^^^^^^^^^^^^[0m [1m[33mhelp: consider using `.to_string()`: `"Timer.sleep".to_string()`[0m
     [1m[94m|[0m
     [1m[94m= [0m[1mhelp[0m: for further information visit https://rust-lang.github.io/rust-clippy/rust-1.95.0/index.html#useless_format

[1m[33mwarning[0m[1m: initializer for `thread_local` value can be made `const`[0m
  [1m[94m--> [0msrc/package/commands.rs:27:9
   [1m[94m|[0m
[1m[94m27[0m [1m[94m|[0m         std::cell::RefCell::new(None);
   [1m[94m|[0m         [1m[33m^^^^^^^^^^^^^^^^^^^^^^^^^^^^^[0m [1m[33mhelp: replace with: `const { std::cell::RefCell::new(None) }`[0m
   [1m[94m|[0m
   [1m[94m= [0m[1mhelp[0m: for further information visit https://rust-lang.github.io/rust-clippy/rust-1.95.0/index.html#missing_const_for_thread_local

[1m[33mwarning[0m[1m: this `map_or` can be simplified[0m
    [1m[94m--> [0msrc/package/commands.rs:1712:17
     [1m[94m|[0m
[1m[94m1712[0m [1m[94m|[0m [1m[33m/[0m                 filter.map_or(true, |f| {
[1m[94m1713[0m [1m[94m|[0m [1m[33m|[0m                     p.file_stem()
[1m[94m1714[0m [1m[94m|[0m [1m[33m|[0m                         .and_then(|s| s.to_str())
[1m[94m1715[0m [1m[94m|[0m [1m[33m|[0m                         .map_or(false, |s| s.contains(f))
[1m[94m1716[0m [1m[94m|[0m [1m[33m|[0m                 })
     [1m[94m|[0m [1m[33m|__________________^[0m
     [1m[94m|[0m
     [1m[94m= [0m[1mhelp[0m: for further information visit https://rust-lang.github.io/rust-clippy/rust-1.95.0/index.html#unnecessary_map_or
[1m[96mhelp[0m: use `is_none_or` instead
     [1m[94m|[0m
[1m[94m1712[0m [91m- [0m                filter.[91mmap_or[0m([91mtrue, [0m|f| {
[1m[94m1712[0m [92m+ [0m                filter.[92mis_none_or[0m(|f| {
     [1m[94m|[0m

[1m[33mwarning[0m[1m: this `map_or` can be simplified[0m
    [1m[94m--> [0msrc/package/commands.rs:1713:21
     [1m[94m|[0m
[1m[94m1713[0m [1m[94m|[0m [1m[33m/[0m                     p.file_stem()
[1m[94m1714[0m [1m[94m|[0m [1m[33m|[0m                         .and_then(|s| s.to_str())
[1m[94m1715[0m [1m[94m|[0m [1m[33m|[0m                         .map_or(false, |s| s.contains(f))
     [1m[94m|[0m [1m[33m|_________________________________________________________^[0m
     [1m[94m|[0m
     [1m[94m= [0m[1mhelp[0m: for further information visit https://rust-lang.github.io/rust-clippy/rust-1.95.0/index.html#unnecessary_map_or
[1m[96mhelp[0m: use `is_some_and` instead
     [1m[94m|[0m
[1m[94m1715[0m [91m- [0m                        .[91mmap_or[0m([91mfalse, [0m|s| s.contains(f))
[1m[94m1715[0m [92m+ [0m                        .[92mis_some_and[0m(|s| s.contains(f))
     [1m[94m|[0m

[1m[33mwarning[0m[1m: the borrowed expression implements the required traits[0m
    [1m[94m--> [0msrc/package/commands.rs:1751:27
     [1m[94m|[0m
[1m[94m1751[0m [1m[94m|[0m             .strip_prefix(&tests_dir.parent().unwrap_or(&tests_dir))
     [1m[94m|[0m                           [1m[33m^^^^^^^^^^^^^^^^^^^^^^^^^^^^^^^^^^^^^^^^^[0m [1m[33mhelp: change this to: `tests_dir.parent().unwrap_or(&tests_dir)`[0m
     [1m[94m|[0m
     [1m[94m= [0m[1mhelp[0m: for further information visit https://rust-lang.github.io/rust-clippy/rust-1.95.0/index.html#needless_borrows_for_generic_args
     [1m[94m= [0m[1mnote[0m: `#[warn(clippy::needless_borrows_for_generic_args)]` on by default

[1m[33mwarning[0m[1m: unnecessary closure used to substitute value for `Option::None`[0m
   [1m[94m--> [0msrc/parser.rs:593:20
    [1m[94m|[0m
[1m[94m593[0m [1m[94m|[0m         let body = body.unwrap_or_else(|| Expr::Literal(Literal::Bool(true), span));
    [1m[94m|[0m                    [1m[33m^^^^^^^^^^^^^^^^^^^^^^^^^^^^^^^^^^^^^^^^^^^^^^^^^^^^^^^^^^^^^^^^[0m
    [1m[94m|[0m
    [1m[94m= [0m[1mhelp[0m: for further information visit https://rust-lang.github.io/rust-clippy/rust-1.95.0/index.html#unnecessary_lazy_evaluations
    [1m[94m= [0m[1mnote[0m: `#[warn(clippy::unnecessary_lazy_evaluations)]` on by default
[1m[96mhelp[0m: use `unwrap_or` instead
    [1m[94m|[0m
[1m[94m593[0m [91m- [0m        let body = body.[91munwrap_or_else(|| Expr::Literal(Literal::Bool(true), span))[0m;
[1m[94m593[0m [92m+ [0m        let body = body.[92munwrap_or(Expr::Literal(Literal::Bool(true), span))[0m;
    [1m[94m|[0m

[1m[33mwarning[0m[1m: this `if` has identical blocks[0m
    [1m[94m--> [0msrc/parser.rs:974:46
     [1m[94m|[0m
[1m[94m 974[0m [1m[94m|[0m           if self.consume_if(&TokenKind::Bang) {
     [1m[94m|[0m [1m[33m ______________________________________________^[0m
[1m[94m 975[0m [1m[94m|[0m [1m[33m|[0m             if self.peek_kind() == &TokenKind::LBrace {
[1m[94m 976[0m [1m[94m|[0m [1m[33m|[0m                 error_type = None;
[1m[94m 977[0m [1m[94m|[0m [1m[33m|[0m                 effect = Some(self.parse_effect_row()?);
[1m[94m...[0m    [1m[33m|[0m
[1m[94m 987[0m [1m[94m|[0m [1m[33m|[0m         } else if self.consume_if(&TokenKind::Throws) {
     [1m[94m|[0m [1m[33m|_________^[0m
     [1m[94m|[0m
[1m[92mnote[0m: same as this
    [1m[94m--> [0msrc/parser.rs:987:55
     [1m[94m|[0m
[1m[94m 987[0m [1m[94m|[0m           } else if self.consume_if(&TokenKind::Throws) {
     [1m[94m|[0m [1m[92m _______________________________________________________^[0m
[1m[94m 988[0m [1m[94m|[0m [1m[92m|[0m             if self.peek_kind() == &TokenKind::LBrace {
[1m[94m 989[0m [1m[94m|[0m [1m[92m|[0m                 error_type = None;
[1m[94m 990[0m [1m[94m|[0m [1m[92m|[0m                 effect = Some(self.parse_effect_row()?);
[1m[94m...[0m    [1m[92m|[0m
[1m[94m1000[0m [1m[94m|[0m [1m[92m|[0m         } else {
     [1m[94m|[0m [1m[92m|_________^[0m
     [1m[94m= [0m[1mhelp[0m: for further information visit https://rust-lang.github.io/rust-clippy/rust-1.95.0/index.html#if_same_then_else
     [1m[94m= [0m[1mnote[0m: `#[warn(clippy::if_same_then_else)]` on by default

[1m[33mwarning[0m[1m: using `clone` on type `Span` which implements the `Copy` trait[0m
    [1m[94m--> [0msrc/parser.rs:3208:82
     [1m[94m|[0m
[1m[94m3208[0m [1m[94m|[0m                 NuError::parse_error(format!("Not a binary operator: {:?}", op), span.clone())
     [1m[94m|[0m                                                                                  [1m[33m^^^^^^^^^^^^[0m [1m[33mhelp: try removing the `clone` call: `span`[0m
     [1m[94m|[0m
     [1m[94m= [0m[1mhelp[0m: for further information visit https://rust-lang.github.io/rust-clippy/rust-1.95.0/index.html#clone_on_copy
     [1m[94m= [0m[1mnote[0m: `#[warn(clippy::clone_on_copy)]` on by default

[1m[33mwarning[0m[1m: using `clone` on type `Span` which implements the `Copy` trait[0m
    [1m[94m--> [0msrc/parser.rs:3336:66
     [1m[94m|[0m
[1m[94m3336[0m [1m[94m|[0m [1m[94m...[0m                   target: Box::new(Expr::Var(name, span.clone())),
     [1m[94m|[0m                                                        [1m[33m^^^^^^^^^^^^[0m [1m[33mhelp: try removing the `clone` call: `span`[0m
     [1m[94m|[0m
     [1m[94m= [0m[1mhelp[0m: for further information visit https://rust-lang.github.io/rust-clippy/rust-1.95.0/index.html#clone_on_copy

[1m[33mwarning[0m[1m: match expression looks like `matches!` macro[0m
    [1m[94m--> [0msrc/parser.rs:4337:9
     [1m[94m|[0m
[1m[94m4337[0m [1m[94m|[0m [1m[33m/[0m         match kind {
[1m[94m4338[0m [1m[94m|[0m [1m[33m|[0m             TokenKind::IntLit(_)
[1m[94m4339[0m [1m[94m|[0m [1m[33m|[0m             | TokenKind::FloatLit(_)
[1m[94m4340[0m [1m[94m|[0m [1m[33m|[0m             | TokenKind::StringLit(_)
[1m[94m...[0m    [1m[33m|[0m
[1m[94m4396[0m [1m[94m|[0m [1m[33m|[0m             _ => true,
[1m[94m4397[0m [1m[94m|[0m [1m[33m|[0m         }
     [1m[94m|[0m [1m[33m|_________^[0m
     [1m[94m|[0m
     [1m[94m= [0m[1mhelp[0m: for further information visit https://rust-lang.github.io/rust-clippy/rust-1.95.0/index.html#match_like_matches_macro
[1m[96mhelp[0m: use `matches!` directly
     [1m[94m|[0m
[1m[94m4337[0m [92m~ [0m        [92m!matches!(kind, TokenKind::IntLit(_)[0m
[1m[94m4338[0m [92m+             | TokenKind::FloatLit(_)[0m
[1m[94m4339[0m [92m+             | TokenKind::StringLit(_)[0m
[1m[94m4340[0m [92m+             | TokenKind::FStringLit(_)[0m
[1m[94m4341[0m [92m+             | TokenKind::BoolLit(_)[0m
[1m[94m4342[0m [92m+             | TokenKind::NilLit[0m
[1m[94m4343[0m [92m+             | TokenKind::UnitLit[0m
[1m[94m4344[0m [92m+             | TokenKind::Ident(_)[0m
[1m[94m4345[0m [92m+             | TokenKind::UpperIdent(_)[0m
[1m[94m4346[0m [92m+             | TokenKind::Plus[0m
[1m[94m4347[0m [92m+             | TokenKind::Minus[0m
[1m[94m4348[0m [92m+             | TokenKind::Star[0m
[1m[94m4349[0m [92m+             | TokenKind::Star2[0m
[1m[94m4350[0m [92m+             | TokenKind::Slash[0m
[1m[94m4351[0m [92m+             | TokenKind::Percent[0m
[1m[94m4352[0m [92m+             | TokenKind::Eq[0m
[1m[94m4353[0m [92m+             | TokenKind::Ne[0m
[1m[94m4354[0m [92m+             | TokenKind::Lt[0m
[1m[94m4355[0m [92m+             | TokenKind::Le[0m
[1m[94m4356[0m [92m+             | TokenKind::Gt[0m
[1m[94m4357[0m [92m+             | TokenKind::Ge[0m
[1m[94m4358[0m [92m+             | TokenKind::And[0m
[1m[94m4359[0m [92m+             | TokenKind::Or[0m
[1m[94m4360[0m [92m+             | TokenKind::Not[0m
[1m[94m4361[0m [92m+             | TokenKind::Ampersand[0m
[1m[94m4362[0m [92m+             | TokenKind::Pipe[0m
[1m[94m4363[0m [92m+             | TokenKind::PipeOp[0m
[1m[94m4364[0m [92m+             | TokenKind::Pipe3[0m
[1m[94m4365[0m [92m+             | TokenKind::Caret[0m
[1m[94m4366[0m [92m+             | TokenKind::Tilde[0m
[1m[94m4367[0m [92m+             | TokenKind::Shl[0m
[1m[94m4368[0m [92m+             | TokenKind::Shr[0m
[1m[94m4369[0m [92m+             | TokenKind::Assign[0m
[1m[94m4370[0m [92m+             | TokenKind::PlusAssign[0m
[1m[94m4371[0m [92m+             | TokenKind::MinusAssign[0m
[1m[94m4372[0m [92m+             | TokenKind::Arrow[0m
[1m[94m4373[0m [92m+             | TokenKind::FatArrow[0m
[1m[94m4374[0m [92m+             | TokenKind::ThinArrow[0m
[1m[94m4375[0m [92m+             | TokenKind::ThinArrowQuestion[0m
[1m[94m4376[0m [92m+             | TokenKind::Dot[0m
[1m[94m4377[0m [92m+             | TokenKind::DotDot[0m
[1m[94m4378[0m [92m+             | TokenKind::Colon[0m
[1m[94m4379[0m [92m+             | TokenKind::DoubleColon[0m
[1m[94m4380[0m [92m+             | TokenKind::At[0m
[1m[94m4381[0m [92m+             | TokenKind::Bang[0m
[1m[94m4382[0m [92m+             | TokenKind::Question[0m
[1m[94m4383[0m [92m+             | TokenKind::LParen[0m
[1m[94m4384[0m [92m+             | TokenKind::RParen[0m
[1m[94m4385[0m [92m+             | TokenKind::LBrace[0m
[1m[94m4386[0m [92m+             | TokenKind::RBrace[0m
[1m[94m4387[0m [92m+             | TokenKind::LBracket[0m
[1m[94m4388[0m [92m+             | TokenKind::RBracket[0m
[1m[94m4389[0m [92m+             | TokenKind::Comma[0m
[1m[94m4390[0m [92m+             | TokenKind::Semicolon[0m
[1m[94m4391[0m [92m+             | TokenKind::Newline[0m
[1m[94m4392[0m [92m+             | TokenKind::Comment(_)[0m
[1m[94m4393[0m [92m+             | TokenKind::DocComment(_)[0m
[1m[94m4394[0m [92m+             | TokenKind::Eof)[0m
     [1m[94m|[0m

[1m[33mwarning[0m[1m: this `if` statement can be collapsed[0m
    [1m[94m--> [0msrc/parser.rs:4834:9
     [1m[94m|[0m
[1m[94m4834[0m [1m[94m|[0m [1m[33m/[0m         if self.peek_kind() == &TokenKind::LBrace {
[1m[94m4835[0m [1m[94m|[0m [1m[33m|[0m             if self.pos + 2 < self.tokens.len() {
[1m[94m4836[0m [1m[94m|[0m [1m[33m|[0m                 let next1 = &self.tokens[self.pos + 1].kind;
[1m[94m4837[0m [1m[94m|[0m [1m[33m|[0m                 let next2 = &self.tokens[self.pos + 2].kind;
[1m[94m...[0m    [1m[33m|[0m
[1m[94m4841[0m [1m[94m|[0m [1m[33m|[0m         }
     [1m[94m|[0m [1m[33m|_________^[0m
     [1m[94m|[0m
     [1m[94m= [0m[1mhelp[0m: for further information visit https://rust-lang.github.io/rust-clippy/rust-1.95.0/index.html#collapsible_if
[1m[96mhelp[0m: collapse nested if block
     [1m[94m|[0m
[1m[94m4834[0m [92m~ [0m        if self.peek_kind() == &TokenKind::LBrace
[1m[94m4835[0m [92m~ [0m            [92m&&[0m self.pos + 2 < self.tokens.len() {
[1m[94m4836[0m [1m[94m|[0m                 let next1 = &self.tokens[self.pos + 1].kind;
 [1m[94m...[0m
[1m[94m4839[0m [1m[94m|[0m                     && matches!(next2, TokenKind::Colon);
[1m[94m4840[0m [92m~ [0m            }
     [1m[94m|[0m

[1m[33mwarning[0m[1m: unneeded `return` statement[0m
    [1m[94m--> [0msrc/parser.rs:5613:9
     [1m[94m|[0m
[1m[94m5613[0m [1m[94m|[0m [1m[33m/[0m         return Err(NuError::parse_error(
[1m[94m5614[0m [1m[94m|[0m [1m[33m|[0m             format!("Unknown type name: '{}'", name),
[1m[94m5615[0m [1m[94m|[0m [1m[33m|[0m             span,
[1m[94m5616[0m [1m[94m|[0m [1m[33m|[0m         ));
     [1m[94m|[0m [1m[33m|__________^[0m
     [1m[94m|[0m
     [1m[94m= [0m[1mhelp[0m: for further information visit https://rust-lang.github.io/rust-clippy/rust-1.95.0/index.html#needless_return
[1m[96mhelp[0m: remove `return`
     [1m[94m|[0m
[1m[94m5613[0m [92m~ [0m        [92mErr(NuError::parse_error([0m
[1m[94m5614[0m [92m+             format!("Unknown type name: '{}'", name),[0m
[1m[94m5615[0m [92m+             span,[0m
[1m[94m5616[0m [92m~         ))[0m
     [1m[94m|[0m

[1m[33mwarning[0m[1m: this `if` statement can be collapsed[0m
    [1m[94m--> [0msrc/parser.rs:5671:13
     [1m[94m|[0m
[1m[94m5671[0m [1m[94m|[0m [1m[33m/[0m             if *kind == TokenKind::Opaque {
[1m[94m5672[0m [1m[94m|[0m [1m[33m|[0m                 if matches!(self.tokens.get(j).map(|t| &t.kind), Some(TokenKind::Type)) {
[1m[94m5673[0m [1m[94m|[0m [1m[33m|[0m                     j += 1;
[1m[94m5674[0m [1m[94m|[0m [1m[33m|[0m                 }
[1m[94m5675[0m [1m[94m|[0m [1m[33m|[0m             }
     [1m[94m|[0m [1m[33m|_____________^[0m
     [1m[94m|[0m
     [1m[94m= [0m[1mhelp[0m: for further information visit https://rust-lang.github.io/rust-clippy/rust-1.95.0/index.html#collapsible_if
[1m[96mhelp[0m: collapse nested if block
     [1m[94m|[0m
[1m[94m5671[0m [92m~ [0m            if *kind == TokenKind::Opaque
[1m[94m5672[0m [92m~ [0m                [92m&&[0m matches!(self.tokens.get(j).map(|t| &t.kind), Some(TokenKind::Type)) {
[1m[94m5673[0m [1m[94m|[0m                     j += 1;
[1m[94m5674[0m [92m~ [0m                }
     [1m[94m|[0m

[1m[33mwarning[0m[1m: this `if` can be collapsed into the outer `match`[0m
    [1m[94m--> [0msrc/parser.rs:5911:41
     [1m[94m|[0m
[1m[94m5911[0m [1m[94m|[0m [1m[33m/[0m [1m[94m...[0m                   if n == name {
[1m[94m5912[0m [1m[94m|[0m [1m[33m|[0m [1m[94m...[0m                       // Found it! Parse the type from the imported file.
[1m[94m5913[0m [1m[94m|[0m [1m[33m|[0m [1m[94m...[0m                       let mut sub_parser =
[1m[94m5914[0m [1m[94m|[0m [1m[33m|[0m [1m[94m...[0m                           Parser::new(imported_tokens.clone());
[1m[94m...[0m    [1m[33m|[0m
[1m[94m5923[0m [1m[94m|[0m [1m[33m|[0m [1m[94m...[0m                       return Ok(Some((param_vars, resolved)));
[1m[94m5924[0m [1m[94m|[0m [1m[33m|[0m [1m[94m...[0m                   }
     [1m[94m|[0m [1m[33m|_______________________^[0m
     [1m[94m|[0m
     [1m[94m= [0m[1mhelp[0m: for further information visit https://rust-lang.github.io/rust-clippy/rust-1.95.0/index.html#collapsible_match
[1m[96mhelp[0m: collapse nested if block
     [1m[94m|[0m
[1m[94m5910[0m [92m~ [0m                                    TokenKind::Ident(n) | TokenKind::UpperIdent(n)
[1m[94m5911[0m [92m~ [0m                                        if n == name [92m=> [0m{
[1m[94m5912[0m [1m[94m|[0m                                             // Found it! Parse the type from the imported file.
 [1m[94m...[0m
[1m[94m5923[0m [1m[94m|[0m                                             return Ok(Some((param_vars, resolved)));
[1m[94m5924[0m [92m~ [0m                                        }
     [1m[94m|[0m

[1m[33mwarning[0m[1m: this `impl` can be derived[0m
   [1m[94m--> [0msrc/protocol.rs:278:1
    [1m[94m|[0m
[1m[94m278[0m [1m[94m|[0m [1m[33m/[0m impl Default for ProtocolAdmissionPolicy {
[1m[94m279[0m [1m[94m|[0m [1m[33m|[0m     fn default() -> Self {
[1m[94m280[0m [1m[94m|[0m [1m[33m|[0m         ProtocolAdmissionPolicy::StrictCompatible
[1m[94m281[0m [1m[94m|[0m [1m[33m|[0m     }
[1m[94m282[0m [1m[94m|[0m [1m[33m|[0m }
    [1m[94m|[0m [1m[33m|_^[0m
    [1m[94m|[0m
    [1m[94m= [0m[1mhelp[0m: for further information visit https://rust-lang.github.io/rust-clippy/rust-1.95.0/index.html#derivable_impls
[1m[96mhelp[0m: replace the manual implementation with a derive attribute and mark the default variant
    [1m[94m|[0m
[1m[94m272[0m [92m+ #[derive(Default)][0m
[1m[94m273[0m [1m[94m|[0m pub enum ProtocolAdmissionPolicy {
[1m[94m274[0m [1m[94m|[0m     StrictExact,
[1m[94m275[0m [92m~ [0m    [92m#[default][0m
[1m[94m276[0m [92m~     [0mStrictCompatible,
    [1m[94m|[0m

[1m[33mwarning[0m[1m: casting to the same type is unnecessary (`u64` -> `u64`)[0m
   [1m[94m--> [0msrc/python/marshal.rs:109:22
    [1m[94m|[0m
[1m[94m109[0m [1m[94m|[0m         let obj_id = (value.as_raw() & 0x0000_FFFF_FFFF_FFFF) as u64;
    [1m[94m|[0m                      [1m[33m^^^^^^^^^^^^^^^^^^^^^^^^^^^^^^^^^^^^^^^^^^^^^^^[0m [1m[33mhelp: try: `(value.as_raw() & 0x0000_FFFF_FFFF_FFFF)`[0m
    [1m[94m|[0m
    [1m[94m= [0m[1mhelp[0m: for further information visit https://rust-lang.github.io/rust-clippy/rust-1.95.0/index.html#unnecessary_cast

[1m[33mwarning[0m[1m: redundant pattern matching, consider using `is_err()`[0m
   [1m[94m--> [0msrc/registry/server.rs:237:16
    [1m[94m|[0m
[1m[94m237[0m [1m[94m|[0m         if let Err(_) = std::fs::create_dir_all(&dir) {
    [1m[94m|[0m         [1m[94m-------[0m[1m[33m^^^^^^[0m[1m[94m--------------------------------[0m [1m[94mhelp: try: `if std::fs::create_dir_all(&dir).is_err()`[0m
    [1m[94m|[0m
    [1m[94m= [0m[1mhelp[0m: for further information visit https://rust-lang.github.io/rust-clippy/rust-1.95.0/index.html#redundant_pattern_matching
    [1m[94m= [0m[1mnote[0m: `#[warn(clippy::redundant_pattern_matching)]` on by default

[1m[33mwarning[0m[1m: calling `push_str()` using a single-character string literal[0m
   [1m[94m--> [0msrc/repl.rs:681:9
    [1m[94m|[0m
[1m[94m681[0m [1m[94m|[0m         self.session_source.push_str("\n");
    [1m[94m|[0m         [1m[33m^^^^^^^^^^^^^^^^^^^^^^^^^^^^^^^^^^[0m [1m[33mhelp: consider using `push` with a character literal: `self.session_source.push('\n')`[0m
    [1m[94m|[0m
    [1m[94m= [0m[1mhelp[0m: for further information visit https://rust-lang.github.io/rust-clippy/rust-1.95.0/index.html#single_char_add_str

[1m[33mwarning[0m[1m: useless use of `format!`[0m
   [1m[94m--> [0msrc/repl.rs:712:13
    [1m[94m|[0m
[1m[94m712[0m [1m[94m|[0m             format!("{}", source)
    [1m[94m|[0m             [1m[33m^^^^^^^^^^^^^^^^^^^^^[0m [1m[33mhelp: consider using `.to_string()`: `source.to_string()`[0m
    [1m[94m|[0m
    [1m[94m= [0m[1mhelp[0m: for further information visit https://rust-lang.github.io/rust-clippy/rust-1.95.0/index.html#useless_format

[1m[33mwarning[0m[1m: useless use of `format!`[0m
   [1m[94m--> [0msrc/repl.rs:954:13
    [1m[94m|[0m
[1m[94m954[0m [1m[94m|[0m             format!("{}", source)
    [1m[94m|[0m             [1m[33m^^^^^^^^^^^^^^^^^^^^^[0m [1m[33mhelp: consider using `.to_string()`: `source.to_string()`[0m
    [1m[94m|[0m
    [1m[94m= [0m[1mhelp[0m: for further information visit https://rust-lang.github.io/rust-clippy/rust-1.95.0/index.html#useless_format

[1m[33mwarning[0m[1m: useless use of `format!`[0m
   [1m[94m--> [0msrc/repl.rs:997:13
    [1m[94m|[0m
[1m[94m997[0m [1m[94m|[0m             format!("{}", source)
    [1m[94m|[0m             [1m[33m^^^^^^^^^^^^^^^^^^^^^[0m [1m[33mhelp: consider using `.to_string()`: `source.to_string()`[0m
    [1m[94m|[0m
    [1m[94m= [0m[1mhelp[0m: for further information visit https://rust-lang.github.io/rust-clippy/rust-1.95.0/index.html#useless_format

[1m[33mwarning[0m[1m: this `if` can be collapsed into the outer `match`[0m
    [1m[94m--> [0msrc/repl.rs:1042:21
     [1m[94m|[0m
[1m[94m1042[0m [1m[94m|[0m [1m[33m/[0m                     if stack.last() == Some(&'(') {
[1m[94m1043[0m [1m[94m|[0m [1m[33m|[0m                         stack.pop();
[1m[94m1044[0m [1m[94m|[0m [1m[33m|[0m                     }
     [1m[94m|[0m [1m[33m|_____________________^[0m
     [1m[94m|[0m
     [1m[94m= [0m[1mhelp[0m: for further information visit https://rust-lang.github.io/rust-clippy/rust-1.95.0/index.html#collapsible_match
[1m[96mhelp[0m: collapse nested if block
     [1m[94m|[0m
[1m[94m1041[0m [92m~ [0m                TokenKind::RParen
[1m[94m1042[0m [92m~ [0m                    if stack.last() == Some(&'(') [92m=> [0m{
[1m[94m1043[0m [1m[94m|[0m                         stack.pop();
[1m[94m1044[0m [92m~ [0m                    }
     [1m[94m|[0m

[1m[33mwarning[0m[1m: this `if` can be collapsed into the outer `match`[0m
    [1m[94m--> [0msrc/repl.rs:1047:21
     [1m[94m|[0m
[1m[94m1047[0m [1m[94m|[0m [1m[33m/[0m                     if stack.last() == Some(&'{') {
[1m[94m1048[0m [1m[94m|[0m [1m[33m|[0m                         stack.pop();
[1m[94m1049[0m [1m[94m|[0m [1m[33m|[0m                     }
     [1m[94m|[0m [1m[33m|_____________________^[0m
     [1m[94m|[0m
     [1m[94m= [0m[1mhelp[0m: for further information visit https://rust-lang.github.io/rust-clippy/rust-1.95.0/index.html#collapsible_match
[1m[96mhelp[0m: collapse nested if block
     [1m[94m|[0m
[1m[94m1046[0m [92m~ [0m                TokenKind::RBrace
[1m[94m1047[0m [92m~ [0m                    if stack.last() == Some(&'{') [92m=> [0m{
[1m[94m1048[0m [1m[94m|[0m                         stack.pop();
[1m[94m1049[0m [92m~ [0m                    }
     [1m[94m|[0m

[1m[33mwarning[0m[1m: this `if` can be collapsed into the outer `match`[0m
    [1m[94m--> [0msrc/repl.rs:1052:21
     [1m[94m|[0m
[1m[94m1052[0m [1m[94m|[0m [1m[33m/[0m                     if stack.last() == Some(&'[') {
[1m[94m1053[0m [1m[94m|[0m [1m[33m|[0m                         stack.pop();
[1m[94m1054[0m [1m[94m|[0m [1m[33m|[0m                     }
     [1m[94m|[0m [1m[33m|_____________________^[0m
     [1m[94m|[0m
     [1m[94m= [0m[1mhelp[0m: for further information visit https://rust-lang.github.io/rust-clippy/rust-1.95.0/index.html#collapsible_match
[1m[96mhelp[0m: collapse nested if block
     [1m[94m|[0m
[1m[94m1051[0m [92m~ [0m                TokenKind::RBracket
[1m[94m1052[0m [92m~ [0m                    if stack.last() == Some(&'[') [92m=> [0m{
[1m[94m1053[0m [1m[94m|[0m                         stack.pop();
[1m[94m1054[0m [92m~ [0m                    }
     [1m[94m|[0m

[1m[33mwarning[0m[1m: useless use of `format!`[0m
    [1m[94m--> [0msrc/repl.rs:1168:13
     [1m[94m|[0m
[1m[94m1168[0m [1m[94m|[0m             format!("{}", parts.join(" | "))
     [1m[94m|[0m             [1m[33m^^^^^^^^^^^^^^^^^^^^^^^^^^^^^^^^[0m [1m[33mhelp: consider using `.to_string()`: `parts.join(" | ").to_string()`[0m
     [1m[94m|[0m
     [1m[94m= [0m[1mhelp[0m: for further information visit https://rust-lang.github.io/rust-clippy/rust-1.95.0/index.html#useless_format

[1m[33mwarning[0m[1m: this `map_or` can be simplified[0m
   [1m[94m--> [0msrc/resolver.rs:141:9
    [1m[94m|[0m
[1m[94m141[0m [1m[94m|[0m [1m[33m/[0m         module
[1m[94m142[0m [1m[94m|[0m [1m[33m|[0m             .decls
[1m[94m143[0m [1m[94m|[0m [1m[33m|[0m             .iter()
[1m[94m144[0m [1m[94m|[0m [1m[33m|[0m             .find(|d| decl_name(d) == Some(name))
[1m[94m145[0m [1m[94m|[0m [1m[33m|[0m             .map_or(false, is_type_decl)
    [1m[94m|[0m [1m[33m|________________________________________^[0m
    [1m[94m|[0m
    [1m[94m= [0m[1mhelp[0m: for further information visit https://rust-lang.github.io/rust-clippy/rust-1.95.0/index.html#unnecessary_map_or
[1m[96mhelp[0m: use `is_some_and` instead
    [1m[94m|[0m
[1m[94m145[0m [91m- [0m            .[91mmap_or[0m([91mfalse, [0mis_type_decl)
[1m[94m145[0m [92m+ [0m            .[92mis_some_and[0m(is_type_decl)
    [1m[94m|[0m

[1m[33mwarning[0m[1m: this `map_or` can be simplified[0m
   [1m[94m--> [0msrc/resolver.rs:286:21
    [1m[94m|[0m
[1m[94m286[0m [1m[94m|[0m         .filter(|d| decl_name(d).map_or(false, |n| set.contains(n)))
    [1m[94m|[0m                     [1m[33m^^^^^^^^^^^^^^^^^^^^^^^^^^^^^^^^^^^^^^^^^^^^^^^[0m
    [1m[94m|[0m
    [1m[94m= [0m[1mhelp[0m: for further information visit https://rust-lang.github.io/rust-clippy/rust-1.95.0/index.html#unnecessary_map_or
[1m[96mhelp[0m: use `is_some_and` instead
    [1m[94m|[0m
[1m[94m286[0m [91m- [0m        .filter(|d| decl_name(d).[91mmap_or[0m([91mfalse, [0m|n| set.contains(n)))
[1m[94m286[0m [92m+ [0m        .filter(|d| decl_name(d).[92mis_some_and[0m(|n| set.contains(n)))
    [1m[94m|[0m

[1m[33mwarning[0m[1m: this `impl` can be derived[0m
  [1m[94m--> [0msrc/runtime/actor.rs:37:1
   [1m[94m|[0m
[1m[94m37[0m [1m[94m|[0m [1m[33m/[0m impl Default for ActorBackend {
[1m[94m38[0m [1m[94m|[0m [1m[33m|[0m     fn default() -> Self {
[1m[94m39[0m [1m[94m|[0m [1m[33m|[0m         ActorBackend::Native
[1m[94m40[0m [1m[94m|[0m [1m[33m|[0m     }
[1m[94m41[0m [1m[94m|[0m [1m[33m|[0m }
   [1m[94m|[0m [1m[33m|_^[0m
   [1m[94m|[0m
   [1m[94m= [0m[1mhelp[0m: for further information visit https://rust-lang.github.io/rust-clippy/rust-1.95.0/index.html#derivable_impls
[1m[96mhelp[0m: replace the manual implementation with a derive attribute and mark the default variant
   [1m[94m|[0m
[1m[94m30[0m [92m+ #[derive(Default)][0m
[1m[94m31[0m [1m[94m|[0m pub enum ActorBackend {
[1m[94m32[0m [1m[94m|[0m     /// Native bytecode with JIT tiering (trusted, default).
[1m[94m33[0m [92m~ [0m    [92m#[default][0m
[1m[94m34[0m [92m~     [0mNative,
   [1m[94m|[0m

[1m[33mwarning[0m[1m: redundant closure[0m
   [1m[94m--> [0msrc/runtime/blocking_executor.rs:108:78
    [1m[94m|[0m
[1m[94m108[0m [1m[94m|[0m                         let completion = match catch_unwind(AssertUnwindSafe(move || task())) {
    [1m[94m|[0m                                                                              [1m[33m^^^^^^^^^^^^^^[0m [1m[33mhelp: replace the closure with the function itself: `task`[0m
    [1m[94m|[0m
    [1m[94m= [0m[1mhelp[0m: for further information visit https://rust-lang.github.io/rust-clippy/rust-1.95.0/index.html#redundant_closure

[1m[33mwarning[0m[1m: this `impl` can be derived[0m
   [1m[94m--> [0msrc/runtime/gc.rs:108:1
    [1m[94m|[0m
[1m[94m108[0m [1m[94m|[0m [1m[33m/[0m impl Default for GcStats {
[1m[94m109[0m [1m[94m|[0m [1m[33m|[0m     fn default() -> Self {
[1m[94m110[0m [1m[94m|[0m [1m[33m|[0m         GcStats {
[1m[94m111[0m [1m[94m|[0m [1m[33m|[0m             objects_allocated: 0,
[1m[94m...[0m   [1m[33m|[0m
[1m[94m122[0m [1m[94m|[0m [1m[33m|[0m }
    [1m[94m|[0m [1m[33m|_^[0m
    [1m[94m|[0m
    [1m[94m= [0m[1mhelp[0m: for further information visit https://rust-lang.github.io/rust-clippy/rust-1.95.0/index.html#derivable_impls
[1m[96mhelp[0m: replace the manual implementation with a derive attribute
    [1m[94m|[0m
[1m[94m 87[0m [92m+ #[derive(Default)][0m
[1m[94m 88[0m [1m[94m|[0m pub struct GcStats {
    [1m[94m|[0m

[1m[33mwarning[0m[1m: you seem to use `.enumerate()` and immediately discard the index[0m
   [1m[94m--> [0msrc/runtime/heap_serialize.rs:252:43
    [1m[94m|[0m
[1m[94m252[0m [1m[94m|[0m     for (_fi, frame) in cont.frames.iter().enumerate() {
    [1m[94m|[0m                                           [1m[33m^^^^^^^^^^^^[0m
    [1m[94m|[0m
    [1m[94m= [0m[1mhelp[0m: for further information visit https://rust-lang.github.io/rust-clippy/rust-1.95.0/index.html#unused_enumerate_index
[1m[96mhelp[0m: remove the `.enumerate()` call
    [1m[94m|[0m
[1m[94m252[0m [91m- [0m    for [91m(_fi, [0mframe[91m)[0m in cont.frames.iter()[91m.enumerate()[0m {
[1m[94m252[0m [92m+ [0m    for frame in cont.frames.iter() {
    [1m[94m|[0m

[1m[33mwarning[0m[1m: this `if` statement can be collapsed[0m
   [1m[94m--> [0msrc/runtime/heap_serialize.rs:305:9
    [1m[94m|[0m
[1m[94m305[0m [1m[94m|[0m [1m[33m/[0m         if !content.is_empty() || value.as_string_id().is_some() {
[1m[94m306[0m [1m[94m|[0m [1m[33m|[0m             if !ctx.string_ids.contains_key(&content) {
[1m[94m307[0m [1m[94m|[0m [1m[33m|[0m                 let idx = ctx.string_table.len() as u32;
[1m[94m308[0m [1m[94m|[0m [1m[33m|[0m                 ctx.string_table.push(content.clone());
[1m[94m...[0m   [1m[33m|[0m
[1m[94m312[0m [1m[94m|[0m [1m[33m|[0m         }
    [1m[94m|[0m [1m[33m|_________^[0m
    [1m[94m|[0m
    [1m[94m= [0m[1mhelp[0m: for further information visit https://rust-lang.github.io/rust-clippy/rust-1.95.0/index.html#collapsible_if
[1m[96mhelp[0m: collapse nested if block
    [1m[94m|[0m
[1m[94m305[0m [92m~ [0m        if [92m([0m!content.is_empty() || value.as_string_id().is_some[92m([0m)) {
[1m[94m306[0m [92m~ [0m            [92m&&[0m !ctx.string_ids.contains_key(&content) {
[1m[94m307[0m [1m[94m|[0m                 let idx = ctx.string_table.len() as u32;
[1m[94m...[0m
[1m[94m310[0m [1m[94m|[0m                 ctx.string_value_to_idx.insert(value.as_raw(), idx);
[1m[94m311[0m [92m~ [0m            }
    [1m[94m|[0m

[1m[33mwarning[0m[1m: this expression creates a reference which is immediately dereferenced by the compiler[0m
   [1m[94m--> [0msrc/runtime/heap_serialize.rs:680:29
    [1m[94m|[0m
[1m[94m680[0m [1m[94m|[0m         let ptr = obj_table[&_id];
    [1m[94m|[0m                             [1m[33m^^^^[0m [1m[33mhelp: change this to: `_id`[0m
    [1m[94m|[0m
    [1m[94m= [0m[1mhelp[0m: for further information visit https://rust-lang.github.io/rust-clippy/rust-1.95.0/index.html#needless_borrow

[1m[33mwarning[0m[1m: the loop variable `si` is used to index `dst_slots`[0m
   [1m[94m--> [0msrc/runtime/heap_serialize.rs:693:27
    [1m[94m|[0m
[1m[94m693[0m [1m[94m|[0m                 for si in 0..slot_count {
    [1m[94m|[0m                           [1m[33m^^^^^^^^^^^^^[0m
    [1m[94m|[0m
    [1m[94m= [0m[1mhelp[0m: for further information visit https://rust-lang.github.io/rust-clippy/rust-1.95.0/index.html#needless_range_loop
[1m[96mhelp[0m: consider using an iterator and enumerate()
    [1m[94m|[0m
[1m[94m693[0m [91m- [0m                for [91msi[0m in [91m0..slot_count[0m {
[1m[94m693[0m [92m+ [0m                for [92m(si, <item>)[0m in [92mdst_slots.iter_mut().enumerate().take(slot_count)[0m {
    [1m[94m|[0m

[1m[33mwarning[0m[1m: usage of `contains_key` followed by `insert` on a `HashMap`[0m
   [1m[94m--> [0msrc/runtime/cluster.rs:585:9
    [1m[94m|[0m
[1m[94m585[0m [1m[94m|[0m [1m[33m/[0m         if !self.members.contains_key(&seed_id) {
[1m[94m586[0m [1m[94m|[0m [1m[33m|[0m             let mut info = NodeInfo::new(seed_id, seed_addr);
[1m[94m587[0m [1m[94m|[0m [1m[33m|[0m             info.status = NodeStatus::Joining;
[1m[94m...[0m   [1m[33m|[0m
[1m[94m595[0m [1m[94m|[0m [1m[33m|[0m             self.members.insert(seed_id, info);
[1m[94m596[0m [1m[94m|[0m [1m[33m|[0m         }
    [1m[94m|[0m [1m[33m|_________^[0m
    [1m[94m|[0m
    [1m[94m= [0m[1mhelp[0m: for further information visit https://rust-lang.github.io/rust-clippy/rust-1.95.0/index.html#map_entry
[1m[96mhelp[0m: try
    [1m[94m|[0m
[1m[94m585[0m [92m~ [0m        [92mself.members.entry(seed_id).or_insert_with(|| {[0m
[1m[94m586[0m [92m+             let mut info = NodeInfo::new(seed_id, seed_addr);[0m
[1m[94m587[0m [92m+             info.status = NodeStatus::Joining;[0m
[1m[94m588[0m [92m+             // Baseline incarnation 1: the seed address is authoritative[0m
[1m[94m589[0m [92m+             // (it came from an explicit join request), so same-generation[0m
[1m[94m590[0m [92m+             // gossip (incarnation 1) must not overwrite it with a[0m
[1m[94m591[0m [92m+             // discovered address of unknown quality. Strictly-higher[0m
[1m[94m592[0m [92m+             // incarnations still win.[0m
[1m[94m593[0m [92m+             info.metadata[0m
[1m[94m594[0m [92m+                 .insert("_incarnation".to_string(), "1".to_string());[0m
[1m[94m595[0m [92m+             info[0m
[1m[94m596[0m [92m+         });[0m
    [1m[94m|[0m

[1m[33mwarning[0m[1m: usage of `contains_key` followed by `insert` on a `HashMap`[0m
   [1m[94m--> [0msrc/runtime/cluster.rs:605:9
    [1m[94m|[0m
[1m[94m605[0m [1m[94m|[0m [1m[33m/[0m         if !self.members.contains_key(&seed_id) {
[1m[94m606[0m [1m[94m|[0m [1m[33m|[0m             let mut info = NodeInfo::new(seed_id, seed_addr);
[1m[94m607[0m [1m[94m|[0m [1m[33m|[0m             info.status = NodeStatus::Joining;
[1m[94m608[0m [1m[94m|[0m [1m[33m|[0m             info.metadata
[1m[94m609[0m [1m[94m|[0m [1m[33m|[0m                 .insert("_incarnation".to_string(), "1".to_string());
[1m[94m610[0m [1m[94m|[0m [1m[33m|[0m             self.members.insert(seed_id, info);
[1m[94m611[0m [1m[94m|[0m [1m[33m|[0m         }
    [1m[94m|[0m [1m[33m|_________^[0m
    [1m[94m|[0m
    [1m[94m= [0m[1mhelp[0m: for further information visit https://rust-lang.github.io/rust-clippy/rust-1.95.0/index.html#map_entry
[1m[96mhelp[0m: try
    [1m[94m|[0m
[1m[94m605[0m [92m~ [0m        [92mself.members.entry(seed_id).or_insert_with(|| {[0m
[1m[94m606[0m [92m+             let mut info = NodeInfo::new(seed_id, seed_addr);[0m
[1m[94m607[0m [92m+             info.status = NodeStatus::Joining;[0m
[1m[94m608[0m [92m+             info.metadata[0m
[1m[94m609[0m [92m+                 .insert("_incarnation".to_string(), "1".to_string());[0m
[1m[94m610[0m [92m+             info[0m
[1m[94m611[0m [92m+         });[0m
    [1m[94m|[0m

[1m[33mwarning[0m[1m: this `if` statement can be collapsed[0m
   [1m[94m--> [0msrc/runtime/cluster.rs:778:13
    [1m[94m|[0m
[1m[94m778[0m [1m[94m|[0m [1m[33m/[0m             if info.status == NodeStatus::Healthy {
[1m[94m779[0m [1m[94m|[0m [1m[33m|[0m                 if now.duration_since(info.last_heartbeat) > self.heartbeat_timeout {
[1m[94m780[0m [1m[94m|[0m [1m[33m|[0m                     info.status = NodeStatus::Suspicious;
[1m[94m781[0m [1m[94m|[0m [1m[33m|[0m                 }
[1m[94m782[0m [1m[94m|[0m [1m[33m|[0m             }
    [1m[94m|[0m [1m[33m|_____________^[0m
    [1m[94m|[0m
    [1m[94m= [0m[1mhelp[0m: for further information visit https://rust-lang.github.io/rust-clippy/rust-1.95.0/index.html#collapsible_if
[1m[96mhelp[0m: collapse nested if block
    [1m[94m|[0m
[1m[94m778[0m [92m~ [0m            if info.status == NodeStatus::Healthy
[1m[94m779[0m [92m~ [0m                [92m&&[0m now.duration_since(info.last_heartbeat) > self.heartbeat_timeout {
[1m[94m780[0m [1m[94m|[0m                     info.status = NodeStatus::Suspicious;
[1m[94m781[0m [92m~ [0m                }
    [1m[94m|[0m

[1m[33mwarning[0m[1m: unnecessary use of `get(key).is_some()`[0m
   [1m[94m--> [0msrc/runtime/distributed.rs:330:40
    [1m[94m|[0m
[1m[94m330[0m [1m[94m|[0m             .retain(|key| self.entries.get(key).is_some());
    [1m[94m|[0m                                        [1m[33m^^^^^^^^^^^^^^^^^^[0m [1m[33mhelp: replace it with: `contains_key(key)`[0m
    [1m[94m|[0m
    [1m[94m= [0m[1mhelp[0m: for further information visit https://rust-lang.github.io/rust-clippy/rust-1.95.0/index.html#unnecessary_get_then_check
    [1m[94m= [0m[1mnote[0m: `#[warn(clippy::unnecessary_get_then_check)]` on by default

[1m[33mwarning[0m[1m: manual implementation of `.is_multiple_of()`[0m
   [1m[94m--> [0msrc/runtime/distributed.rs:430:12
    [1m[94m|[0m
[1m[94m430[0m [1m[94m|[0m         if self.stats.remote_resolves % 100 == 0 {
    [1m[94m|[0m            [1m[33m^^^^^^^^^^^^^^^^^^^^^^^^^^^^^^^^^^^^^[0m [1m[33mhelp: replace with: `self.stats.remote_resolves.is_multiple_of(100)`[0m
    [1m[94m|[0m
    [1m[94m= [0m[1mhelp[0m: for further information visit https://rust-lang.github.io/rust-clippy/rust-1.95.0/index.html#manual_is_multiple_of

[1m[33mwarning[0m[1m: this boolean expression can be simplified[0m
   [1m[94m--> [0msrc/runtime/distributed.rs:917:8
    [1m[94m|[0m
[1m[94m917[0m [1m[94m|[0m     if !runtime.actors.get(&sender_id).is_some() {
    [1m[94m|[0m        [1m[33m^^^^^^^^^^^^^^^^^^^^^^^^^^^^^^^^^^^^^^^^^[0m [1m[33mhelp: try: `runtime.actors.get(&sender_id).is_none()`[0m
    [1m[94m|[0m
    [1m[94m= [0m[1mhelp[0m: for further information visit https://rust-lang.github.io/rust-clippy/rust-1.95.0/index.html#nonminimal_bool
    [1m[94m= [0m[1mnote[0m: `#[warn(clippy::nonminimal_bool)]` on by default

[1m[33mwarning[0m[1m: unnecessary use of `get(&sender_id).is_some()`[0m
   [1m[94m--> [0msrc/runtime/distributed.rs:917:24
    [1m[94m|[0m
[1m[94m917[0m [1m[94m|[0m     if !runtime.actors.get(&sender_id).is_some() {
    [1m[94m|[0m                        [1m[33m^^^^^^^^^^^^^^^^^^^^^^^^^[0m [1m[33mhelp: replace it with: `contains_key(&sender_id)`[0m
    [1m[94m|[0m
    [1m[94m= [0m[1mhelp[0m: for further information visit https://rust-lang.github.io/rust-clippy/rust-1.95.0/index.html#unnecessary_get_then_check

[1m[33mwarning[0m[1m: you seem to want to iterate on a map's values[0m
    [1m[94m--> [0msrc/runtime/distributed.rs:1241:44
     [1m[94m|[0m
[1m[94m1241[0m [1m[94m|[0m                 for (_, (module, _, _)) in &runtime.recovery_modules {
     [1m[94m|[0m                                            [1m[33m^^^^^^^^^^^^^^^^^^^^^^^^^[0m
     [1m[94m|[0m
     [1m[94m= [0m[1mhelp[0m: for further information visit https://rust-lang.github.io/rust-clippy/rust-1.95.0/index.html#for_kv_map
[1m[96mhelp[0m: use the corresponding method
     [1m[94m|[0m
[1m[94m1241[0m [91m- [0m                for [91m(_, (module, _, _))[0m in [91m&runtime.recovery_modules[0m {
[1m[94m1241[0m [92m+ [0m                for [92m(module, _, _)[0m in [92mruntime.recovery_modules.values()[0m {
     [1m[94m|[0m

[1m[33mwarning[0m[1m: you seem to be trying to use `match` for destructuring a single pattern. Consider using `if let`[0m
    [1m[94m--> [0msrc/runtime/distributed.rs:1244:29
     [1m[94m|[0m
[1m[94m1244[0m [1m[94m|[0m [1m[33m/[0m [1m[94m...[0m                   match module.to_nbc(None) {
[1m[94m1245[0m [1m[94m|[0m [1m[33m|[0m [1m[94m...[0m                       Ok(bytes) => {
[1m[94m1246[0m [1m[94m|[0m [1m[33m|[0m [1m[94m...[0m                           nbc_bytes = Some(bytes);
[1m[94m1247[0m [1m[94m|[0m [1m[33m|[0m [1m[94m...[0m                           behavior_name = entry.name.clone();
[1m[94m1248[0m [1m[94m|[0m [1m[33m|[0m [1m[94m...[0m                       }
[1m[94m1249[0m [1m[94m|[0m [1m[33m|[0m [1m[94m...[0m                       Err(_) => {}
[1m[94m1250[0m [1m[94m|[0m [1m[33m|[0m [1m[94m...[0m                   }
     [1m[94m|[0m [1m[33m|_______________________^[0m
     [1m[94m|[0m
     [1m[94m= [0m[1mhelp[0m: for further information visit https://rust-lang.github.io/rust-clippy/rust-1.95.0/index.html#single_match
     [1m[94m= [0m[1mnote[0m: `#[warn(clippy::single_match)]` on by default
[1m[96mhelp[0m: try
     [1m[94m|[0m
[1m[94m1244[0m [92m~ [0m                            [92mif let Ok(bytes) = module.to_nbc(None) {[0m
[1m[94m1245[0m [92m+                                 nbc_bytes = Some(bytes);[0m
[1m[94m1246[0m [92m+                                 behavior_name = entry.name.clone();[0m
[1m[94m1247[0m [92m+                             }[0m
     [1m[94m|[0m

[1m[33mwarning[0m[1m: you seem to be trying to use `match` for destructuring a single pattern. Consider using `if let`[0m
    [1m[94m--> [0msrc/runtime/distributed.rs:1261:25
     [1m[94m|[0m
[1m[94m1261[0m [1m[94m|[0m [1m[33m/[0m                         match cached.to_nbc(None) {
[1m[94m1262[0m [1m[94m|[0m [1m[33m|[0m                             Ok(bytes) => {
[1m[94m1263[0m [1m[94m|[0m [1m[33m|[0m                                 nbc_bytes = Some(bytes);
[1m[94m1264[0m [1m[94m|[0m [1m[33m|[0m                                 behavior_name = cached
[1m[94m...[0m    [1m[33m|[0m
[1m[94m1270[0m [1m[94m|[0m [1m[33m|[0m                             Err(_) => {}
[1m[94m1271[0m [1m[94m|[0m [1m[33m|[0m                         }
     [1m[94m|[0m [1m[33m|_________________________^[0m
     [1m[94m|[0m
     [1m[94m= [0m[1mhelp[0m: for further information visit https://rust-lang.github.io/rust-clippy/rust-1.95.0/index.html#single_match
[1m[96mhelp[0m: try
     [1m[94m|[0m
[1m[94m1261[0m [92m~ [0m                        [92mif let Ok(bytes) = cached.to_nbc(None) {[0m
[1m[94m1262[0m [92m+                             nbc_bytes = Some(bytes);[0m
[1m[94m1263[0m [92m+                             behavior_name = cached[0m
[1m[94m1264[0m [92m+                                 .behaviors[0m
[1m[94m1265[0m [92m+                                 .first()[0m
[1m[94m1266[0m [92m+                                 .map(|b| b.name.clone())[0m
[1m[94m1267[0m [92m+                                 .unwrap_or_default();[0m
[1m[94m1268[0m [92m+                         }[0m
     [1m[94m|[0m

[1m[33mwarning[0m[1m: explicit call to `.into_iter()` in function argument accepting `IntoIterator`[0m
   [1m[94m--> [0msrc/runtime/distributed_context.rs:552:57
    [1m[94m|[0m
[1m[94m552[0m [1m[94m|[0m         for (runtime, (_, rx)) in shards.iter_mut().zip(channels.into_iter()) {
    [1m[94m|[0m                                                         [1m[33m^^^^^^^^^^^^^^^^^^^^[0m
    [1m[94m|[0m
[1m[92mnote[0m: this parameter accepts any `IntoIterator`, so you don't need to call `.into_iter()`
   [1m[94m--> [0m/rustc/59807616e1fa2540724bfbac14d7976d7e4a3860/library/core/src/iter/traits/iterator.rs:629:11
    [1m[94m= [0m[1mhelp[0m: for further information visit https://rust-lang.github.io/rust-clippy/rust-1.95.0/index.html#useless_conversion
    [1m[94m= [0m[1mnote[0m: `#[warn(clippy::useless_conversion)]` on by default
[1m[96mhelp[0m: consider removing the `.into_iter()`
    [1m[94m|[0m
[1m[94m552[0m [91m- [0m        for (runtime, (_, rx)) in shards.iter_mut().zip(channels[91m.into_iter()[0m) {
[1m[94m552[0m [92m+ [0m        for (runtime, (_, rx)) in shards.iter_mut().zip(channels) {
    [1m[94m|[0m

[1m[33mwarning[0m[1m: this `if` has identical blocks[0m
   [1m[94m--> [0msrc/runtime/fabric_stream.rs:419:29
    [1m[94m|[0m
[1m[94m419[0m [1m[94m|[0m           if segment_len == 0 {
    [1m[94m|[0m [1m[33m _____________________________^[0m
[1m[94m420[0m [1m[94m|[0m [1m[33m|[0m             segment_base = sequence;
[1m[94m421[0m [1m[94m|[0m [1m[33m|[0m             let path = segment_path(&dir, segment_base);
[1m[94m422[0m [1m[94m|[0m [1m[33m|[0m             if let Err(error) = create_segment(&path, segment_base) {
[1m[94m...[0m   [1m[33m|[0m
[1m[94m426[0m [1m[94m|[0m [1m[33m|[0m             segment_len = SEGMENT_HEADER_LEN as u64;
[1m[94m427[0m [1m[94m|[0m [1m[33m|[0m         } else if segment_len > SEGMENT_HEADER_LEN as u64
    [1m[94m|[0m [1m[33m|_________^[0m
    [1m[94m|[0m
[1m[92mnote[0m: same as this
   [1m[94m--> [0msrc/runtime/fabric_stream.rs:429:9
    [1m[94m|[0m
[1m[94m429[0m [1m[94m|[0m [1m[92m/[0m         {
[1m[94m430[0m [1m[94m|[0m [1m[92m|[0m             segment_base = sequence;
[1m[94m431[0m [1m[94m|[0m [1m[92m|[0m             let path = segment_path(&dir, segment_base);
[1m[94m432[0m [1m[94m|[0m [1m[92m|[0m             if let Err(error) = create_segment(&path, segment_base) {
[1m[94m...[0m   [1m[92m|[0m
[1m[94m436[0m [1m[94m|[0m [1m[92m|[0m             segment_len = SEGMENT_HEADER_LEN as u64;
[1m[94m437[0m [1m[94m|[0m [1m[92m|[0m         }
    [1m[94m|[0m [1m[92m|_________^[0m
    [1m[94m= [0m[1mhelp[0m: for further information visit https://rust-lang.github.io/rust-clippy/rust-1.95.0/index.html#if_same_then_else

[1m[33mwarning[0m[1m: this can be `std::io::Error::other(_)`[0m
   [1m[94m--> [0msrc/runtime/fabric_stream.rs:461:28
    [1m[94m|[0m
[1m[94m461[0m [1m[94m|[0m             .ok_or_else(|| io::Error::new(io::ErrorKind::Other, "Fabric sequence overflow"))?;
    [1m[94m|[0m                            [1m[33m^^^^^^^^^^^^^^^^^^^^^^^^^^^^^^^^^^^^^^^^^^^^^^^^^^^^^^^^^^^^^^^^[0m
    [1m[94m|[0m
    [1m[94m= [0m[1mhelp[0m: for further information visit https://rust-lang.github.io/rust-clippy/rust-1.95.0/index.html#io_other_error
    [1m[94m= [0m[1mnote[0m: `#[warn(clippy::io_other_error)]` on by default
[1m[96mhelp[0m: use `std::io::Error::other`
    [1m[94m|[0m
[1m[94m461[0m [91m- [0m            .ok_or_else(|| io::Error::[91mnew[0m([91mio::ErrorKind::Other, [0m"Fabric sequence overflow"))?;
[1m[94m461[0m [92m+ [0m            .ok_or_else(|| io::Error::[92mother[0m("Fabric sequence overflow"))?;
    [1m[94m|[0m

[1m[33mwarning[0m[1m: this can be `std::io::Error::other(_)`[0m
   [1m[94m--> [0msrc/runtime/fabric_stream_epoch.rs:587:28
    [1m[94m|[0m
[1m[94m587[0m [1m[94m|[0m             .ok_or_else(|| io::Error::new(io::ErrorKind::Other, "Fabric stream epoch overflow"))?;
    [1m[94m|[0m                            [1m[33m^^^^^^^^^^^^^^^^^^^^^^^^^^^^^^^^^^^^^^^^^^^^^^^^^^^^^^^^^^^^^^^^^^^^[0m
    [1m[94m|[0m
    [1m[94m= [0m[1mhelp[0m: for further information visit https://rust-lang.github.io/rust-clippy/rust-1.95.0/index.html#io_other_error
[1m[96mhelp[0m: use `std::io::Error::other`
    [1m[94m|[0m
[1m[94m587[0m [91m- [0m            .ok_or_else(|| io::Error::[91mnew[0m([91mio::ErrorKind::Other, [0m"Fabric stream epoch overflow"))?;
[1m[94m587[0m [92m+ [0m            .ok_or_else(|| io::Error::[92mother[0m("Fabric stream epoch overflow"))?;
    [1m[94m|[0m

[1m[33mwarning[0m[1m: this let-binding has unit value[0m
   [1m[94m--> [0msrc/runtime/network.rs:294:21
    [1m[94m|[0m
[1m[94m294[0m [1m[94m|[0m                     let _ = locked.conn.send_close_notify();
    [1m[94m|[0m                     [1m[33m^^^^^^^^^^^^^^^^^^^^^^^^^^^^^^^^^^^^^^^^[0m
    [1m[94m|[0m
    [1m[94m= [0m[1mhelp[0m: for further information visit https://rust-lang.github.io/rust-clippy/rust-1.95.0/index.html#let_unit_value
    [1m[94m= [0m[1mnote[0m: `#[warn(clippy::let_unit_value)]` on by default
[1m[96mhelp[0m: omit the `let` binding
    [1m[94m|[0m
[1m[94m294[0m [91m- [0m                    [91mlet _ = [0mlocked.conn.send_close_notify();
[1m[94m294[0m [92m+ [0m                    locked.conn.send_close_notify();
    [1m[94m|[0m

[1m[33mwarning[0m[1m: this let-binding has unit value[0m
   [1m[94m--> [0msrc/runtime/network.rs:302:21
    [1m[94m|[0m
[1m[94m302[0m [1m[94m|[0m                     let _ = locked.conn.send_close_notify();
    [1m[94m|[0m                     [1m[33m^^^^^^^^^^^^^^^^^^^^^^^^^^^^^^^^^^^^^^^^[0m
    [1m[94m|[0m
    [1m[94m= [0m[1mhelp[0m: for further information visit https://rust-lang.github.io/rust-clippy/rust-1.95.0/index.html#let_unit_value
[1m[96mhelp[0m: omit the `let` binding
    [1m[94m|[0m
[1m[94m302[0m [91m- [0m                    [91mlet _ = [0mlocked.conn.send_close_notify();
[1m[94m302[0m [92m+ [0m                    locked.conn.send_close_notify();
    [1m[94m|[0m

[1m[33mwarning[0m[1m: this can be `std::io::Error::other(_)`[0m
   [1m[94m--> [0msrc/runtime/network.rs:389:22
    [1m[94m|[0m
[1m[94m389[0m [1m[94m|[0m         .map_err(|e| io::Error::new(io::ErrorKind::Other, e))?;
    [1m[94m|[0m                      [1m[33m^^^^^^^^^^^^^^^^^^^^^^^^^^^^^^^^^^^^^^^[0m
    [1m[94m|[0m
    [1m[94m= [0m[1mhelp[0m: for further information visit https://rust-lang.github.io/rust-clippy/rust-1.95.0/index.html#io_other_error
[1m[96mhelp[0m: use `std::io::Error::other`
    [1m[94m|[0m
[1m[94m389[0m [91m- [0m        .map_err(|e| io::Error::[91mnew[0m([91mio::ErrorKind::Other, [0me))?;
[1m[94m389[0m [92m+ [0m        .map_err(|e| io::Error::[92mother[0m(e))?;
    [1m[94m|[0m

[1m[33mwarning[0m[1m: this can be `std::io::Error::other(_)`[0m
   [1m[94m--> [0msrc/runtime/network.rs:403:22
    [1m[94m|[0m
[1m[94m403[0m [1m[94m|[0m         .map_err(|e| io::Error::new(io::ErrorKind::Other, e))?;
    [1m[94m|[0m                      [1m[33m^^^^^^^^^^^^^^^^^^^^^^^^^^^^^^^^^^^^^^^[0m
    [1m[94m|[0m
    [1m[94m= [0m[1mhelp[0m: for further information visit https://rust-lang.github.io/rust-clippy/rust-1.95.0/index.html#io_other_error
[1m[96mhelp[0m: use `std::io::Error::other`
    [1m[94m|[0m
[1m[94m403[0m [91m- [0m        .map_err(|e| io::Error::[91mnew[0m([91mio::ErrorKind::Other, [0me))?;
[1m[94m403[0m [92m+ [0m        .map_err(|e| io::Error::[92mother[0m(e))?;
    [1m[94m|[0m

[1m[33mwarning[0m[1m: needlessly taken reference of left operand[0m
   [1m[94m--> [0msrc/runtime/network.rs:484:8
    [1m[94m|[0m
[1m[94m484[0m [1m[94m|[0m     if &buf[0..4] != crate::format::constants::WIRE_MAGIC {
    [1m[94m|[0m        [1m[94m----------[0m[1m[33m^^^^^^^^^^^^^^^^^^^^^^^^^^^^^^^^^^^^^^^^[0m
    [1m[94m|[0m        [1m[94m|[0m
    [1m[94m|[0m        [1m[94mhelp: use the left value directly: `buf[0..4]`[0m
    [1m[94m|[0m
    [1m[94m= [0m[1mhelp[0m: for further information visit https://rust-lang.github.io/rust-clippy/rust-1.95.0/index.html#op_ref
    [1m[94m= [0m[1mnote[0m: `#[warn(clippy::op_ref)]` on by default

[1m[33mwarning[0m[1m: this `map_or` can be simplified[0m
    [1m[94m--> [0msrc/runtime/network.rs:1675:20
     [1m[94m|[0m
[1m[94m1675[0m [1m[94m|[0m                   && v.as_string_id()
     [1m[94m|[0m [1m[33m ____________________^[0m
[1m[94m1676[0m [1m[94m|[0m [1m[33m|[0m                     .map_or(true, |id| (id as usize) < string_table.len())
     [1m[94m|[0m [1m[33m|__________________________________________________________________________^[0m
     [1m[94m|[0m
     [1m[94m= [0m[1mhelp[0m: for further information visit https://rust-lang.github.io/rust-clippy/rust-1.95.0/index.html#unnecessary_map_or
[1m[96mhelp[0m: use `is_none_or` instead
     [1m[94m|[0m
[1m[94m1676[0m [91m- [0m                    .[91mmap_or[0m([91mtrue, [0m|id| (id as usize) < string_table.len())
[1m[94m1676[0m [92m+ [0m                    .[92mis_none_or[0m(|id| (id as usize) < string_table.len())
     [1m[94m|[0m

[1m[33mwarning[0m[1m: this `map_or` can be simplified[0m
    [1m[94m--> [0msrc/runtime/network.rs:1677:20
     [1m[94m|[0m
[1m[94m1677[0m [1m[94m|[0m                   && v.as_object_id()
     [1m[94m|[0m [1m[33m ____________________^[0m
[1m[94m1678[0m [1m[94m|[0m [1m[33m|[0m                     .map_or(true, |id| (id as usize) < object_table.len())
     [1m[94m|[0m [1m[33m|__________________________________________________________________________^[0m
     [1m[94m|[0m
     [1m[94m= [0m[1mhelp[0m: for further information visit https://rust-lang.github.io/rust-clippy/rust-1.95.0/index.html#unnecessary_map_or
[1m[96mhelp[0m: use `is_none_or` instead
     [1m[94m|[0m
[1m[94m1678[0m [91m- [0m                    .[91mmap_or[0m([91mtrue, [0m|id| (id as usize) < object_table.len())
[1m[94m1678[0m [92m+ [0m                    .[92mis_none_or[0m(|id| (id as usize) < object_table.len())
     [1m[94m|[0m

[1m[33mwarning[0m[1m: this can be `std::io::Error::other(_)`[0m
    [1m[94m--> [0msrc/runtime/network.rs:4293:30
     [1m[94m|[0m
[1m[94m4293[0m [1m[94m|[0m                 .map_err(|e| io::Error::new(io::ErrorKind::Other, e))?;
     [1m[94m|[0m                              [1m[33m^^^^^^^^^^^^^^^^^^^^^^^^^^^^^^^^^^^^^^^[0m
     [1m[94m|[0m
     [1m[94m= [0m[1mhelp[0m: for further information visit https://rust-lang.github.io/rust-clippy/rust-1.95.0/index.html#io_other_error
[1m[96mhelp[0m: use `std::io::Error::other`
     [1m[94m|[0m
[1m[94m4293[0m [91m- [0m                .map_err(|e| io::Error::[91mnew[0m([91mio::ErrorKind::Other, [0me))?;
[1m[94m4293[0m [92m+ [0m                .map_err(|e| io::Error::[92mother[0m(e))?;
     [1m[94m|[0m

[1m[33mwarning[0m[1m: this can be `std::io::Error::other(_)`[0m
    [1m[94m--> [0msrc/runtime/network.rs:4312:26
     [1m[94m|[0m
[1m[94m4312[0m [1m[94m|[0m             .map_err(|e| io::Error::new(io::ErrorKind::Other, e))?;
     [1m[94m|[0m                          [1m[33m^^^^^^^^^^^^^^^^^^^^^^^^^^^^^^^^^^^^^^^[0m
     [1m[94m|[0m
     [1m[94m= [0m[1mhelp[0m: for further information visit https://rust-lang.github.io/rust-clippy/rust-1.95.0/index.html#io_other_error
[1m[96mhelp[0m: use `std::io::Error::other`
     [1m[94m|[0m
[1m[94m4312[0m [91m- [0m            .map_err(|e| io::Error::[91mnew[0m([91mio::ErrorKind::Other, [0me))?;
[1m[94m4312[0m [92m+ [0m            .map_err(|e| io::Error::[92mother[0m(e))?;
     [1m[94m|[0m

[1m[33mwarning[0m[1m: manual implementation of `.is_multiple_of()`[0m
   [1m[94m--> [0msrc/runtime/orca_cycle.rs:533:12
    [1m[94m|[0m
[1m[94m533[0m [1m[94m|[0m         if self.epoch % self.detection_interval == 0 {
    [1m[94m|[0m            [1m[33m^^^^^^^^^^^^^^^^^^^^^^^^^^^^^^^^^^^^^^^^^[0m [1m[33mhelp: replace with: `self.epoch.is_multiple_of(self.detection_interval)`[0m
    [1m[94m|[0m
    [1m[94m= [0m[1mhelp[0m: for further information visit https://rust-lang.github.io/rust-clippy/rust-1.95.0/index.html#manual_is_multiple_of

[1m[33mwarning[0m[1m: casting raw pointers to the same type and constness is unnecessary (`*mut runtime::heap::OrcaHeader` -> `*mut runtime::heap::OrcaHeader`)[0m
   [1m[94m--> [0msrc/runtime/orca_cycle.rs:814:32
    [1m[94m|[0m
[1m[94m814[0m [1m[94m|[0m                 object_header: to_object as *mut crate::runtime::OrcaHeader,
    [1m[94m|[0m                                [1m[33m^^^^^^^^^^^^^^^^^^^^^^^^^^^^^^^^^^^^^^^^^^^^[0m [1m[33mhelp: try: `to_object`[0m
    [1m[94m|[0m
    [1m[94m= [0m[1mhelp[0m: for further information visit https://rust-lang.github.io/rust-clippy/rust-1.95.0/index.html#unnecessary_cast

[1m[33mwarning[0m[1m: manual implementation of `.is_multiple_of()`[0m
   [1m[94m--> [0msrc/runtime/orca_cycle.rs:939:9
    [1m[94m|[0m
[1m[94m939[0m [1m[94m|[0m         self.epoch % self.detection_interval == 0
    [1m[94m|[0m         [1m[33m^^^^^^^^^^^^^^^^^^^^^^^^^^^^^^^^^^^^^^^^^[0m [1m[33mhelp: replace with: `self.epoch.is_multiple_of(self.detection_interval)`[0m
    [1m[94m|[0m
    [1m[94m= [0m[1mhelp[0m: for further information visit https://rust-lang.github.io/rust-clippy/rust-1.95.0/index.html#manual_is_multiple_of

[1m[33mwarning[0m[1m: you seem to be trying to use `match` for destructuring a single pattern. Consider using `if let`[0m
   [1m[94m--> [0msrc/runtime/callbacks.rs:721:13
    [1m[94m|[0m
[1m[94m721[0m [1m[94m|[0m [1m[33m/[0m             match rt.ask_actor_sync(actor_id, behavior_id, args) {
[1m[94m722[0m [1m[94m|[0m [1m[33m|[0m                 Ok(value) => return value,
[1m[94m723[0m [1m[94m|[0m [1m[33m|[0m                 Err(_) => {}
[1m[94m724[0m [1m[94m|[0m [1m[33m|[0m             }
    [1m[94m|[0m [1m[33m|_____________^[0m [1m[33mhelp: try: `if let Ok(value) = rt.ask_actor_sync(actor_id, behavior_id, args) { return value }`[0m
    [1m[94m|[0m
    [1m[94m= [0m[1mhelp[0m: for further information visit https://rust-lang.github.io/rust-clippy/rust-1.95.0/index.html#single_match

[1m[33mwarning[0m[1m: accessing first element with `regs.get(0)`[0m
   [1m[94m--> [0msrc/runtime/callbacks.rs:790:29
    [1m[94m|[0m
[1m[94m790[0m [1m[94m|[0m             let string_id = regs.get(0)?.as_string_id()?;
    [1m[94m|[0m                             [1m[33m^^^^^^^^^^^[0m [1m[33mhelp: try: `regs.first()`[0m
    [1m[94m|[0m
    [1m[94m= [0m[1mhelp[0m: for further information visit https://rust-lang.github.io/rust-clippy/rust-1.95.0/index.html#get_first
    [1m[94m= [0m[1mnote[0m: `#[warn(clippy::get_first)]` on by default

[1m[33mwarning[0m[1m: accessing first element with `regs.get(0)`[0m
   [1m[94m--> [0msrc/runtime/callbacks.rs:815:31
    [1m[94m|[0m
[1m[94m815[0m [1m[94m|[0m             let workflow_id = regs.get(0)?.as_actor_id()?;
    [1m[94m|[0m                               [1m[33m^^^^^^^^^^^[0m [1m[33mhelp: try: `regs.first()`[0m
    [1m[94m|[0m
    [1m[94m= [0m[1mhelp[0m: for further information visit https://rust-lang.github.io/rust-clippy/rust-1.95.0/index.html#get_first

[1m[33mwarning[0m[1m: accessing first element with `regs.get(0)`[0m
   [1m[94m--> [0msrc/runtime/callbacks.rs:932:34
    [1m[94m|[0m
[1m[94m932[0m [1m[94m|[0m             let provider = match regs.get(0).and_then(|v| v.as_string_id()) {
    [1m[94m|[0m                                  [1m[33m^^^^^^^^^^^[0m [1m[33mhelp: try: `regs.first()`[0m
    [1m[94m|[0m
    [1m[94m= [0m[1mhelp[0m: for further information visit https://rust-lang.github.io/rust-clippy/rust-1.95.0/index.html#get_first

[1m[33mwarning[0m[1m: deref which would be done by auto-deref[0m
    [1m[94m--> [0msrc/runtime/callbacks.rs:1271:40
     [1m[94m|[0m
[1m[94m1271[0m [1m[94m|[0m         rt.hold_payload_refs(actor_id, &*msg.payload);
     [1m[94m|[0m                                        [1m[33m^^^^^^^^^^^^^[0m [1m[33mhelp: try: `&msg.payload`[0m
     [1m[94m|[0m
     [1m[94m= [0m[1mhelp[0m: for further information visit https://rust-lang.github.io/rust-clippy/rust-1.95.0/index.html#explicit_auto_deref
     [1m[94m= [0m[1mnote[0m: `#[warn(clippy::explicit_auto_deref)]` on by default

[1m[33mwarning[0m[1m: accessing first element with `regs.get(0)`[0m
    [1m[94m--> [0msrc/runtime/callbacks.rs:1610:29
     [1m[94m|[0m
[1m[94m1610[0m [1m[94m|[0m             let string_id = regs.get(0)?.as_string_id()?;
     [1m[94m|[0m                             [1m[33m^^^^^^^^^^^[0m [1m[33mhelp: try: `regs.first()`[0m
     [1m[94m|[0m
     [1m[94m= [0m[1mhelp[0m: for further information visit https://rust-lang.github.io/rust-clippy/rust-1.95.0/index.html#get_first

[1m[33mwarning[0m[1m: accessing first element with `regs.get(0)`[0m
    [1m[94m--> [0msrc/runtime/callbacks.rs:1638:35
     [1m[94m|[0m
[1m[94m1638[0m [1m[94m|[0m                 let workflow_id = regs.get(0)?.as_actor_id()?;
     [1m[94m|[0m                                   [1m[33m^^^^^^^^^^^[0m [1m[33mhelp: try: `regs.first()`[0m
     [1m[94m|[0m
     [1m[94m= [0m[1mhelp[0m: for further information visit https://rust-lang.github.io/rust-clippy/rust-1.95.0/index.html#get_first

[1m[33mwarning[0m[1m: accessing first element with `regs.get(0)`[0m
    [1m[94m--> [0msrc/runtime/callbacks.rs:1779:38
     [1m[94m|[0m
[1m[94m1779[0m [1m[94m|[0m                 let provider = match regs.get(0).and_then(|v| v.as_string_id()) {
     [1m[94m|[0m                                      [1m[33m^^^^^^^^^^^[0m [1m[33mhelp: try: `regs.first()`[0m
     [1m[94m|[0m
     [1m[94m= [0m[1mhelp[0m: for further information visit https://rust-lang.github.io/rust-clippy/rust-1.95.0/index.html#get_first

[1m[33mwarning[0m[1m: deref which would be done by auto-deref[0m
    [1m[94m--> [0msrc/runtime/callbacks.rs:2194:62
     [1m[94m|[0m
[1m[94m2194[0m [1m[94m|[0m             (*self.runtime).hold_payload_refs(self.actor_id, &*msg.payload);
     [1m[94m|[0m                                                              [1m[33m^^^^^^^^^^^^^[0m [1m[33mhelp: try: `&msg.payload`[0m
     [1m[94m|[0m
     [1m[94m= [0m[1mhelp[0m: for further information visit https://rust-lang.github.io/rust-clippy/rust-1.95.0/index.html#explicit_auto_deref

[1m[33mwarning[0m[1m: use of `or_insert_with` to construct default value[0m
   [1m[94m--> [0msrc/runtime/crdt.rs:494:14
    [1m[94m|[0m
[1m[94m494[0m [1m[94m|[0m             .or_insert_with(HashSet::new)
    [1m[94m|[0m              [1m[33m^^^^^^^^^^^^^^^^^^^^^^^^^^^^[0m [1m[33mhelp: try: `or_default()`[0m
    [1m[94m|[0m
    [1m[94m= [0m[1mhelp[0m: for further information visit https://rust-lang.github.io/rust-clippy/rust-1.95.0/index.html#unwrap_or_default
    [1m[94m= [0m[1mnote[0m: `#[warn(clippy::unwrap_or_default)]` on by default

[1m[33mwarning[0m[1m: this `map_or` can be simplified[0m
   [1m[94m--> [0msrc/runtime/crdt.rs:519:9
    [1m[94m|[0m
[1m[94m519[0m [1m[94m|[0m [1m[33m/[0m         self.entries
[1m[94m520[0m [1m[94m|[0m [1m[33m|[0m             .get(element)
[1m[94m521[0m [1m[94m|[0m [1m[33m|[0m             .map_or(false, |tags| !tags.is_empty())
    [1m[94m|[0m [1m[33m|___________________________________________________^[0m
    [1m[94m|[0m
    [1m[94m= [0m[1mhelp[0m: for further information visit https://rust-lang.github.io/rust-clippy/rust-1.95.0/index.html#unnecessary_map_or
[1m[96mhelp[0m: use `is_some_and` instead
    [1m[94m|[0m
[1m[94m521[0m [91m- [0m            .[91mmap_or[0m([91mfalse, [0m|tags| !tags.is_empty())
[1m[94m521[0m [92m+ [0m            .[92mis_some_and[0m(|tags| !tags.is_empty())
    [1m[94m|[0m

[1m[33mwarning[0m[1m: this `map_or` can be simplified[0m
   [1m[94m--> [0msrc/runtime/crdt.rs:549:29
    [1m[94m|[0m
[1m[94m549[0m [1m[94m|[0m                 .filter(|t| base.entries.get(element).map_or(true, |bt| !bt.contains(t)))
    [1m[94m|[0m                             [1m[33m^^^^^^^^^^^^^^^^^^^^^^^^^^^^^^^^^^^^^^^^^^^^^^^^^^^^^^^^^^^^[0m
    [1m[94m|[0m
    [1m[94m= [0m[1mhelp[0m: for further information visit https://rust-lang.github.io/rust-clippy/rust-1.95.0/index.html#unnecessary_map_or
[1m[96mhelp[0m: use `is_none_or` instead
    [1m[94m|[0m
[1m[94m549[0m [91m- [0m                .filter(|t| base.entries.get(element).[91mmap_or[0m([91mtrue, [0m|bt| !bt.contains(t)))
[1m[94m549[0m [92m+ [0m                .filter(|t| base.entries.get(element).[92mis_none_or[0m(|bt| !bt.contains(t)))
    [1m[94m|[0m

[1m[33mwarning[0m[1m: use of `or_insert_with` to construct default value[0m
   [1m[94m--> [0msrc/runtime/crdt.rs:606:18
    [1m[94m|[0m
[1m[94m606[0m [1m[94m|[0m                 .or_insert_with(HashSet::new);
    [1m[94m|[0m                  [1m[33m^^^^^^^^^^^^^^^^^^^^^^^^^^^^[0m [1m[33mhelp: try: `or_default()`[0m
    [1m[94m|[0m
    [1m[94m= [0m[1mhelp[0m: for further information visit https://rust-lang.github.io/rust-clippy/rust-1.95.0/index.html#unwrap_or_default

[1m[33mwarning[0m[1m: this `map_or` can be simplified[0m
   [1m[94m--> [0msrc/runtime/crdt.rs:993:16
    [1m[94m|[0m
[1m[94m993[0m [1m[94m|[0m             if base.entries.get(element).map_or(true, |bts| ts > bts) {
    [1m[94m|[0m                [1m[33m^^^^^^^^^^^^^^^^^^^^^^^^^^^^^^^^^^^^^^^^^^^^^^^^^^^^^^[0m
    [1m[94m|[0m
    [1m[94m= [0m[1mhelp[0m: for further information visit https://rust-lang.github.io/rust-clippy/rust-1.95.0/index.html#unnecessary_map_or
[1m[96mhelp[0m: use `is_none_or` instead
    [1m[94m|[0m
[1m[94m993[0m [91m- [0m            if base.entries.get(element).[91mmap_or[0m([91mtrue, [0m|bts| ts > bts) {
[1m[94m993[0m [92m+ [0m            if base.entries.get(element).[92mis_none_or[0m(|bts| ts > bts) {
    [1m[94m|[0m

[1m[33mwarning[0m[1m: this `map_or` can be simplified[0m
   [1m[94m--> [0msrc/runtime/crdt.rs:999:16
    [1m[94m|[0m
[1m[94m999[0m [1m[94m|[0m             if base.removed.get(element).map_or(true, |bts| ts > bts) {
    [1m[94m|[0m                [1m[33m^^^^^^^^^^^^^^^^^^^^^^^^^^^^^^^^^^^^^^^^^^^^^^^^^^^^^^[0m
    [1m[94m|[0m
    [1m[94m= [0m[1mhelp[0m: for further information visit https://rust-lang.github.io/rust-clippy/rust-1.95.0/index.html#unnecessary_map_or
[1m[96mhelp[0m: use `is_none_or` instead
    [1m[94m|[0m
[1m[94m999[0m [91m- [0m            if base.removed.get(element).[91mmap_or[0m([91mtrue, [0m|bts| ts > bts) {
[1m[94m999[0m [92m+ [0m            if base.removed.get(element).[92mis_none_or[0m(|bts| ts > bts) {
    [1m[94m|[0m

[1m[33mwarning[0m[1m: casting to the same type is unnecessary (`i64` -> `i64`)[0m
   [1m[94m--> [0msrc/runtime/crdt_manager.rs:861:41
    [1m[94m|[0m
[1m[94m861[0m [1m[94m|[0m                     Some(CrdtValue::Int(c.value() as i64))
    [1m[94m|[0m                                         [1m[33m^^^^^^^^^^^^^^^^[0m [1m[33mhelp: try: `c.value()`[0m
    [1m[94m|[0m
    [1m[94m= [0m[1mhelp[0m: for further information visit https://rust-lang.github.io/rust-clippy/rust-1.95.0/index.html#unnecessary_cast

[1m[33mwarning[0m[1m: casting to the same type is unnecessary (`i64` -> `i64`)[0m
   [1m[94m--> [0msrc/runtime/crdt_manager.rs:868:41
    [1m[94m|[0m
[1m[94m868[0m [1m[94m|[0m                     Some(CrdtValue::Int(c.value() as i64))
    [1m[94m|[0m                                         [1m[33m^^^^^^^^^^^^^^^^[0m [1m[33mhelp: try: `c.value()`[0m
    [1m[94m|[0m
    [1m[94m= [0m[1mhelp[0m: for further information visit https://rust-lang.github.io/rust-clippy/rust-1.95.0/index.html#unnecessary_cast

[1m[33mwarning[0m[1m: casting to the same type is unnecessary (`i64` -> `i64`)[0m
   [1m[94m--> [0msrc/runtime/crdt_manager.rs:920:64
    [1m[94m|[0m
[1m[94m920[0m [1m[94m|[0m                 CrdtEntry::PNCounter(c) => Some(CrdtValue::Int(c.value() as i64)),
    [1m[94m|[0m                                                                [1m[33m^^^^^^^^^^^^^^^^[0m [1m[33mhelp: try: `c.value()`[0m
    [1m[94m|[0m
    [1m[94m= [0m[1mhelp[0m: for further information visit https://rust-lang.github.io/rust-clippy/rust-1.95.0/index.html#unnecessary_cast

[1m[33mwarning[0m[1m: casting to the same type is unnecessary (`i64` -> `i64`)[0m
   [1m[94m--> [0msrc/runtime/crdt_manager.rs:984:70
    [1m[94m|[0m
[1m[94m984[0m [1m[94m|[0m                     CrdtEntry::PNCounter(c) => crate::vm::Value::int(c.value() as i64),
    [1m[94m|[0m                                                                      [1m[33m^^^^^^^^^^^^^^^^[0m [1m[33mhelp: try: `c.value()`[0m
    [1m[94m|[0m
    [1m[94m= [0m[1mhelp[0m: for further information visit https://rust-lang.github.io/rust-clippy/rust-1.95.0/index.html#unnecessary_cast

[1m[33mwarning[0m[1m: this `.into_iter()` call is equivalent to `.iter()` and will not consume the `HashSet`[0m
   [1m[94m--> [0msrc/runtime/crdt_manager.rs:991:34
    [1m[94m|[0m
[1m[94m991[0m [1m[94m|[0m [1m[94m...[0m                   .into_iter()
    [1m[94m|[0m                        [1m[33m^^^^^^^^^[0m [1m[33mhelp: call directly: `iter`[0m
    [1m[94m|[0m
    [1m[94m= [0m[1mhelp[0m: for further information visit https://rust-lang.github.io/rust-clippy/rust-1.95.0/index.html#into_iter_on_ref
    [1m[94m= [0m[1mnote[0m: `#[warn(clippy::into_iter_on_ref)]` on by default

[1m[33mwarning[0m[1m: this expression creates a reference which is immediately dereferenced by the compiler[0m
   [1m[94m--> [0msrc/runtime/crdt_manager.rs:992:67
    [1m[94m|[0m
[1m[94m992[0m [1m[94m|[0m [1m[94m...[0m                   .map(|item| actor.allocate_string(&item))
    [1m[94m|[0m                                                         [1m[33m^^^^^[0m [1m[33mhelp: change this to: `item`[0m
    [1m[94m|[0m
    [1m[94m= [0m[1mhelp[0m: for further information visit https://rust-lang.github.io/rust-clippy/rust-1.95.0/index.html#needless_borrow

[1m[33mwarning[0m[1m: this `map_or` can be simplified[0m
   [1m[94m--> [0msrc/runtime/crdt_reg.rs:380:17
    [1m[94m|[0m
[1m[94m380[0m [1m[94m|[0m [1m[33m/[0m                 base_timestamps
[1m[94m381[0m [1m[94m|[0m [1m[33m|[0m                     .get(&e.id)
[1m[94m382[0m [1m[94m|[0m [1m[33m|[0m                     .map_or(true, |&base_ts| e.timestamp > base_ts)
    [1m[94m|[0m [1m[33m|___________________________________________________________________^[0m
    [1m[94m|[0m
    [1m[94m= [0m[1mhelp[0m: for further information visit https://rust-lang.github.io/rust-clippy/rust-1.95.0/index.html#unnecessary_map_or
[1m[96mhelp[0m: use `is_none_or` instead
    [1m[94m|[0m
[1m[94m382[0m [91m- [0m                    .[91mmap_or[0m([91mtrue, [0m|&base_ts| e.timestamp > base_ts)
[1m[94m382[0m [92m+ [0m                    .[92mis_none_or[0m(|&base_ts| e.timestamp > base_ts)
    [1m[94m|[0m

[1m[33mwarning[0m[1m: this `if` has identical blocks[0m
   [1m[94m--> [0msrc/runtime/crdt_reg.rs:443:87
    [1m[94m|[0m
[1m[94m443[0m [1m[94m|[0m                       } else if e.parent == elem.parent && e.timestamp > elem.timestamp {
    [1m[94m|[0m [1m[33m _______________________________________________________________________________________^[0m
[1m[94m444[0m [1m[94m|[0m [1m[33m|[0m                         break;
[1m[94m445[0m [1m[94m|[0m [1m[33m|[0m                     } else if e.parent != elem.parent {
    [1m[94m|[0m [1m[33m|_____________________^[0m
    [1m[94m|[0m
[1m[92mnote[0m: same as this
   [1m[94m--> [0msrc/runtime/crdt_reg.rs:445:55
    [1m[94m|[0m
[1m[94m445[0m [1m[94m|[0m                       } else if e.parent != elem.parent {
    [1m[94m|[0m [1m[92m _______________________________________________________^[0m
[1m[94m446[0m [1m[94m|[0m [1m[92m|[0m                         break;
[1m[94m447[0m [1m[94m|[0m [1m[92m|[0m                     }
    [1m[94m|[0m [1m[92m|_____________________^[0m
    [1m[94m= [0m[1mhelp[0m: for further information visit https://rust-lang.github.io/rust-clippy/rust-1.95.0/index.html#if_same_then_else

[1m[33mwarning[0m[1m: method `from_str` can be confused for the standard trait method `std::str::FromStr::from_str`[0m
  [1m[94m--> [0msrc/runtime/http_server.rs:39:5
   [1m[94m|[0m
[1m[94m39[0m [1m[94m|[0m [1m[33m/[0m     pub fn from_str(s: &str) -> Option<Self> {
[1m[94m40[0m [1m[94m|[0m [1m[33m|[0m         match s {
[1m[94m41[0m [1m[94m|[0m [1m[33m|[0m             "GET" => Some(Self::Get),
[1m[94m42[0m [1m[94m|[0m [1m[33m|[0m             "POST" => Some(Self::Post),
[1m[94m...[0m  [1m[33m|[0m
[1m[94m50[0m [1m[94m|[0m [1m[33m|[0m     }
   [1m[94m|[0m [1m[33m|_____^[0m
   [1m[94m|[0m
   [1m[94m= [0m[1mhelp[0m: consider implementing the trait `std::str::FromStr` or choosing a less ambiguous method name
   [1m[94m= [0m[1mhelp[0m: for further information visit https://rust-lang.github.io/rust-clippy/rust-1.95.0/index.html#should_implement_trait

[1m[33mwarning[0m[1m: stripping a prefix manually[0m
   [1m[94m--> [0msrc/runtime/http_server.rs:702:24
    [1m[94m|[0m
[1m[94m702[0m [1m[94m|[0m             let name = &pat[1..];
    [1m[94m|[0m                        [1m[33m^^^^^^^^^[0m
    [1m[94m|[0m
[1m[92mnote[0m: the prefix was tested here
   [1m[94m--> [0msrc/runtime/http_server.rs:701:9
    [1m[94m|[0m
[1m[94m701[0m [1m[94m|[0m         if pat.starts_with(':') {
    [1m[94m|[0m         [1m[92m^^^^^^^^^^^^^^^^^^^^^^^^[0m
    [1m[94m= [0m[1mhelp[0m: for further information visit https://rust-lang.github.io/rust-clippy/rust-1.95.0/index.html#manual_strip
[1m[96mhelp[0m: try using the `strip_prefix` method
    [1m[94m|[0m
[1m[94m701[0m [92m~ [0m        [92mif let Some(name) = pat.strip_prefix(':') [0m{
[1m[94m702[0m [92m~ [0m            params.insert(name.to_string(), seg.to_string());
    [1m[94m|[0m

[1m[33mwarning[0m[1m: stripping a prefix manually[0m
   [1m[94m--> [0msrc/runtime/http_server.rs:916:44
    [1m[94m|[0m
[1m[94m916[0m [1m[94m|[0m [1m[94m...[0m                   let room = &path[Self::SSE_PATH_PREFIX.len()..];
    [1m[94m|[0m                                  [1m[33m^^^^^^^^^^^^^^^^^^^^^^^^^^^^^^^^^^^^[0m
    [1m[94m|[0m
[1m[92mnote[0m: the prefix was tested here
   [1m[94m--> [0msrc/runtime/http_server.rs:915:48
    [1m[94m|[0m
[1m[94m915[0m [1m[94m|[0m [1m[94m...[0m                   let mut response = if path.starts_with(Self::SSE_PATH_PREFIX) {
    [1m[94m|[0m                                          [1m[92m^^^^^^^^^^^^^^^^^^^^^^^^^^^^^^^^^^^^^^^^^^^[0m
    [1m[94m= [0m[1mhelp[0m: for further information visit https://rust-lang.github.io/rust-clippy/rust-1.95.0/index.html#manual_strip
[1m[96mhelp[0m: try using the `strip_prefix` method
    [1m[94m|[0m
[1m[94m915[0m [92m~ [0m                            let mut response = [92mif let Some(room) = path.strip_prefix(Self::SSE_PATH_PREFIX) [0m{
[1m[94m916[0m [92m~ [0m                                Self::serve_sse(room, &mut stream, shutdown.clone());
    [1m[94m|[0m

[1m[33mwarning[0m[1m: using `contains()` instead of `iter().any()` is more efficient[0m
   [1m[94m--> [0msrc/runtime/llm.rs:243:46
    [1m[94m|[0m
[1m[94m243[0m [1m[94m|[0m         let fb_matches = fb.on.is_empty() || fb.on.iter().any(|k| *k == error_kind_name);
    [1m[94m|[0m                                              [1m[33m^^^^^^^^^^^^^^^^^^^^^^^^^^^^^^^^^^^^^^^^^^^[0m [1m[33mhelp: try: `fb.on.contains(&error_kind_name)`[0m
    [1m[94m|[0m
    [1m[94m= [0m[1mhelp[0m: for further information visit https://rust-lang.github.io/rust-clippy/rust-1.95.0/index.html#manual_contains

[1m[33mwarning[0m[1m: this can be `std::io::Error::other(_)`[0m
    [1m[94m--> [0msrc/runtime/persistence.rs:1334:56
     [1m[94m|[0m
[1m[94m1334[0m [1m[94m|[0m             tokio::runtime::Runtime::new().map_err(|e| io::Error::new(io::ErrorKind::Other, e))?;
     [1m[94m|[0m                                                        [1m[33m^^^^^^^^^^^^^^^^^^^^^^^^^^^^^^^^^^^^^^^[0m
     [1m[94m|[0m
     [1m[94m= [0m[1mhelp[0m: for further information visit https://rust-lang.github.io/rust-clippy/rust-1.95.0/index.html#io_other_error
[1m[96mhelp[0m: use `std::io::Error::other`
     [1m[94m|[0m
[1m[94m1334[0m [91m- [0m            tokio::runtime::Runtime::new().map_err(|e| io::Error::[91mnew[0m([91mio::ErrorKind::Other, [0me))?;
[1m[94m1334[0m [92m+ [0m            tokio::runtime::Runtime::new().map_err(|e| io::Error::[92mother[0m(e))?;
     [1m[94m|[0m

[1m[33mwarning[0m[1m: this can be `std::io::Error::other(_)`[0m
    [1m[94m--> [0msrc/runtime/persistence.rs:1339:30
     [1m[94m|[0m
[1m[94m1339[0m [1m[94m|[0m                 .map_err(|e| io::Error::new(io::ErrorKind::Other, e.to_string()))
     [1m[94m|[0m                              [1m[33m^^^^^^^^^^^^^^^^^^^^^^^^^^^^^^^^^^^^^^^^^^^^^^^^^^^[0m
     [1m[94m|[0m
     [1m[94m= [0m[1mhelp[0m: for further information visit https://rust-lang.github.io/rust-clippy/rust-1.95.0/index.html#io_other_error
[1m[96mhelp[0m: use `std::io::Error::other`
     [1m[94m|[0m
[1m[94m1339[0m [91m- [0m                .map_err(|e| io::Error::[91mnew[0m([91mio::ErrorKind::Other, [0me.to_string()))
[1m[94m1339[0m [92m+ [0m                .map_err(|e| io::Error::[92mother[0m(e.to_string()))
     [1m[94m|[0m

[1m[33mwarning[0m[1m: this can be `std::io::Error::other(_)`[0m
    [1m[94m--> [0msrc/runtime/persistence.rs:1343:26
     [1m[94m|[0m
[1m[94m1343[0m [1m[94m|[0m             .map_err(|e| io::Error::new(io::ErrorKind::Other, e.to_string()))?;
     [1m[94m|[0m                          [1m[33m^^^^^^^^^^^^^^^^^^^^^^^^^^^^^^^^^^^^^^^^^^^^^^^^^^^[0m
     [1m[94m|[0m
     [1m[94m= [0m[1mhelp[0m: for further information visit https://rust-lang.github.io/rust-clippy/rust-1.95.0/index.html#io_other_error
[1m[96mhelp[0m: use `std::io::Error::other`
     [1m[94m|[0m
[1m[94m1343[0m [91m- [0m            .map_err(|e| io::Error::[91mnew[0m([91mio::ErrorKind::Other, [0me.to_string()))?;
[1m[94m1343[0m [92m+ [0m            .map_err(|e| io::Error::[92mother[0m(e.to_string()))?;
     [1m[94m|[0m

[1m[33mwarning[0m[1m: this can be `std::io::Error::other(_)`[0m
    [1m[94m--> [0msrc/runtime/persistence.rs:1366:56
     [1m[94m|[0m
[1m[94m1366[0m [1m[94m|[0m             tokio::runtime::Runtime::new().map_err(|e| io::Error::new(io::ErrorKind::Other, e))?;
     [1m[94m|[0m                                                        [1m[33m^^^^^^^^^^^^^^^^^^^^^^^^^^^^^^^^^^^^^^^[0m
     [1m[94m|[0m
     [1m[94m= [0m[1mhelp[0m: for further information visit https://rust-lang.github.io/rust-clippy/rust-1.95.0/index.html#io_other_error
[1m[96mhelp[0m: use `std::io::Error::other`
     [1m[94m|[0m
[1m[94m1366[0m [91m- [0m            tokio::runtime::Runtime::new().map_err(|e| io::Error::[91mnew[0m([91mio::ErrorKind::Other, [0me))?;
[1m[94m1366[0m [92m+ [0m            tokio::runtime::Runtime::new().map_err(|e| io::Error::[92mother[0m(e))?;
     [1m[94m|[0m

[1m[33mwarning[0m[1m: this can be `std::io::Error::other(_)`[0m
    [1m[94m--> [0msrc/runtime/persistence.rs:1371:30
     [1m[94m|[0m
[1m[94m1371[0m [1m[94m|[0m                 .map_err(|e| io::Error::new(io::ErrorKind::Other, e.to_string()))
     [1m[94m|[0m                              [1m[33m^^^^^^^^^^^^^^^^^^^^^^^^^^^^^^^^^^^^^^^^^^^^^^^^^^^[0m
     [1m[94m|[0m
     [1m[94m= [0m[1mhelp[0m: for further information visit https://rust-lang.github.io/rust-clippy/rust-1.95.0/index.html#io_other_error
[1m[96mhelp[0m: use `std::io::Error::other`
     [1m[94m|[0m
[1m[94m1371[0m [91m- [0m                .map_err(|e| io::Error::[91mnew[0m([91mio::ErrorKind::Other, [0me.to_string()))
[1m[94m1371[0m [92m+ [0m                .map_err(|e| io::Error::[92mother[0m(e.to_string()))
     [1m[94m|[0m

[1m[33mwarning[0m[1m: this can be `std::io::Error::other(_)`[0m
    [1m[94m--> [0msrc/runtime/persistence.rs:1375:26
     [1m[94m|[0m
[1m[94m1375[0m [1m[94m|[0m             .map_err(|e| io::Error::new(io::ErrorKind::Other, e.to_string()))?;
     [1m[94m|[0m                          [1m[33m^^^^^^^^^^^^^^^^^^^^^^^^^^^^^^^^^^^^^^^^^^^^^^^^^^^[0m
     [1m[94m|[0m
     [1m[94m= [0m[1mhelp[0m: for further information visit https://rust-lang.github.io/rust-clippy/rust-1.95.0/index.html#io_other_error
[1m[96mhelp[0m: use `std::io::Error::other`
     [1m[94m|[0m
[1m[94m1375[0m [91m- [0m            .map_err(|e| io::Error::[91mnew[0m([91mio::ErrorKind::Other, [0me.to_string()))?;
[1m[94m1375[0m [92m+ [0m            .map_err(|e| io::Error::[92mother[0m(e.to_string()))?;
     [1m[94m|[0m

[1m[33mwarning[0m[1m: this can be `std::io::Error::other(_)`[0m
    [1m[94m--> [0msrc/runtime/persistence.rs:1406:30
     [1m[94m|[0m
[1m[94m1406[0m [1m[94m|[0m                 .map_err(|e| io::Error::new(io::ErrorKind::Other, e.to_string()))?;
     [1m[94m|[0m                              [1m[33m^^^^^^^^^^^^^^^^^^^^^^^^^^^^^^^^^^^^^^^^^^^^^^^^^^^[0m
     [1m[94m|[0m
     [1m[94m= [0m[1mhelp[0m: for further information visit https://rust-lang.github.io/rust-clippy/rust-1.95.0/index.html#io_other_error
[1m[96mhelp[0m: use `std::io::Error::other`
     [1m[94m|[0m
[1m[94m1406[0m [91m- [0m                .map_err(|e| io::Error::[91mnew[0m([91mio::ErrorKind::Other, [0me.to_string()))?;
[1m[94m1406[0m [92m+ [0m                .map_err(|e| io::Error::[92mother[0m(e.to_string()))?;
     [1m[94m|[0m

[1m[33mwarning[0m[1m: this can be `std::io::Error::other(_)`[0m
    [1m[94m--> [0msrc/runtime/persistence.rs:1410:30
     [1m[94m|[0m
[1m[94m1410[0m [1m[94m|[0m                 .map_err(|e| io::Error::new(io::ErrorKind::Other, e.to_string()))?
     [1m[94m|[0m                              [1m[33m^^^^^^^^^^^^^^^^^^^^^^^^^^^^^^^^^^^^^^^^^^^^^^^^^^^[0m
     [1m[94m|[0m
     [1m[94m= [0m[1mhelp[0m: for further information visit https://rust-lang.github.io/rust-clippy/rust-1.95.0/index.html#io_other_error
[1m[96mhelp[0m: use `std::io::Error::other`
     [1m[94m|[0m
[1m[94m1410[0m [91m- [0m                .map_err(|e| io::Error::[91mnew[0m([91mio::ErrorKind::Other, [0me.to_string()))?
[1m[94m1410[0m [92m+ [0m                .map_err(|e| io::Error::[92mother[0m(e.to_string()))?
     [1m[94m|[0m

[1m[33mwarning[0m[1m: this can be `std::io::Error::other(_)`[0m
    [1m[94m--> [0msrc/runtime/persistence.rs:1422:30
     [1m[94m|[0m
[1m[94m1422[0m [1m[94m|[0m                 .map_err(|e| io::Error::new(io::ErrorKind::Other, e.to_string()))?;
     [1m[94m|[0m                              [1m[33m^^^^^^^^^^^^^^^^^^^^^^^^^^^^^^^^^^^^^^^^^^^^^^^^^^^[0m
     [1m[94m|[0m
     [1m[94m= [0m[1mhelp[0m: for further information visit https://rust-lang.github.io/rust-clippy/rust-1.95.0/index.html#io_other_error
[1m[96mhelp[0m: use `std::io::Error::other`
     [1m[94m|[0m
[1m[94m1422[0m [91m- [0m                .map_err(|e| io::Error::[91mnew[0m([91mio::ErrorKind::Other, [0me.to_string()))?;
[1m[94m1422[0m [92m+ [0m                .map_err(|e| io::Error::[92mother[0m(e.to_string()))?;
     [1m[94m|[0m

[1m[33mwarning[0m[1m: this can be `std::io::Error::other(_)`[0m
    [1m[94m--> [0msrc/runtime/persistence.rs:1426:30
     [1m[94m|[0m
[1m[94m1426[0m [1m[94m|[0m                 .map_err(|e| io::Error::new(io::ErrorKind::Other, e.to_string()))?
     [1m[94m|[0m                              [1m[33m^^^^^^^^^^^^^^^^^^^^^^^^^^^^^^^^^^^^^^^^^^^^^^^^^^^[0m
     [1m[94m|[0m
     [1m[94m= [0m[1mhelp[0m: for further information visit https://rust-lang.github.io/rust-clippy/rust-1.95.0/index.html#io_other_error
[1m[96mhelp[0m: use `std::io::Error::other`
     [1m[94m|[0m
[1m[94m1426[0m [91m- [0m                .map_err(|e| io::Error::[91mnew[0m([91mio::ErrorKind::Other, [0me.to_string()))?
[1m[94m1426[0m [92m+ [0m                .map_err(|e| io::Error::[92mother[0m(e.to_string()))?
     [1m[94m|[0m

[1m[33mwarning[0m[1m: this can be `std::io::Error::other(_)`[0m
    [1m[94m--> [0msrc/runtime/persistence.rs:1451:26
     [1m[94m|[0m
[1m[94m1451[0m [1m[94m|[0m             .map_err(|e| io::Error::new(io::ErrorKind::Other, e.to_string()))?;
     [1m[94m|[0m                          [1m[33m^^^^^^^^^^^^^^^^^^^^^^^^^^^^^^^^^^^^^^^^^^^^^^^^^^^[0m
     [1m[94m|[0m
     [1m[94m= [0m[1mhelp[0m: for further information visit https://rust-lang.github.io/rust-clippy/rust-1.95.0/index.html#io_other_error
[1m[96mhelp[0m: use `std::io::Error::other`
     [1m[94m|[0m
[1m[94m1451[0m [91m- [0m            .map_err(|e| io::Error::[91mnew[0m([91mio::ErrorKind::Other, [0me.to_string()))?;
[1m[94m1451[0m [92m+ [0m            .map_err(|e| io::Error::[92mother[0m(e.to_string()))?;
     [1m[94m|[0m

[1m[33mwarning[0m[1m: this can be `std::io::Error::other(_)`[0m
    [1m[94m--> [0msrc/runtime/persistence.rs:1493:26
     [1m[94m|[0m
[1m[94m1493[0m [1m[94m|[0m             .map_err(|e| io::Error::new(io::ErrorKind::Other, e.to_string()))?;
     [1m[94m|[0m                          [1m[33m^^^^^^^^^^^^^^^^^^^^^^^^^^^^^^^^^^^^^^^^^^^^^^^^^^^[0m
     [1m[94m|[0m
     [1m[94m= [0m[1mhelp[0m: for further information visit https://rust-lang.github.io/rust-clippy/rust-1.95.0/index.html#io_other_error
[1m[96mhelp[0m: use `std::io::Error::other`
     [1m[94m|[0m
[1m[94m1493[0m [91m- [0m            .map_err(|e| io::Error::[91mnew[0m([91mio::ErrorKind::Other, [0me.to_string()))?;
[1m[94m1493[0m [92m+ [0m            .map_err(|e| io::Error::[92mother[0m(e.to_string()))?;
     [1m[94m|[0m

[1m[33mwarning[0m[1m: this can be `std::io::Error::other(_)`[0m
    [1m[94m--> [0msrc/runtime/persistence.rs:1504:26
     [1m[94m|[0m
[1m[94m1504[0m [1m[94m|[0m             .map_err(|e| io::Error::new(io::ErrorKind::Other, e.to_string()))?;
     [1m[94m|[0m                          [1m[33m^^^^^^^^^^^^^^^^^^^^^^^^^^^^^^^^^^^^^^^^^^^^^^^^^^^[0m
     [1m[94m|[0m
     [1m[94m= [0m[1mhelp[0m: for further information visit https://rust-lang.github.io/rust-clippy/rust-1.95.0/index.html#io_other_error
[1m[96mhelp[0m: use `std::io::Error::other`
     [1m[94m|[0m
[1m[94m1504[0m [91m- [0m            .map_err(|e| io::Error::[91mnew[0m([91mio::ErrorKind::Other, [0me.to_string()))?;
[1m[94m1504[0m [92m+ [0m            .map_err(|e| io::Error::[92mother[0m(e.to_string()))?;
     [1m[94m|[0m

[1m[33mwarning[0m[1m: this can be `std::io::Error::other(_)`[0m
    [1m[94m--> [0msrc/runtime/persistence.rs:1518:26
     [1m[94m|[0m
[1m[94m1518[0m [1m[94m|[0m             .map_err(|e| io::Error::new(io::ErrorKind::Other, e.to_string()))?;
     [1m[94m|[0m                          [1m[33m^^^^^^^^^^^^^^^^^^^^^^^^^^^^^^^^^^^^^^^^^^^^^^^^^^^[0m
     [1m[94m|[0m
     [1m[94m= [0m[1mhelp[0m: for further information visit https://rust-lang.github.io/rust-clippy/rust-1.95.0/index.html#io_other_error
[1m[96mhelp[0m: use `std::io::Error::other`
     [1m[94m|[0m
[1m[94m1518[0m [91m- [0m            .map_err(|e| io::Error::[91mnew[0m([91mio::ErrorKind::Other, [0me.to_string()))?;
[1m[94m1518[0m [92m+ [0m            .map_err(|e| io::Error::[92mother[0m(e.to_string()))?;
     [1m[94m|[0m

[1m[33mwarning[0m[1m: this can be `std::io::Error::other(_)`[0m
    [1m[94m--> [0msrc/runtime/persistence.rs:1533:26
     [1m[94m|[0m
[1m[94m1533[0m [1m[94m|[0m             .map_err(|e| io::Error::new(io::ErrorKind::Other, e.to_string()))?;
     [1m[94m|[0m                          [1m[33m^^^^^^^^^^^^^^^^^^^^^^^^^^^^^^^^^^^^^^^^^^^^^^^^^^^[0m
     [1m[94m|[0m
     [1m[94m= [0m[1mhelp[0m: for further information visit https://rust-lang.github.io/rust-clippy/rust-1.95.0/index.html#io_other_error
[1m[96mhelp[0m: use `std::io::Error::other`
     [1m[94m|[0m
[1m[94m1533[0m [91m- [0m            .map_err(|e| io::Error::[91mnew[0m([91mio::ErrorKind::Other, [0me.to_string()))?;
[1m[94m1533[0m [92m+ [0m            .map_err(|e| io::Error::[92mother[0m(e.to_string()))?;
     [1m[94m|[0m

[1m[33mwarning[0m[1m: this can be `std::io::Error::other(_)`[0m
    [1m[94m--> [0msrc/runtime/persistence.rs:1546:26
     [1m[94m|[0m
[1m[94m1546[0m [1m[94m|[0m             .map_err(|e| io::Error::new(io::ErrorKind::Other, e.to_string()))?;
     [1m[94m|[0m                          [1m[33m^^^^^^^^^^^^^^^^^^^^^^^^^^^^^^^^^^^^^^^^^^^^^^^^^^^[0m
     [1m[94m|[0m
     [1m[94m= [0m[1mhelp[0m: for further information visit https://rust-lang.github.io/rust-clippy/rust-1.95.0/index.html#io_other_error
[1m[96mhelp[0m: use `std::io::Error::other`
     [1m[94m|[0m
[1m[94m1546[0m [91m- [0m            .map_err(|e| io::Error::[91mnew[0m([91mio::ErrorKind::Other, [0me.to_string()))?;
[1m[94m1546[0m [92m+ [0m            .map_err(|e| io::Error::[92mother[0m(e.to_string()))?;
     [1m[94m|[0m

[1m[33mwarning[0m[1m: this can be `std::io::Error::other(_)`[0m
    [1m[94m--> [0msrc/runtime/persistence.rs:1558:26
     [1m[94m|[0m
[1m[94m1558[0m [1m[94m|[0m             .map_err(|e| io::Error::new(io::ErrorKind::Other, e.to_string()))?;
     [1m[94m|[0m                          [1m[33m^^^^^^^^^^^^^^^^^^^^^^^^^^^^^^^^^^^^^^^^^^^^^^^^^^^[0m
     [1m[94m|[0m
     [1m[94m= [0m[1mhelp[0m: for further information visit https://rust-lang.github.io/rust-clippy/rust-1.95.0/index.html#io_other_error
[1m[96mhelp[0m: use `std::io::Error::other`
     [1m[94m|[0m
[1m[94m1558[0m [91m- [0m            .map_err(|e| io::Error::[91mnew[0m([91mio::ErrorKind::Other, [0me.to_string()))?;
[1m[94m1558[0m [92m+ [0m            .map_err(|e| io::Error::[92mother[0m(e.to_string()))?;
     [1m[94m|[0m

[1m[33mwarning[0m[1m: this can be `std::io::Error::other(_)`[0m
    [1m[94m--> [0msrc/runtime/persistence.rs:1570:26
     [1m[94m|[0m
[1m[94m1570[0m [1m[94m|[0m             .map_err(|e| io::Error::new(io::ErrorKind::Other, e.to_string()))?;
     [1m[94m|[0m                          [1m[33m^^^^^^^^^^^^^^^^^^^^^^^^^^^^^^^^^^^^^^^^^^^^^^^^^^^[0m
     [1m[94m|[0m
     [1m[94m= [0m[1mhelp[0m: for further information visit https://rust-lang.github.io/rust-clippy/rust-1.95.0/index.html#io_other_error
[1m[96mhelp[0m: use `std::io::Error::other`
     [1m[94m|[0m
[1m[94m1570[0m [91m- [0m            .map_err(|e| io::Error::[91mnew[0m([91mio::ErrorKind::Other, [0me.to_string()))?;
[1m[94m1570[0m [92m+ [0m            .map_err(|e| io::Error::[92mother[0m(e.to_string()))?;
     [1m[94m|[0m

[1m[33mwarning[0m[1m: this can be `std::io::Error::other(_)`[0m
    [1m[94m--> [0msrc/runtime/persistence.rs:1582:26
     [1m[94m|[0m
[1m[94m1582[0m [1m[94m|[0m             .map_err(|e| io::Error::new(io::ErrorKind::Other, e.to_string()))?;
     [1m[94m|[0m                          [1m[33m^^^^^^^^^^^^^^^^^^^^^^^^^^^^^^^^^^^^^^^^^^^^^^^^^^^[0m
     [1m[94m|[0m
     [1m[94m= [0m[1mhelp[0m: for further information visit https://rust-lang.github.io/rust-clippy/rust-1.95.0/index.html#io_other_error
[1m[96mhelp[0m: use `std::io::Error::other`
     [1m[94m|[0m
[1m[94m1582[0m [91m- [0m            .map_err(|e| io::Error::[91mnew[0m([91mio::ErrorKind::Other, [0me.to_string()))?;
[1m[94m1582[0m [92m+ [0m            .map_err(|e| io::Error::[92mother[0m(e.to_string()))?;
     [1m[94m|[0m

[1m[33mwarning[0m[1m: this can be `std::io::Error::other(_)`[0m
    [1m[94m--> [0msrc/runtime/persistence.rs:1596:26
     [1m[94m|[0m
[1m[94m1596[0m [1m[94m|[0m             .map_err(|e| io::Error::new(io::ErrorKind::Other, e.to_string()))?;
     [1m[94m|[0m                          [1m[33m^^^^^^^^^^^^^^^^^^^^^^^^^^^^^^^^^^^^^^^^^^^^^^^^^^^[0m
     [1m[94m|[0m
     [1m[94m= [0m[1mhelp[0m: for further information visit https://rust-lang.github.io/rust-clippy/rust-1.95.0/index.html#io_other_error
[1m[96mhelp[0m: use `std::io::Error::other`
     [1m[94m|[0m
[1m[94m1596[0m [91m- [0m            .map_err(|e| io::Error::[91mnew[0m([91mio::ErrorKind::Other, [0me.to_string()))?;
[1m[94m1596[0m [92m+ [0m            .map_err(|e| io::Error::[92mother[0m(e.to_string()))?;
     [1m[94m|[0m

[1m[33mwarning[0m[1m: this can be `std::io::Error::other(_)`[0m
    [1m[94m--> [0msrc/runtime/persistence.rs:1623:30
     [1m[94m|[0m
[1m[94m1623[0m [1m[94m|[0m                 .map_err(|e| io::Error::new(io::ErrorKind::Other, e.to_string()))?;
     [1m[94m|[0m                              [1m[33m^^^^^^^^^^^^^^^^^^^^^^^^^^^^^^^^^^^^^^^^^^^^^^^^^^^[0m
     [1m[94m|[0m
     [1m[94m= [0m[1mhelp[0m: for further information visit https://rust-lang.github.io/rust-clippy/rust-1.95.0/index.html#io_other_error
[1m[96mhelp[0m: use `std::io::Error::other`
     [1m[94m|[0m
[1m[94m1623[0m [91m- [0m                .map_err(|e| io::Error::[91mnew[0m([91mio::ErrorKind::Other, [0me.to_string()))?;
[1m[94m1623[0m [92m+ [0m                .map_err(|e| io::Error::[92mother[0m(e.to_string()))?;
     [1m[94m|[0m

[1m[33mwarning[0m[1m: this can be `std::io::Error::other(_)`[0m
    [1m[94m--> [0msrc/runtime/persistence.rs:1632:46
     [1m[94m|[0m
[1m[94m1632[0m [1m[94m|[0m [1m[94m...[0m                   .map_err(|e| io::Error::new(io::ErrorKind::Other, e.to_string()))?;
     [1m[94m|[0m                                    [1m[33m^^^^^^^^^^^^^^^^^^^^^^^^^^^^^^^^^^^^^^^^^^^^^^^^^^^[0m
     [1m[94m|[0m
     [1m[94m= [0m[1mhelp[0m: for further information visit https://rust-lang.github.io/rust-clippy/rust-1.95.0/index.html#io_other_error
[1m[96mhelp[0m: use `std::io::Error::other`
     [1m[94m|[0m
[1m[94m1632[0m [91m- [0m                                .map_err(|e| io::Error::[91mnew[0m([91mio::ErrorKind::Other, [0me.to_string()))?;
[1m[94m1632[0m [92m+ [0m                                .map_err(|e| io::Error::[92mother[0m(e.to_string()))?;
     [1m[94m|[0m

[1m[33mwarning[0m[1m: this can be `std::io::Error::other(_)`[0m
    [1m[94m--> [0msrc/runtime/persistence.rs:1649:42
     [1m[94m|[0m
[1m[94m1649[0m [1m[94m|[0m [1m[94m...[0m                   .map_err(|e| io::Error::new(io::ErrorKind::Other, e))?;
     [1m[94m|[0m                                    [1m[33m^^^^^^^^^^^^^^^^^^^^^^^^^^^^^^^^^^^^^^^[0m
     [1m[94m|[0m
     [1m[94m= [0m[1mhelp[0m: for further information visit https://rust-lang.github.io/rust-clippy/rust-1.95.0/index.html#io_other_error
[1m[96mhelp[0m: use `std::io::Error::other`
     [1m[94m|[0m
[1m[94m1649[0m [91m- [0m                            .map_err(|e| io::Error::[91mnew[0m([91mio::ErrorKind::Other, [0me))?;
[1m[94m1649[0m [92m+ [0m                            .map_err(|e| io::Error::[92mother[0m(e))?;
     [1m[94m|[0m

[1m[33mwarning[0m[1m: this can be `std::io::Error::other(_)`[0m
    [1m[94m--> [0msrc/runtime/persistence.rs:1653:42
     [1m[94m|[0m
[1m[94m1653[0m [1m[94m|[0m                     Err(e) => return Err(io::Error::new(io::ErrorKind::Other, e.to_string())),
     [1m[94m|[0m                                          [1m[33m^^^^^^^^^^^^^^^^^^^^^^^^^^^^^^^^^^^^^^^^^^^^^^^^^^^[0m
     [1m[94m|[0m
     [1m[94m= [0m[1mhelp[0m: for further information visit https://rust-lang.github.io/rust-clippy/rust-1.95.0/index.html#io_other_error
[1m[96mhelp[0m: use `std::io::Error::other`
     [1m[94m|[0m
[1m[94m1653[0m [91m- [0m                    Err(e) => return Err(io::Error::[91mnew[0m([91mio::ErrorKind::Other, [0me.to_string())),
[1m[94m1653[0m [92m+ [0m                    Err(e) => return Err(io::Error::[92mother[0m(e.to_string())),
     [1m[94m|[0m

[1m[33mwarning[0m[1m: this can be `std::io::Error::other(_)`[0m
    [1m[94m--> [0msrc/runtime/persistence.rs:1674:34
     [1m[94m|[0m
[1m[94m1674[0m [1m[94m|[0m                 .map_err(|error| io::Error::new(io::ErrorKind::Other, error.to_string()))?;
     [1m[94m|[0m                                  [1m[33m^^^^^^^^^^^^^^^^^^^^^^^^^^^^^^^^^^^^^^^^^^^^^^^^^^^^^^^[0m
     [1m[94m|[0m
     [1m[94m= [0m[1mhelp[0m: for further information visit https://rust-lang.github.io/rust-clippy/rust-1.95.0/index.html#io_other_error
[1m[96mhelp[0m: use `std::io::Error::other`
     [1m[94m|[0m
[1m[94m1674[0m [91m- [0m                .map_err(|error| io::Error::[91mnew[0m([91mio::ErrorKind::Other, [0merror.to_string()))?;
[1m[94m1674[0m [92m+ [0m                .map_err(|error| io::Error::[92mother[0m(error.to_string()))?;
     [1m[94m|[0m

[1m[33mwarning[0m[1m: this can be `std::io::Error::other(_)`[0m
    [1m[94m--> [0msrc/runtime/persistence.rs:1679:34
     [1m[94m|[0m
[1m[94m1679[0m [1m[94m|[0m                 .map_err(|error| io::Error::new(io::ErrorKind::Other, error.to_string()))?
     [1m[94m|[0m                                  [1m[33m^^^^^^^^^^^^^^^^^^^^^^^^^^^^^^^^^^^^^^^^^^^^^^^^^^^^^^^[0m
     [1m[94m|[0m
     [1m[94m= [0m[1mhelp[0m: for further information visit https://rust-lang.github.io/rust-clippy/rust-1.95.0/index.html#io_other_error
[1m[96mhelp[0m: use `std::io::Error::other`
     [1m[94m|[0m
[1m[94m1679[0m [91m- [0m                .map_err(|error| io::Error::[91mnew[0m([91mio::ErrorKind::Other, [0merror.to_string()))?
[1m[94m1679[0m [92m+ [0m                .map_err(|error| io::Error::[92mother[0m(error.to_string()))?
     [1m[94m|[0m

[1m[33mwarning[0m[1m: this can be `std::io::Error::other(_)`[0m
    [1m[94m--> [0msrc/runtime/persistence.rs:1713:34
     [1m[94m|[0m
[1m[94m1713[0m [1m[94m|[0m                 .map_err(|error| io::Error::new(io::ErrorKind::Other, error.to_string()))?;
     [1m[94m|[0m                                  [1m[33m^^^^^^^^^^^^^^^^^^^^^^^^^^^^^^^^^^^^^^^^^^^^^^^^^^^^^^^[0m
     [1m[94m|[0m
     [1m[94m= [0m[1mhelp[0m: for further information visit https://rust-lang.github.io/rust-clippy/rust-1.95.0/index.html#io_other_error
[1m[96mhelp[0m: use `std::io::Error::other`
     [1m[94m|[0m
[1m[94m1713[0m [91m- [0m                .map_err(|error| io::Error::[91mnew[0m([91mio::ErrorKind::Other, [0merror.to_string()))?;
[1m[94m1713[0m [92m+ [0m                .map_err(|error| io::Error::[92mother[0m(error.to_string()))?;
     [1m[94m|[0m

[1m[33mwarning[0m[1m: this can be `std::io::Error::other(_)`[0m
    [1m[94m--> [0msrc/runtime/persistence.rs:1718:34
     [1m[94m|[0m
[1m[94m1718[0m [1m[94m|[0m                 .map_err(|error| io::Error::new(io::ErrorKind::Other, error.to_string()))?
     [1m[94m|[0m                                  [1m[33m^^^^^^^^^^^^^^^^^^^^^^^^^^^^^^^^^^^^^^^^^^^^^^^^^^^^^^^[0m
     [1m[94m|[0m
     [1m[94m= [0m[1mhelp[0m: for further information visit https://rust-lang.github.io/rust-clippy/rust-1.95.0/index.html#io_other_error
[1m[96mhelp[0m: use `std::io::Error::other`
     [1m[94m|[0m
[1m[94m1718[0m [91m- [0m                .map_err(|error| io::Error::[91mnew[0m([91mio::ErrorKind::Other, [0merror.to_string()))?
[1m[94m1718[0m [92m+ [0m                .map_err(|error| io::Error::[92mother[0m(error.to_string()))?
     [1m[94m|[0m

[1m[33mwarning[0m[1m: this can be `std::io::Error::other(_)`[0m
    [1m[94m--> [0msrc/runtime/persistence.rs:1806:30
     [1m[94m|[0m
[1m[94m1806[0m [1m[94m|[0m                 .map_err(|e| io::Error::new(io::ErrorKind::Other, e.to_string()))?;
     [1m[94m|[0m                              [1m[33m^^^^^^^^^^^^^^^^^^^^^^^^^^^^^^^^^^^^^^^^^^^^^^^^^^^[0m
     [1m[94m|[0m
     [1m[94m= [0m[1mhelp[0m: for further information visit https://rust-lang.github.io/rust-clippy/rust-1.95.0/index.html#io_other_error
[1m[96mhelp[0m: use `std::io::Error::other`
     [1m[94m|[0m
[1m[94m1806[0m [91m- [0m                .map_err(|e| io::Error::[91mnew[0m([91mio::ErrorKind::Other, [0me.to_string()))?;
[1m[94m1806[0m [92m+ [0m                .map_err(|e| io::Error::[92mother[0m(e.to_string()))?;
     [1m[94m|[0m

[1m[33mwarning[0m[1m: this can be `std::io::Error::other(_)`[0m
    [1m[94m--> [0msrc/runtime/persistence.rs:1816:34
     [1m[94m|[0m
[1m[94m1816[0m [1m[94m|[0m                     .map_err(|e| io::Error::new(io::ErrorKind::Other, e.to_string()))?;
     [1m[94m|[0m                                  [1m[33m^^^^^^^^^^^^^^^^^^^^^^^^^^^^^^^^^^^^^^^^^^^^^^^^^^^[0m
     [1m[94m|[0m
     [1m[94m= [0m[1mhelp[0m: for further information visit https://rust-lang.github.io/rust-clippy/rust-1.95.0/index.html#io_other_error
[1m[96mhelp[0m: use `std::io::Error::other`
     [1m[94m|[0m
[1m[94m1816[0m [91m- [0m                    .map_err(|e| io::Error::[91mnew[0m([91mio::ErrorKind::Other, [0me.to_string()))?;
[1m[94m1816[0m [92m+ [0m                    .map_err(|e| io::Error::[92mother[0m(e.to_string()))?;
     [1m[94m|[0m

[1m[33mwarning[0m[1m: this can be `std::io::Error::other(_)`[0m
    [1m[94m--> [0msrc/runtime/persistence.rs:1820:34
     [1m[94m|[0m
[1m[94m1820[0m [1m[94m|[0m                     .map_err(|e| io::Error::new(io::ErrorKind::Other, e.to_string()))?
     [1m[94m|[0m                                  [1m[33m^^^^^^^^^^^^^^^^^^^^^^^^^^^^^^^^^^^^^^^^^^^^^^^^^^^[0m
     [1m[94m|[0m
     [1m[94m= [0m[1mhelp[0m: for further information visit https://rust-lang.github.io/rust-clippy/rust-1.95.0/index.html#io_other_error
[1m[96mhelp[0m: use `std::io::Error::other`
     [1m[94m|[0m
[1m[94m1820[0m [91m- [0m                    .map_err(|e| io::Error::[91mnew[0m([91mio::ErrorKind::Other, [0me.to_string()))?
[1m[94m1820[0m [92m+ [0m                    .map_err(|e| io::Error::[92mother[0m(e.to_string()))?
     [1m[94m|[0m

[1m[33mwarning[0m[1m: this can be `std::io::Error::other(_)`[0m
    [1m[94m--> [0msrc/runtime/persistence.rs:1843:42
     [1m[94m|[0m
[1m[94m1843[0m [1m[94m|[0m [1m[94m...[0m                   .map_err(|e| io::Error::new(io::ErrorKind::Other, e.to_string()))?;
     [1m[94m|[0m                                    [1m[33m^^^^^^^^^^^^^^^^^^^^^^^^^^^^^^^^^^^^^^^^^^^^^^^^^^^[0m
     [1m[94m|[0m
     [1m[94m= [0m[1mhelp[0m: for further information visit https://rust-lang.github.io/rust-clippy/rust-1.95.0/index.html#io_other_error
[1m[96mhelp[0m: use `std::io::Error::other`
     [1m[94m|[0m
[1m[94m1843[0m [91m- [0m                            .map_err(|e| io::Error::[91mnew[0m([91mio::ErrorKind::Other, [0me.to_string()))?;
[1m[94m1843[0m [92m+ [0m                            .map_err(|e| io::Error::[92mother[0m(e.to_string()))?;
     [1m[94m|[0m

[1m[33mwarning[0m[1m: this can be `std::io::Error::other(_)`[0m
    [1m[94m--> [0msrc/runtime/persistence.rs:1895:34
     [1m[94m|[0m
[1m[94m1895[0m [1m[94m|[0m                     .map_err(|e| io::Error::new(io::ErrorKind::Other, e.to_string()))?;
     [1m[94m|[0m                                  [1m[33m^^^^^^^^^^^^^^^^^^^^^^^^^^^^^^^^^^^^^^^^^^^^^^^^^^^[0m
     [1m[94m|[0m
     [1m[94m= [0m[1mhelp[0m: for further information visit https://rust-lang.github.io/rust-clippy/rust-1.95.0/index.html#io_other_error
[1m[96mhelp[0m: use `std::io::Error::other`
     [1m[94m|[0m
[1m[94m1895[0m [91m- [0m                    .map_err(|e| io::Error::[91mnew[0m([91mio::ErrorKind::Other, [0me.to_string()))?;
[1m[94m1895[0m [92m+ [0m                    .map_err(|e| io::Error::[92mother[0m(e.to_string()))?;
     [1m[94m|[0m

[1m[33mwarning[0m[1m: this can be `std::io::Error::other(_)`[0m
    [1m[94m--> [0msrc/runtime/persistence.rs:1899:34
     [1m[94m|[0m
[1m[94m1899[0m [1m[94m|[0m                     .map_err(|e| io::Error::new(io::ErrorKind::Other, e.to_string()))?
     [1m[94m|[0m                                  [1m[33m^^^^^^^^^^^^^^^^^^^^^^^^^^^^^^^^^^^^^^^^^^^^^^^^^^^[0m
     [1m[94m|[0m
     [1m[94m= [0m[1mhelp[0m: for further information visit https://rust-lang.github.io/rust-clippy/rust-1.95.0/index.html#io_other_error
[1m[96mhelp[0m: use `std::io::Error::other`
     [1m[94m|[0m
[1m[94m1899[0m [91m- [0m                    .map_err(|e| io::Error::[91mnew[0m([91mio::ErrorKind::Other, [0me.to_string()))?
[1m[94m1899[0m [92m+ [0m                    .map_err(|e| io::Error::[92mother[0m(e.to_string()))?
     [1m[94m|[0m

[1m[33mwarning[0m[1m: this can be `std::io::Error::other(_)`[0m
    [1m[94m--> [0msrc/runtime/persistence.rs:1953:30
     [1m[94m|[0m
[1m[94m1953[0m [1m[94m|[0m                 .map_err(|e| io::Error::new(io::ErrorKind::Other, e.to_string()))?;
     [1m[94m|[0m                              [1m[33m^^^^^^^^^^^^^^^^^^^^^^^^^^^^^^^^^^^^^^^^^^^^^^^^^^^[0m
     [1m[94m|[0m
     [1m[94m= [0m[1mhelp[0m: for further information visit https://rust-lang.github.io/rust-clippy/rust-1.95.0/index.html#io_other_error
[1m[96mhelp[0m: use `std::io::Error::other`
     [1m[94m|[0m
[1m[94m1953[0m [91m- [0m                .map_err(|e| io::Error::[91mnew[0m([91mio::ErrorKind::Other, [0me.to_string()))?;
[1m[94m1953[0m [92m+ [0m                .map_err(|e| io::Error::[92mother[0m(e.to_string()))?;
     [1m[94m|[0m

[1m[33mwarning[0m[1m: this can be `std::io::Error::other(_)`[0m
    [1m[94m--> [0msrc/runtime/persistence.rs:1968:30
     [1m[94m|[0m
[1m[94m1968[0m [1m[94m|[0m                 .map_err(|e| io::Error::new(io::ErrorKind::Other, e.to_string()))?;
     [1m[94m|[0m                              [1m[33m^^^^^^^^^^^^^^^^^^^^^^^^^^^^^^^^^^^^^^^^^^^^^^^^^^^[0m
     [1m[94m|[0m
     [1m[94m= [0m[1mhelp[0m: for further information visit https://rust-lang.github.io/rust-clippy/rust-1.95.0/index.html#io_other_error
[1m[96mhelp[0m: use `std::io::Error::other`
     [1m[94m|[0m
[1m[94m1968[0m [91m- [0m                .map_err(|e| io::Error::[91mnew[0m([91mio::ErrorKind::Other, [0me.to_string()))?;
[1m[94m1968[0m [92m+ [0m                .map_err(|e| io::Error::[92mother[0m(e.to_string()))?;
     [1m[94m|[0m

[1m[33mwarning[0m[1m: this can be `std::io::Error::other(_)`[0m
    [1m[94m--> [0msrc/runtime/persistence.rs:1983:30
     [1m[94m|[0m
[1m[94m1983[0m [1m[94m|[0m                 .map_err(|e| io::Error::new(io::ErrorKind::Other, e.to_string()))?;
     [1m[94m|[0m                              [1m[33m^^^^^^^^^^^^^^^^^^^^^^^^^^^^^^^^^^^^^^^^^^^^^^^^^^^[0m
     [1m[94m|[0m
     [1m[94m= [0m[1mhelp[0m: for further information visit https://rust-lang.github.io/rust-clippy/rust-1.95.0/index.html#io_other_error
[1m[96mhelp[0m: use `std::io::Error::other`
     [1m[94m|[0m
[1m[94m1983[0m [91m- [0m                .map_err(|e| io::Error::[91mnew[0m([91mio::ErrorKind::Other, [0me.to_string()))?;
[1m[94m1983[0m [92m+ [0m                .map_err(|e| io::Error::[92mother[0m(e.to_string()))?;
     [1m[94m|[0m

[1m[33mwarning[0m[1m: this can be `std::io::Error::other(_)`[0m
    [1m[94m--> [0msrc/runtime/persistence.rs:1998:30
     [1m[94m|[0m
[1m[94m1998[0m [1m[94m|[0m                 .map_err(|e| io::Error::new(io::ErrorKind::Other, e.to_string()))?;
     [1m[94m|[0m                              [1m[33m^^^^^^^^^^^^^^^^^^^^^^^^^^^^^^^^^^^^^^^^^^^^^^^^^^^[0m
     [1m[94m|[0m
     [1m[94m= [0m[1mhelp[0m: for further information visit https://rust-lang.github.io/rust-clippy/rust-1.95.0/index.html#io_other_error
[1m[96mhelp[0m: use `std::io::Error::other`
     [1m[94m|[0m
[1m[94m1998[0m [91m- [0m                .map_err(|e| io::Error::[91mnew[0m([91mio::ErrorKind::Other, [0me.to_string()))?;
[1m[94m1998[0m [92m+ [0m                .map_err(|e| io::Error::[92mother[0m(e.to_string()))?;
     [1m[94m|[0m

[1m[33mwarning[0m[1m: this can be `std::io::Error::other(_)`[0m
    [1m[94m--> [0msrc/runtime/persistence.rs:2013:30
     [1m[94m|[0m
[1m[94m2013[0m [1m[94m|[0m                 .map_err(|e| io::Error::new(io::ErrorKind::Other, e.to_string()))?;
     [1m[94m|[0m                              [1m[33m^^^^^^^^^^^^^^^^^^^^^^^^^^^^^^^^^^^^^^^^^^^^^^^^^^^[0m
     [1m[94m|[0m
     [1m[94m= [0m[1mhelp[0m: for further information visit https://rust-lang.github.io/rust-clippy/rust-1.95.0/index.html#io_other_error
[1m[96mhelp[0m: use `std::io::Error::other`
     [1m[94m|[0m
[1m[94m2013[0m [91m- [0m                .map_err(|e| io::Error::[91mnew[0m([91mio::ErrorKind::Other, [0me.to_string()))?;
[1m[94m2013[0m [92m+ [0m                .map_err(|e| io::Error::[92mother[0m(e.to_string()))?;
     [1m[94m|[0m

[1m[33mwarning[0m[1m: this can be `std::io::Error::other(_)`[0m
    [1m[94m--> [0msrc/runtime/persistence.rs:2031:30
     [1m[94m|[0m
[1m[94m2031[0m [1m[94m|[0m                 .map_err(|e| io::Error::new(io::ErrorKind::Other, e.to_string()))?;
     [1m[94m|[0m                              [1m[33m^^^^^^^^^^^^^^^^^^^^^^^^^^^^^^^^^^^^^^^^^^^^^^^^^^^[0m
     [1m[94m|[0m
     [1m[94m= [0m[1mhelp[0m: for further information visit https://rust-lang.github.io/rust-clippy/rust-1.95.0/index.html#io_other_error
[1m[96mhelp[0m: use `std::io::Error::other`
     [1m[94m|[0m
[1m[94m2031[0m [91m- [0m                .map_err(|e| io::Error::[91mnew[0m([91mio::ErrorKind::Other, [0me.to_string()))?;
[1m[94m2031[0m [92m+ [0m                .map_err(|e| io::Error::[92mother[0m(e.to_string()))?;
     [1m[94m|[0m

[1m[33mwarning[0m[1m: this can be `std::io::Error::other(_)`[0m
    [1m[94m--> [0msrc/runtime/persistence.rs:2047:26
     [1m[94m|[0m
[1m[94m2047[0m [1m[94m|[0m             .map_err(|e| io::Error::new(io::ErrorKind::Other, e.to_string()))?;
     [1m[94m|[0m                          [1m[33m^^^^^^^^^^^^^^^^^^^^^^^^^^^^^^^^^^^^^^^^^^^^^^^^^^^[0m
     [1m[94m|[0m
     [1m[94m= [0m[1mhelp[0m: for further information visit https://rust-lang.github.io/rust-clippy/rust-1.95.0/index.html#io_other_error
[1m[96mhelp[0m: use `std::io::Error::other`
     [1m[94m|[0m
[1m[94m2047[0m [91m- [0m            .map_err(|e| io::Error::[91mnew[0m([91mio::ErrorKind::Other, [0me.to_string()))?;
[1m[94m2047[0m [92m+ [0m            .map_err(|e| io::Error::[92mother[0m(e.to_string()))?;
     [1m[94m|[0m

[1m[33mwarning[0m[1m: this can be `std::io::Error::other(_)`[0m
    [1m[94m--> [0msrc/runtime/persistence.rs:2069:34
     [1m[94m|[0m
[1m[94m2069[0m [1m[94m|[0m                     .map_err(|e| io::Error::new(io::ErrorKind::Other, e.to_string()))?;
     [1m[94m|[0m                                  [1m[33m^^^^^^^^^^^^^^^^^^^^^^^^^^^^^^^^^^^^^^^^^^^^^^^^^^^[0m
     [1m[94m|[0m
     [1m[94m= [0m[1mhelp[0m: for further information visit https://rust-lang.github.io/rust-clippy/rust-1.95.0/index.html#io_other_error
[1m[96mhelp[0m: use `std::io::Error::other`
     [1m[94m|[0m
[1m[94m2069[0m [91m- [0m                    .map_err(|e| io::Error::[91mnew[0m([91mio::ErrorKind::Other, [0me.to_string()))?;
[1m[94m2069[0m [92m+ [0m                    .map_err(|e| io::Error::[92mother[0m(e.to_string()))?;
     [1m[94m|[0m

[1m[33mwarning[0m[1m: this can be `std::io::Error::other(_)`[0m
    [1m[94m--> [0msrc/runtime/persistence.rs:2090:30
     [1m[94m|[0m
[1m[94m2090[0m [1m[94m|[0m                 .map_err(|e| io::Error::new(io::ErrorKind::Other, e.to_string()))?;
     [1m[94m|[0m                              [1m[33m^^^^^^^^^^^^^^^^^^^^^^^^^^^^^^^^^^^^^^^^^^^^^^^^^^^[0m
     [1m[94m|[0m
     [1m[94m= [0m[1mhelp[0m: for further information visit https://rust-lang.github.io/rust-clippy/rust-1.95.0/index.html#io_other_error
[1m[96mhelp[0m: use `std::io::Error::other`
     [1m[94m|[0m
[1m[94m2090[0m [91m- [0m                .map_err(|e| io::Error::[91mnew[0m([91mio::ErrorKind::Other, [0me.to_string()))?;
[1m[94m2090[0m [92m+ [0m                .map_err(|e| io::Error::[92mother[0m(e.to_string()))?;
     [1m[94m|[0m

[1m[33mwarning[0m[1m: this can be `std::io::Error::other(_)`[0m
    [1m[94m--> [0msrc/runtime/persistence.rs:2095:30
     [1m[94m|[0m
[1m[94m2095[0m [1m[94m|[0m                 .map_err(|e| io::Error::new(io::ErrorKind::Other, e.to_string()))?;
     [1m[94m|[0m                              [1m[33m^^^^^^^^^^^^^^^^^^^^^^^^^^^^^^^^^^^^^^^^^^^^^^^^^^^[0m
     [1m[94m|[0m
     [1m[94m= [0m[1mhelp[0m: for further information visit https://rust-lang.github.io/rust-clippy/rust-1.95.0/index.html#io_other_error
[1m[96mhelp[0m: use `std::io::Error::other`
     [1m[94m|[0m
[1m[94m2095[0m [91m- [0m                .map_err(|e| io::Error::[91mnew[0m([91mio::ErrorKind::Other, [0me.to_string()))?;
[1m[94m2095[0m [92m+ [0m                .map_err(|e| io::Error::[92mother[0m(e.to_string()))?;
     [1m[94m|[0m

[1m[33mwarning[0m[1m: this can be `std::io::Error::other(_)`[0m
    [1m[94m--> [0msrc/runtime/persistence.rs:2121:45
     [1m[94m|[0m
[1m[94m2121[0m [1m[94m|[0m             ).await.map(|_| ()).map_err(|e| io::Error::new(io::ErrorKind::Other, e.to_string()))
     [1m[94m|[0m                                             [1m[33m^^^^^^^^^^^^^^^^^^^^^^^^^^^^^^^^^^^^^^^^^^^^^^^^^^^[0m
     [1m[94m|[0m
     [1m[94m= [0m[1mhelp[0m: for further information visit https://rust-lang.github.io/rust-clippy/rust-1.95.0/index.html#io_other_error
[1m[96mhelp[0m: use `std::io::Error::other`
     [1m[94m|[0m
[1m[94m2121[0m [91m- [0m            ).await.map(|_| ()).map_err(|e| io::Error::[91mnew[0m([91mio::ErrorKind::Other, [0me.to_string()))
[1m[94m2121[0m [92m+ [0m            ).await.map(|_| ()).map_err(|e| io::Error::[92mother[0m(e.to_string()))
     [1m[94m|[0m

[1m[33mwarning[0m[1m: this can be `std::io::Error::other(_)`[0m
    [1m[94m--> [0msrc/runtime/persistence.rs:2188:45
     [1m[94m|[0m
[1m[94m2188[0m [1m[94m|[0m             ).await.map(|_| ()).map_err(|e| io::Error::new(io::ErrorKind::Other, e.to_string()))
     [1m[94m|[0m                                             [1m[33m^^^^^^^^^^^^^^^^^^^^^^^^^^^^^^^^^^^^^^^^^^^^^^^^^^^[0m
     [1m[94m|[0m
     [1m[94m= [0m[1mhelp[0m: for further information visit https://rust-lang.github.io/rust-clippy/rust-1.95.0/index.html#io_other_error
[1m[96mhelp[0m: use `std::io::Error::other`
     [1m[94m|[0m
[1m[94m2188[0m [91m- [0m            ).await.map(|_| ()).map_err(|e| io::Error::[91mnew[0m([91mio::ErrorKind::Other, [0me.to_string()))
[1m[94m2188[0m [92m+ [0m            ).await.map(|_| ()).map_err(|e| io::Error::[92mother[0m(e.to_string()))
     [1m[94m|[0m

[1m[33mwarning[0m[1m: this can be `std::io::Error::other(_)`[0m
    [1m[94m--> [0msrc/runtime/persistence.rs:2252:26
     [1m[94m|[0m
[1m[94m2252[0m [1m[94m|[0m             .map_err(|e| io::Error::new(io::ErrorKind::Other, e.to_string()))
     [1m[94m|[0m                          [1m[33m^^^^^^^^^^^^^^^^^^^^^^^^^^^^^^^^^^^^^^^^^^^^^^^^^^^[0m
     [1m[94m|[0m
     [1m[94m= [0m[1mhelp[0m: for further information visit https://rust-lang.github.io/rust-clippy/rust-1.95.0/index.html#io_other_error
[1m[96mhelp[0m: use `std::io::Error::other`
     [1m[94m|[0m
[1m[94m2252[0m [91m- [0m            .map_err(|e| io::Error::[91mnew[0m([91mio::ErrorKind::Other, [0me.to_string()))
[1m[94m2252[0m [92m+ [0m            .map_err(|e| io::Error::[92mother[0m(e.to_string()))
     [1m[94m|[0m

[1m[33mwarning[0m[1m: this loop could be written as a `while let` loop[0m
    [1m[94m--> [0msrc/runtime/persistence.rs:2269:17
     [1m[94m|[0m
[1m[94m2269[0m [1m[94m|[0m [1m[33m/[0m                 loop {
[1m[94m2270[0m [1m[94m|[0m [1m[33m|[0m                     match rows.next().await {
[1m[94m2271[0m [1m[94m|[0m [1m[33m|[0m                         Ok(Some(row)) => {
[1m[94m2272[0m [1m[94m|[0m [1m[33m|[0m                             let event_json: String = match row.get(0) {
[1m[94m...[0m    [1m[33m|[0m
[1m[94m2282[0m [1m[94m|[0m [1m[33m|[0m                 }
     [1m[94m|[0m [1m[33m|_________________^[0m [1m[33mhelp: try: `while let Ok(Some(row)) = rows.next().await { .. }`[0m
     [1m[94m|[0m
     [1m[94m= [0m[1mhelp[0m: for further information visit https://rust-lang.github.io/rust-clippy/rust-1.95.0/index.html#while_let_loop

[1m[33mwarning[0m[1m: this loop could be written as a `while let` loop[0m
    [1m[94m--> [0msrc/runtime/persistence.rs:2293:17
     [1m[94m|[0m
[1m[94m2293[0m [1m[94m|[0m [1m[33m/[0m                 loop {
[1m[94m2294[0m [1m[94m|[0m [1m[33m|[0m                     match rows.next().await {
[1m[94m2295[0m [1m[94m|[0m [1m[33m|[0m                         Ok(Some(row)) => {
[1m[94m2296[0m [1m[94m|[0m [1m[33m|[0m                             let event_json: String = match row.get(0) {
[1m[94m...[0m    [1m[33m|[0m
[1m[94m2306[0m [1m[94m|[0m [1m[33m|[0m                 }
     [1m[94m|[0m [1m[33m|_________________^[0m [1m[33mhelp: try: `while let Ok(Some(row)) = rows.next().await { .. }`[0m
     [1m[94m|[0m
     [1m[94m= [0m[1mhelp[0m: for further information visit https://rust-lang.github.io/rust-clippy/rust-1.95.0/index.html#while_let_loop

[1m[33mwarning[0m[1m: this can be `std::io::Error::other(_)`[0m
    [1m[94m--> [0msrc/runtime/persistence.rs:2324:45
     [1m[94m|[0m
[1m[94m2324[0m [1m[94m|[0m             ).await.map(|_| ()).map_err(|e| io::Error::new(io::ErrorKind::Other, e.to_string()))
     [1m[94m|[0m                                             [1m[33m^^^^^^^^^^^^^^^^^^^^^^^^^^^^^^^^^^^^^^^^^^^^^^^^^^^[0m
     [1m[94m|[0m
     [1m[94m= [0m[1mhelp[0m: for further information visit https://rust-lang.github.io/rust-clippy/rust-1.95.0/index.html#io_other_error
[1m[96mhelp[0m: use `std::io::Error::other`
     [1m[94m|[0m
[1m[94m2324[0m [91m- [0m            ).await.map(|_| ()).map_err(|e| io::Error::[91mnew[0m([91mio::ErrorKind::Other, [0me.to_string()))
[1m[94m2324[0m [92m+ [0m            ).await.map(|_| ()).map_err(|e| io::Error::[92mother[0m(e.to_string()))
     [1m[94m|[0m

[1m[33mwarning[0m[1m: this loop could be written as a `while let` loop[0m
    [1m[94m--> [0msrc/runtime/persistence.rs:2341:17
     [1m[94m|[0m
[1m[94m2341[0m [1m[94m|[0m [1m[33m/[0m                 loop {
[1m[94m2342[0m [1m[94m|[0m [1m[33m|[0m                     match rows.next().await {
[1m[94m2343[0m [1m[94m|[0m [1m[33m|[0m                         Ok(Some(row)) => {
[1m[94m2344[0m [1m[94m|[0m [1m[33m|[0m                             let sequence: i64 = match row.get(0) {
[1m[94m...[0m    [1m[33m|[0m
[1m[94m2382[0m [1m[94m|[0m [1m[33m|[0m                 }
     [1m[94m|[0m [1m[33m|_________________^[0m [1m[33mhelp: try: `while let Ok(Some(row)) = rows.next().await { .. }`[0m
     [1m[94m|[0m
     [1m[94m= [0m[1mhelp[0m: for further information visit https://rust-lang.github.io/rust-clippy/rust-1.95.0/index.html#while_let_loop

[1m[33mwarning[0m[1m: this loop could be written as a `while let` loop[0m
    [1m[94m--> [0msrc/runtime/persistence.rs:2393:17
     [1m[94m|[0m
[1m[94m2393[0m [1m[94m|[0m [1m[33m/[0m                 loop {
[1m[94m2394[0m [1m[94m|[0m [1m[33m|[0m                     match rows.next().await {
[1m[94m2395[0m [1m[94m|[0m [1m[33m|[0m                         Ok(Some(row)) => {
[1m[94m2396[0m [1m[94m|[0m [1m[33m|[0m                             let event_json: String = match row.get(0) {
[1m[94m...[0m    [1m[33m|[0m
[1m[94m2406[0m [1m[94m|[0m [1m[33m|[0m                 }
     [1m[94m|[0m [1m[33m|_________________^[0m [1m[33mhelp: try: `while let Ok(Some(row)) = rows.next().await { .. }`[0m
     [1m[94m|[0m
     [1m[94m= [0m[1mhelp[0m: for further information visit https://rust-lang.github.io/rust-clippy/rust-1.95.0/index.html#while_let_loop

[1m[33mwarning[0m[1m: this can be `std::io::Error::other(_)`[0m
    [1m[94m--> [0msrc/runtime/persistence.rs:2505:34
     [1m[94m|[0m
[1m[94m2505[0m [1m[94m|[0m                     .map_err(|e| io::Error::new(io::ErrorKind::Other, e.to_string()))?;
     [1m[94m|[0m                                  [1m[33m^^^^^^^^^^^^^^^^^^^^^^^^^^^^^^^^^^^^^^^^^^^^^^^^^^^[0m
     [1m[94m|[0m
     [1m[94m= [0m[1mhelp[0m: for further information visit https://rust-lang.github.io/rust-clippy/rust-1.95.0/index.html#io_other_error
[1m[96mhelp[0m: use `std::io::Error::other`
     [1m[94m|[0m
[1m[94m2505[0m [91m- [0m                    .map_err(|e| io::Error::[91mnew[0m([91mio::ErrorKind::Other, [0me.to_string()))?;
[1m[94m2505[0m [92m+ [0m                    .map_err(|e| io::Error::[92mother[0m(e.to_string()))?;
     [1m[94m|[0m

[1m[33mwarning[0m[1m: manual implementation of `.is_multiple_of()`[0m
  [1m[94m--> [0msrc/runtime/resp_cache.rs:93:42
   [1m[94m|[0m
[1m[94m93[0m [1m[94m|[0m         return if command.argc() == 0 || command.argc() % 2 != 0 {
   [1m[94m|[0m                                          [1m[33m^^^^^^^^^^^^^^^^^^^^^^^[0m [1m[33mhelp: replace with: `!command.argc().is_multiple_of(2)`[0m
   [1m[94m|[0m
   [1m[94m= [0m[1mhelp[0m: for further information visit https://rust-lang.github.io/rust-clippy/rust-1.95.0/index.html#manual_is_multiple_of

[1m[33mwarning[0m[1m: manual implementation of `.is_multiple_of()`[0m
   [1m[94m--> [0msrc/runtime/resp_cache.rs:348:31
    [1m[94m|[0m
[1m[94m348[0m [1m[94m|[0m     if command.argc() == 0 || command.argc() % 2 != 0 {
    [1m[94m|[0m                               [1m[33m^^^^^^^^^^^^^^^^^^^^^^^[0m [1m[33mhelp: replace with: `!command.argc().is_multiple_of(2)`[0m
    [1m[94m|[0m
    [1m[94m= [0m[1mhelp[0m: for further information visit https://rust-lang.github.io/rust-clippy/rust-1.95.0/index.html#manual_is_multiple_of

[1m[33mwarning[0m[1m: accessing first element with `args.get(0)`[0m
    [1m[94m--> [0msrc/runtime/mod.rs:2007:31
     [1m[94m|[0m
[1m[94m2007[0m [1m[94m|[0m                   let content = args
     [1m[94m|[0m [1m[33m _______________________________^[0m
[1m[94m2008[0m [1m[94m|[0m [1m[33m|[0m                     .get(0)
     [1m[94m|[0m [1m[33m|___________________________^[0m [1m[33mhelp: try: `args.first()`[0m
     [1m[94m|[0m
     [1m[94m= [0m[1mhelp[0m: for further information visit https://rust-lang.github.io/rust-clippy/rust-1.95.0/index.html#get_first

[1m[33mwarning[0m[1m: accessing first element with `args.get(0)`[0m
    [1m[94m--> [0msrc/runtime/mod.rs:2017:29
     [1m[94m|[0m
[1m[94m2017[0m [1m[94m|[0m                   let query = args
     [1m[94m|[0m [1m[33m _____________________________^[0m
[1m[94m2018[0m [1m[94m|[0m [1m[33m|[0m                     .get(0)
     [1m[94m|[0m [1m[33m|___________________________^[0m [1m[33mhelp: try: `args.first()`[0m
     [1m[94m|[0m
     [1m[94m= [0m[1mhelp[0m: for further information visit https://rust-lang.github.io/rust-clippy/rust-1.95.0/index.html#get_first

[1m[33mwarning[0m[1m: accessing first element with `args.get(0)`[0m
    [1m[94m--> [0msrc/runtime/mod.rs:2038:31
     [1m[94m|[0m
[1m[94m2038[0m [1m[94m|[0m                       let key = args
     [1m[94m|[0m [1m[33m _______________________________^[0m
[1m[94m2039[0m [1m[94m|[0m [1m[33m|[0m                         .get(0)
     [1m[94m|[0m [1m[33m|_______________________________^[0m [1m[33mhelp: try: `args.first()`[0m
     [1m[94m|[0m
     [1m[94m= [0m[1mhelp[0m: for further information visit https://rust-lang.github.io/rust-clippy/rust-1.95.0/index.html#get_first

[1m[33mwarning[0m[1m: accessing first element with `args.get(0)`[0m
    [1m[94m--> [0msrc/runtime/mod.rs:2070:31
     [1m[94m|[0m
[1m[94m2070[0m [1m[94m|[0m                       let key = args
     [1m[94m|[0m [1m[33m _______________________________^[0m
[1m[94m2071[0m [1m[94m|[0m [1m[33m|[0m                         .get(0)
     [1m[94m|[0m [1m[33m|_______________________________^[0m [1m[33mhelp: try: `args.first()`[0m
     [1m[94m|[0m
     [1m[94m= [0m[1mhelp[0m: for further information visit https://rust-lang.github.io/rust-clippy/rust-1.95.0/index.html#get_first

[1m[33mwarning[0m[1m: accessing first element with `args.get(0)`[0m
    [1m[94m--> [0msrc/runtime/mod.rs:2081:32
     [1m[94m|[0m
[1m[94m2081[0m [1m[94m|[0m                       let task = args
     [1m[94m|[0m [1m[33m ________________________________^[0m
[1m[94m2082[0m [1m[94m|[0m [1m[33m|[0m                         .get(0)
     [1m[94m|[0m [1m[33m|_______________________________^[0m [1m[33mhelp: try: `args.first()`[0m
     [1m[94m|[0m
     [1m[94m= [0m[1mhelp[0m: for further information visit https://rust-lang.github.io/rust-clippy/rust-1.95.0/index.html#get_first

[1m[33mwarning[0m[1m: accessing first element with `args.get(0)`[0m
    [1m[94m--> [0msrc/runtime/mod.rs:2108:32
     [1m[94m|[0m
[1m[94m2108[0m [1m[94m|[0m                       let task = args
     [1m[94m|[0m [1m[33m ________________________________^[0m
[1m[94m2109[0m [1m[94m|[0m [1m[33m|[0m                         .get(0)
     [1m[94m|[0m [1m[33m|_______________________________^[0m [1m[33mhelp: try: `args.first()`[0m
     [1m[94m|[0m
     [1m[94m= [0m[1mhelp[0m: for further information visit https://rust-lang.github.io/rust-clippy/rust-1.95.0/index.html#get_first

[1m[33mwarning[0m[1m: doc list item without indentation[0m
    [1m[94m--> [0msrc/runtime/mod.rs:3250:9
     [1m[94m|[0m
[1m[94m3250[0m [1m[94m|[0m     /// crossbeam queue) or LLM completions -- a program that
     [1m[94m|[0m         [1m[33m^[0m
     [1m[94m|[0m
     [1m[94m= [0m[1mhelp[0m: if this is supposed to be its own paragraph, add a blank line
     [1m[94m= [0m[1mhelp[0m: for further information visit https://rust-lang.github.io/rust-clippy/rust-1.95.0/index.html#doc_lazy_continuation
[1m[96mhelp[0m: indent this line
     [1m[94m|[0m
[1m[94m3250[0m [1m[94m| [0m    /// [92m  [0mcrossbeam queue) or LLM completions -- a program that
     [1m[94m|[0m         [92m++[0m

[1m[33mwarning[0m[1m: doc list item without indentation[0m
    [1m[94m--> [0msrc/runtime/mod.rs:3251:9
     [1m[94m|[0m
[1m[94m3251[0m [1m[94m|[0m     /// spawns/sends/asks/links/monitors between actors, arms timers
     [1m[94m|[0m         [1m[33m^[0m
     [1m[94m|[0m
     [1m[94m= [0m[1mhelp[0m: if this is supposed to be its own paragraph, add a blank line
     [1m[94m= [0m[1mhelp[0m: for further information visit https://rust-lang.github.io/rust-clippy/rust-1.95.0/index.html#doc_lazy_continuation
[1m[96mhelp[0m: indent this line
     [1m[94m|[0m
[1m[94m3251[0m [1m[94m| [0m    /// [92m  [0mspawns/sends/asks/links/monitors between actors, arms timers
     [1m[94m|[0m         [92m++[0m

[1m[33mwarning[0m[1m: doc list item without indentation[0m
    [1m[94m--> [0msrc/runtime/mod.rs:3252:9
     [1m[94m|[0m
[1m[94m3252[0m [1m[94m|[0m     /// (`send_after`), or uses timed receive-waits executes
     [1m[94m|[0m         [1m[33m^[0m
     [1m[94m|[0m
     [1m[94m= [0m[1mhelp[0m: if this is supposed to be its own paragraph, add a blank line
     [1m[94m= [0m[1mhelp[0m: for further information visit https://rust-lang.github.io/rust-clippy/rust-1.95.0/index.html#doc_lazy_continuation
[1m[96mhelp[0m: indent this line
     [1m[94m|[0m
[1m[94m3252[0m [1m[94m| [0m    /// [92m  [0m(`send_after`), or uses timed receive-waits executes
     [1m[94m|[0m         [92m++[0m

[1m[33mwarning[0m[1m: doc list item without indentation[0m
    [1m[94m--> [0msrc/runtime/mod.rs:3253:9
     [1m[94m|[0m
[1m[94m3253[0m [1m[94m|[0m     /// byte-identically for the same seed, provided a virtual clock is
     [1m[94m|[0m         [1m[33m^[0m
     [1m[94m|[0m
     [1m[94m= [0m[1mhelp[0m: if this is supposed to be its own paragraph, add a blank line
     [1m[94m= [0m[1mhelp[0m: for further information visit https://rust-lang.github.io/rust-clippy/rust-1.95.0/index.html#doc_lazy_continuation
[1m[96mhelp[0m: indent this line
     [1m[94m|[0m
[1m[94m3253[0m [1m[94m| [0m    /// [92m  [0mbyte-identically for the same seed, provided a virtual clock is
     [1m[94m|[0m         [92m++[0m

[1m[33mwarning[0m[1m: doc list item without indentation[0m
    [1m[94m--> [0msrc/runtime/mod.rs:3254:9
     [1m[94m|[0m
[1m[94m3254[0m [1m[94m|[0m     /// installed. Cross-shard messages (sharded `Runtime`s) are drained
     [1m[94m|[0m         [1m[33m^[0m
     [1m[94m|[0m
     [1m[94m= [0m[1mhelp[0m: if this is supposed to be its own paragraph, add a blank line
     [1m[94m= [0m[1mhelp[0m: for further information visit https://rust-lang.github.io/rust-clippy/rust-1.95.0/index.html#doc_lazy_continuation
[1m[96mhelp[0m: indent this line
     [1m[94m|[0m
[1m[94m3254[0m [1m[94m| [0m    /// [92m  [0minstalled. Cross-shard messages (sharded `Runtime`s) are drained
     [1m[94m|[0m         [92m++[0m

[1m[33mwarning[0m[1m: doc list item without indentation[0m
    [1m[94m--> [0msrc/runtime/mod.rs:3255:9
     [1m[94m|[0m
[1m[94m3255[0m [1m[94m|[0m     /// at the top of every loop iteration exactly like the production
     [1m[94m|[0m         [1m[33m^[0m
     [1m[94m|[0m
     [1m[94m= [0m[1mhelp[0m: if this is supposed to be its own paragraph, add a blank line
     [1m[94m= [0m[1mhelp[0m: for further information visit https://rust-lang.github.io/rust-clippy/rust-1.95.0/index.html#doc_lazy_continuation
[1m[96mhelp[0m: indent this line
     [1m[94m|[0m
[1m[94m3255[0m [1m[94m| [0m    /// [92m  [0mat the top of every loop iteration exactly like the production
     [1m[94m|[0m         [92m++[0m

[1m[33mwarning[0m[1m: doc list item without indentation[0m
    [1m[94m--> [0msrc/runtime/mod.rs:3256:9
     [1m[94m|[0m
[1m[94m3256[0m [1m[94m|[0m     /// scheduler (`drain_cross_shard_messages`), so `new_sharded`
     [1m[94m|[0m         [1m[33m^[0m
     [1m[94m|[0m
     [1m[94m= [0m[1mhelp[0m: if this is supposed to be its own paragraph, add a blank line
     [1m[94m= [0m[1mhelp[0m: for further information visit https://rust-lang.github.io/rust-clippy/rust-1.95.0/index.html#doc_lazy_continuation
[1m[96mhelp[0m: indent this line
     [1m[94m|[0m
[1m[94m3256[0m [1m[94m| [0m    /// [92m  [0mscheduler (`drain_cross_shard_messages`), so `new_sharded`
     [1m[94m|[0m         [92m++[0m

[1m[33mwarning[0m[1m: doc list item without indentation[0m
    [1m[94m--> [0msrc/runtime/mod.rs:3257:9
     [1m[94m|[0m
[1m[94m3257[0m [1m[94m|[0m     /// runtimes are deterministic too. Timer determinism (2026-08-13):
     [1m[94m|[0m         [1m[33m^[0m
     [1m[94m|[0m
     [1m[94m= [0m[1mhelp[0m: if this is supposed to be its own paragraph, add a blank line
     [1m[94m= [0m[1mhelp[0m: for further information visit https://rust-lang.github.io/rust-clippy/rust-1.95.0/index.html#doc_lazy_continuation
[1m[96mhelp[0m: indent this line
     [1m[94m|[0m
[1m[94m3257[0m [1m[94m| [0m    /// [92m  [0mruntimes are deterministic too. Timer determinism (2026-08-13):
     [1m[94m|[0m         [92m++[0m

[1m[33mwarning[0m[1m: doc list item without indentation[0m
    [1m[94m--> [0msrc/runtime/mod.rs:3258:9
     [1m[94m|[0m
[1m[94m3258[0m [1m[94m|[0m     /// when no actor is ready but the timer wheel is non-empty, the
     [1m[94m|[0m         [1m[33m^[0m
     [1m[94m|[0m
     [1m[94m= [0m[1mhelp[0m: if this is supposed to be its own paragraph, add a blank line
     [1m[94m= [0m[1mhelp[0m: for further information visit https://rust-lang.github.io/rust-clippy/rust-1.95.0/index.html#doc_lazy_continuation
[1m[96mhelp[0m: indent this line
     [1m[94m|[0m
[1m[94m3258[0m [1m[94m| [0m    /// [92m  [0mwhen no actor is ready but the timer wheel is non-empty, the
     [1m[94m|[0m         [92m++[0m

[1m[33mwarning[0m[1m: doc list item without indentation[0m
    [1m[94m--> [0msrc/runtime/mod.rs:3259:9
     [1m[94m|[0m
[1m[94m3259[0m [1m[94m|[0m     /// scheduler advances the virtual clock to the next deadline and
     [1m[94m|[0m         [1m[33m^[0m
     [1m[94m|[0m
     [1m[94m= [0m[1mhelp[0m: if this is supposed to be its own paragraph, add a blank line
     [1m[94m= [0m[1mhelp[0m: for further information visit https://rust-lang.github.io/rust-clippy/rust-1.95.0/index.html#doc_lazy_continuation
[1m[96mhelp[0m: indent this line
     [1m[94m|[0m
[1m[94m3259[0m [1m[94m| [0m    /// [92m  [0mscheduler advances the virtual clock to the next deadline and
     [1m[94m|[0m         [92m++[0m

[1m[33mwarning[0m[1m: doc list item without indentation[0m
    [1m[94m--> [0msrc/runtime/mod.rs:3260:9
     [1m[94m|[0m
[1m[94m3260[0m [1m[94m|[0m     /// re-ticks, so a timer-armed program's timers actually fire instead
     [1m[94m|[0m         [1m[33m^[0m
     [1m[94m|[0m
     [1m[94m= [0m[1mhelp[0m: if this is supposed to be its own paragraph, add a blank line
     [1m[94m= [0m[1mhelp[0m: for further information visit https://rust-lang.github.io/rust-clippy/rust-1.95.0/index.html#doc_lazy_continuation
[1m[96mhelp[0m: indent this line
     [1m[94m|[0m
[1m[94m3260[0m [1m[94m| [0m    /// [92m  [0mre-ticks, so a timer-armed program's timers actually fire instead
     [1m[94m|[0m         [92m++[0m

[1m[33mwarning[0m[1m: doc list item without indentation[0m
    [1m[94m--> [0msrc/runtime/mod.rs:3261:9
     [1m[94m|[0m
[1m[94m3261[0m [1m[94m|[0m     /// of the run Quiescing forever with them pending (the
     [1m[94m|[0m         [1m[33m^[0m
     [1m[94m|[0m
     [1m[94m= [0m[1mhelp[0m: if this is supposed to be its own paragraph, add a blank line
     [1m[94m= [0m[1mhelp[0m: for further information visit https://rust-lang.github.io/rust-clippy/rust-1.95.0/index.html#doc_lazy_continuation
[1m[96mhelp[0m: indent this line
     [1m[94m|[0m
[1m[94m3261[0m [1m[94m| [0m    /// [92m  [0mof the run Quiescing forever with them pending (the
     [1m[94m|[0m         [92m++[0m

[1m[33mwarning[0m[1m: doc list item without indentation[0m
    [1m[94m--> [0msrc/runtime/mod.rs:3262:9
     [1m[94m|[0m
[1m[94m3262[0m [1m[94m|[0m     /// pre-extension behavior). Clock advances count toward `max_steps`
     [1m[94m|[0m         [1m[33m^[0m
     [1m[94m|[0m
     [1m[94m= [0m[1mhelp[0m: if this is supposed to be its own paragraph, add a blank line
     [1m[94m= [0m[1mhelp[0m: for further information visit https://rust-lang.github.io/rust-clippy/rust-1.95.0/index.html#doc_lazy_continuation
[1m[96mhelp[0m: indent this line
     [1m[94m|[0m
[1m[94m3262[0m [1m[94m| [0m    /// [92m  [0mpre-extension behavior). Clock advances count toward `max_steps`
     [1m[94m|[0m         [92m++[0m

[1m[33mwarning[0m[1m: doc list item without indentation[0m
    [1m[94m--> [0msrc/runtime/mod.rs:3263:9
     [1m[94m|[0m
[1m[94m3263[0m [1m[94m|[0m     /// so a program that keeps re-arming timers cannot spin past the
     [1m[94m|[0m         [1m[33m^[0m
     [1m[94m|[0m
     [1m[94m= [0m[1mhelp[0m: if this is supposed to be its own paragraph, add a blank line
     [1m[94m= [0m[1mhelp[0m: for further information visit https://rust-lang.github.io/rust-clippy/rust-1.95.0/index.html#doc_lazy_continuation
[1m[96mhelp[0m: indent this line
     [1m[94m|[0m
[1m[94m3263[0m [1m[94m| [0m    /// [92m  [0mso a program that keeps re-arming timers cannot spin past the
     [1m[94m|[0m         [92m++[0m

[1m[33mwarning[0m[1m: doc list item without indentation[0m
    [1m[94m--> [0msrc/runtime/mod.rs:3264:9
     [1m[94m|[0m
[1m[94m3264[0m [1m[94m|[0m     /// bound. WITHOUT a virtual clock the old contract holds: a
     [1m[94m|[0m         [1m[33m^[0m
     [1m[94m|[0m
     [1m[94m= [0m[1mhelp[0m: if this is supposed to be its own paragraph, add a blank line
     [1m[94m= [0m[1mhelp[0m: for further information visit https://rust-lang.github.io/rust-clippy/rust-1.95.0/index.html#doc_lazy_continuation
[1m[96mhelp[0m: indent this line
     [1m[94m|[0m
[1m[94m3264[0m [1m[94m| [0m    /// [92m  [0mbound. WITHOUT a virtual clock the old contract holds: a
     [1m[94m|[0m         [92m++[0m

[1m[33mwarning[0m[1m: doc list item without indentation[0m
    [1m[94m--> [0msrc/runtime/mod.rs:3265:9
     [1m[94m|[0m
[1m[94m3265[0m [1m[94m|[0m     /// timer-armed program stops making progress once its
     [1m[94m|[0m         [1m[33m^[0m
     [1m[94m|[0m
     [1m[94m= [0m[1mhelp[0m: if this is supposed to be its own paragraph, add a blank line
     [1m[94m= [0m[1mhelp[0m: for further information visit https://rust-lang.github.io/rust-clippy/rust-1.95.0/index.html#doc_lazy_continuation
[1m[96mhelp[0m: indent this line
     [1m[94m|[0m
[1m[94m3265[0m [1m[94m| [0m    /// [92m  [0mtimer-armed program stops making progress once its
     [1m[94m|[0m         [92m++[0m

[1m[33mwarning[0m[1m: doc list item without indentation[0m
    [1m[94m--> [0msrc/runtime/mod.rs:3266:9
     [1m[94m|[0m
[1m[94m3266[0m [1m[94m|[0m     /// timer-waiting actor's mailbox empties and surfaces as `Quiescent`
     [1m[94m|[0m         [1m[33m^[0m
     [1m[94m|[0m
     [1m[94m= [0m[1mhelp[0m: if this is supposed to be its own paragraph, add a blank line
     [1m[94m= [0m[1mhelp[0m: for further information visit https://rust-lang.github.io/rust-clippy/rust-1.95.0/index.html#doc_lazy_continuation
[1m[96mhelp[0m: indent this line
     [1m[94m|[0m
[1m[94m3266[0m [1m[94m| [0m    /// [92m  [0mtimer-waiting actor's mailbox empties and surfaces as `Quiescent`
     [1m[94m|[0m         [92m++[0m

[1m[33mwarning[0m[1m: doc list item without indentation[0m
    [1m[94m--> [0msrc/runtime/mod.rs:3267:9
     [1m[94m|[0m
[1m[94m3267[0m [1m[94m|[0m     /// (timers are wall-clock-based and cannot be driven
     [1m[94m|[0m         [1m[33m^[0m
     [1m[94m|[0m
     [1m[94m= [0m[1mhelp[0m: if this is supposed to be its own paragraph, add a blank line
     [1m[94m= [0m[1mhelp[0m: for further information visit https://rust-lang.github.io/rust-clippy/rust-1.95.0/index.html#doc_lazy_continuation
[1m[96mhelp[0m: indent this line
     [1m[94m|[0m
[1m[94m3267[0m [1m[94m| [0m    /// [92m  [0m(timers are wall-clock-based and cannot be driven
     [1m[94m|[0m         [92m++[0m

[1m[33mwarning[0m[1m: doc list item without indentation[0m
    [1m[94m--> [0msrc/runtime/mod.rs:3268:9
     [1m[94m|[0m
[1m[94m3268[0m [1m[94m|[0m     /// deterministically). Network-driven determinism (multi-node
     [1m[94m|[0m         [1m[33m^[0m
     [1m[94m|[0m
     [1m[94m= [0m[1mhelp[0m: if this is supposed to be its own paragraph, add a blank line
     [1m[94m= [0m[1mhelp[0m: for further information visit https://rust-lang.github.io/rust-clippy/rust-1.95.0/index.html#doc_lazy_continuation
[1m[96mhelp[0m: indent this line
     [1m[94m|[0m
[1m[94m3268[0m [1m[94m| [0m    /// [92m  [0mdeterministically). Network-driven determinism (multi-node
     [1m[94m|[0m         [92m++[0m

[1m[33mwarning[0m[1m: doc list item without indentation[0m
    [1m[94m--> [0msrc/runtime/mod.rs:3269:9
     [1m[94m|[0m
[1m[94m3269[0m [1m[94m|[0m     /// clusters over the in-memory transport) lives in
     [1m[94m|[0m         [1m[33m^[0m
     [1m[94m|[0m
     [1m[94m= [0m[1mhelp[0m: if this is supposed to be its own paragraph, add a blank line
     [1m[94m= [0m[1mhelp[0m: for further information visit https://rust-lang.github.io/rust-clippy/rust-1.95.0/index.html#doc_lazy_continuation
[1m[96mhelp[0m: indent this line
     [1m[94m|[0m
[1m[94m3269[0m [1m[94m| [0m    /// [92m  [0mclusters over the in-memory transport) lives in
     [1m[94m|[0m         [92m++[0m

[1m[33mwarning[0m[1m: doc list item without indentation[0m
    [1m[94m--> [0msrc/runtime/mod.rs:3270:9
     [1m[94m|[0m
[1m[94m3270[0m [1m[94m|[0m     /// `cluster_dst::DeterministicCluster` (test-gated), which pumps
     [1m[94m|[0m         [1m[33m^[0m
     [1m[94m|[0m
     [1m[94m= [0m[1mhelp[0m: if this is supposed to be its own paragraph, add a blank line
     [1m[94m= [0m[1mhelp[0m: for further information visit https://rust-lang.github.io/rust-clippy/rust-1.95.0/index.html#doc_lazy_continuation
[1m[96mhelp[0m: indent this line
     [1m[94m|[0m
[1m[94m3270[0m [1m[94m| [0m    /// [92m  [0m`cluster_dst::DeterministicCluster` (test-gated), which pumps
     [1m[94m|[0m         [92m++[0m

[1m[33mwarning[0m[1m: doc list item without indentation[0m
    [1m[94m--> [0msrc/runtime/mod.rs:3271:9
     [1m[94m|[0m
[1m[94m3271[0m [1m[94m|[0m     /// per-node deterministic scheduler runs interleaved with transport
     [1m[94m|[0m         [1m[33m^[0m
     [1m[94m|[0m
     [1m[94m= [0m[1mhelp[0m: if this is supposed to be its own paragraph, add a blank line
     [1m[94m= [0m[1mhelp[0m: for further information visit https://rust-lang.github.io/rust-clippy/rust-1.95.0/index.html#doc_lazy_continuation
[1m[96mhelp[0m: indent this line
     [1m[94m|[0m
[1m[94m3271[0m [1m[94m| [0m    /// [92m  [0mper-node deterministic scheduler runs interleaved with transport
     [1m[94m|[0m         [92m++[0m

[1m[33mwarning[0m[1m: doc list item without indentation[0m
    [1m[94m--> [0msrc/runtime/mod.rs:3272:9
     [1m[94m|[0m
[1m[94m3272[0m [1m[94m|[0m     /// delivery.
     [1m[94m|[0m         [1m[33m^[0m
     [1m[94m|[0m
     [1m[94m= [0m[1mhelp[0m: if this is supposed to be its own paragraph, add a blank line
     [1m[94m= [0m[1mhelp[0m: for further information visit https://rust-lang.github.io/rust-clippy/rust-1.95.0/index.html#doc_lazy_continuation
[1m[96mhelp[0m: indent this line
     [1m[94m|[0m
[1m[94m3272[0m [1m[94m| [0m    /// [92m  [0mdelivery.
     [1m[94m|[0m         [92m++[0m

[1m[33mwarning[0m[1m: manual implementation of `.is_multiple_of()`[0m
    [1m[94m--> [0msrc/runtime/mod.rs:3305:24
     [1m[94m|[0m
[1m[94m3305[0m [1m[94m|[0m                     if steps % GC_PUMP_INTERVAL == 0 {
     [1m[94m|[0m                        [1m[33m^^^^^^^^^^^^^^^^^^^^^^^^^^^^^[0m [1m[33mhelp: replace with: `steps.is_multiple_of(GC_PUMP_INTERVAL)`[0m
     [1m[94m|[0m
     [1m[94m= [0m[1mhelp[0m: for further information visit https://rust-lang.github.io/rust-clippy/rust-1.95.0/index.html#manual_is_multiple_of

[1m[33mwarning[0m[1m: manual implementation of `.is_multiple_of()`[0m
    [1m[94m--> [0msrc/runtime/mod.rs:3313:24
     [1m[94m|[0m
[1m[94m3313[0m [1m[94m|[0m                     if steps % DEHYDRATE_CHECK_INTERVAL == 0 {
     [1m[94m|[0m                        [1m[33m^^^^^^^^^^^^^^^^^^^^^^^^^^^^^^^^^^^^^[0m [1m[33mhelp: replace with: `steps.is_multiple_of(DEHYDRATE_CHECK_INTERVAL)`[0m
     [1m[94m|[0m
     [1m[94m= [0m[1mhelp[0m: for further information visit https://rust-lang.github.io/rust-clippy/rust-1.95.0/index.html#manual_is_multiple_of

[1m[33mwarning[0m[1m: manual implementation of `.is_multiple_of()`[0m
    [1m[94m--> [0msrc/runtime/mod.rs:3354:24
     [1m[94m|[0m
[1m[94m3354[0m [1m[94m|[0m                     if steps % DEHYDRATE_CHECK_INTERVAL == 0 {
     [1m[94m|[0m                        [1m[33m^^^^^^^^^^^^^^^^^^^^^^^^^^^^^^^^^^^^^[0m [1m[33mhelp: replace with: `steps.is_multiple_of(DEHYDRATE_CHECK_INTERVAL)`[0m
     [1m[94m|[0m
     [1m[94m= [0m[1mhelp[0m: for further information visit https://rust-lang.github.io/rust-clippy/rust-1.95.0/index.html#manual_is_multiple_of

[1m[33mwarning[0m[1m: redundant closure[0m
    [1m[94m--> [0msrc/runtime/mod.rs:3779:21
     [1m[94m|[0m
[1m[94m3779[0m [1m[94m|[0m             .retain(|heap| Self::heap_has_outstanding_foreign_refs(heap));
     [1m[94m|[0m                     [1m[33m^^^^^^^^^^^^^^^^^^^^^^^^^^^^^^^^^^^^^^^^^^^^^^^^^^^^[0m [1m[33mhelp: replace the closure with the associated function itself: `Self::heap_has_outstanding_foreign_refs`[0m
     [1m[94m|[0m
     [1m[94m= [0m[1mhelp[0m: for further information visit https://rust-lang.github.io/rust-clippy/rust-1.95.0/index.html#redundant_closure

[1m[33mwarning[0m[1m: accessing first element with `msg[0m
         [1m                    .payload.get(0)`[0m
    [1m[94m--> [0msrc/runtime/mod.rs:3902:31
     [1m[94m|[0m
[1m[94m3902[0m [1m[94m|[0m                   let content = msg
     [1m[94m|[0m [1m[33m _______________________________^[0m
[1m[94m3903[0m [1m[94m|[0m [1m[33m|[0m                     .payload
[1m[94m3904[0m [1m[94m|[0m [1m[33m|[0m                     .get(0)
     [1m[94m|[0m [1m[33m|___________________________^[0m
     [1m[94m|[0m
     [1m[94m= [0m[1mhelp[0m: for further information visit https://rust-lang.github.io/rust-clippy/rust-1.95.0/index.html#get_first
[1m[96mhelp[0m: try
     [1m[94m|[0m
[1m[94m3902[0m [92m~ [0m                let content = [92mmsg[0m
[1m[94m3903[0m [92m+                     .payload.first()[0m
     [1m[94m|[0m

[1m[33mwarning[0m[1m: accessing first element with `msg[0m
         [1m                            .payload.get(0)`[0m
    [1m[94m--> [0msrc/runtime/mod.rs:3961:35
     [1m[94m|[0m
[1m[94m3961[0m [1m[94m|[0m                           let key = msg
     [1m[94m|[0m [1m[33m ___________________________________^[0m
[1m[94m3962[0m [1m[94m|[0m [1m[33m|[0m                             .payload
[1m[94m3963[0m [1m[94m|[0m [1m[33m|[0m                             .get(0)
     [1m[94m|[0m [1m[33m|___________________________________^[0m
     [1m[94m|[0m
     [1m[94m= [0m[1mhelp[0m: for further information visit https://rust-lang.github.io/rust-clippy/rust-1.95.0/index.html#get_first
[1m[96mhelp[0m: try
     [1m[94m|[0m
[1m[94m3961[0m [92m~ [0m                        let key = [92mmsg[0m
[1m[94m3962[0m [92m+                             .payload.first()[0m
     [1m[94m|[0m

[1m[33mwarning[0m[1m: accessing first element with `msg[0m
         [1m                            .payload.get(0)`[0m
    [1m[94m--> [0msrc/runtime/mod.rs:3996:35
     [1m[94m|[0m
[1m[94m3996[0m [1m[94m|[0m                           let key = msg
     [1m[94m|[0m [1m[33m ___________________________________^[0m
[1m[94m3997[0m [1m[94m|[0m [1m[33m|[0m                             .payload
[1m[94m3998[0m [1m[94m|[0m [1m[33m|[0m                             .get(0)
     [1m[94m|[0m [1m[33m|___________________________________^[0m
     [1m[94m|[0m
     [1m[94m= [0m[1mhelp[0m: for further information visit https://rust-lang.github.io/rust-clippy/rust-1.95.0/index.html#get_first
[1m[96mhelp[0m: try
     [1m[94m|[0m
[1m[94m3996[0m [92m~ [0m                        let key = [92mmsg[0m
[1m[94m3997[0m [92m+                             .payload.first()[0m
     [1m[94m|[0m

[1m[33mwarning[0m[1m: accessing first element with `msg[0m
         [1m                            .payload.get(0)`[0m
    [1m[94m--> [0msrc/runtime/mod.rs:4008:36
     [1m[94m|[0m
[1m[94m4008[0m [1m[94m|[0m                           let task = msg
     [1m[94m|[0m [1m[33m ____________________________________^[0m
[1m[94m4009[0m [1m[94m|[0m [1m[33m|[0m                             .payload
[1m[94m4010[0m [1m[94m|[0m [1m[33m|[0m                             .get(0)
     [1m[94m|[0m [1m[33m|___________________________________^[0m
     [1m[94m|[0m
     [1m[94m= [0m[1mhelp[0m: for further information visit https://rust-lang.github.io/rust-clippy/rust-1.95.0/index.html#get_first
[1m[96mhelp[0m: try
     [1m[94m|[0m
[1m[94m4008[0m [92m~ [0m                        let task = [92mmsg[0m
[1m[94m4009[0m [92m+                             .payload.first()[0m
     [1m[94m|[0m

[1m[33mwarning[0m[1m: accessing first element with `msg[0m
         [1m                            .payload.get(0)`[0m
    [1m[94m--> [0msrc/runtime/mod.rs:4038:36
     [1m[94m|[0m
[1m[94m4038[0m [1m[94m|[0m                           let task = msg
     [1m[94m|[0m [1m[33m ____________________________________^[0m
[1m[94m4039[0m [1m[94m|[0m [1m[33m|[0m                             .payload
[1m[94m4040[0m [1m[94m|[0m [1m[33m|[0m                             .get(0)
     [1m[94m|[0m [1m[33m|___________________________________^[0m
     [1m[94m|[0m
     [1m[94m= [0m[1mhelp[0m: for further information visit https://rust-lang.github.io/rust-clippy/rust-1.95.0/index.html#get_first
[1m[96mhelp[0m: try
     [1m[94m|[0m
[1m[94m4038[0m [92m~ [0m                        let task = [92mmsg[0m
[1m[94m4039[0m [92m+                             .payload.first()[0m
     [1m[94m|[0m

[1m[33mwarning[0m[1m: casting to the same type is unnecessary (`usize` -> `usize`)[0m
    [1m[94m--> [0msrc/runtime/mod.rs:5913:33
     [1m[94m|[0m
[1m[94m5913[0m [1m[94m|[0m                 .map(|behavior| behavior.code_offset as usize)
     [1m[94m|[0m                                 [1m[33m^^^^^^^^^^^^^^^^^^^^^^^^^^^^^[0m [1m[33mhelp: try: `behavior.code_offset`[0m
     [1m[94m|[0m
     [1m[94m= [0m[1mhelp[0m: for further information visit https://rust-lang.github.io/rust-clippy/rust-1.95.0/index.html#unnecessary_cast

[1m[33mwarning[0m[1m: this expression creates a reference which is immediately dereferenced by the compiler[0m
    [1m[94m--> [0msrc/runtime/mod.rs:6077:83
     [1m[94m|[0m
[1m[94m6077[0m [1m[94m|[0m                     crate::bytecode::Constant::String(s) => actor.allocate_string(&s),
     [1m[94m|[0m                                                                                   [1m[33m^^[0m [1m[33mhelp: change this to: `s`[0m
     [1m[94m|[0m
     [1m[94m= [0m[1mhelp[0m: for further information visit https://rust-lang.github.io/rust-clippy/rust-1.95.0/index.html#needless_borrow

[1m[33mwarning[0m[1m: this expression creates a reference which is immediately dereferenced by the compiler[0m
    [1m[94m--> [0msrc/runtime/mod.rs:6078:59
     [1m[94m|[0m
[1m[94m6078[0m [1m[94m|[0m                     other => crate::vm::constant_to_value(&other),
     [1m[94m|[0m                                                           [1m[33m^^^^^^[0m [1m[33mhelp: change this to: `other`[0m
     [1m[94m|[0m
     [1m[94m= [0m[1mhelp[0m: for further information visit https://rust-lang.github.io/rust-clippy/rust-1.95.0/index.html#needless_borrow

[1m[33mwarning[0m[1m: accessing first element with `regs.get(0)`[0m
    [1m[94m--> [0msrc/runtime/mod.rs:6478:30
     [1m[94m|[0m
[1m[94m6478[0m [1m[94m|[0m                 let target = regs.get(0)?.as_actor_id()?;
     [1m[94m|[0m                              [1m[33m^^^^^^^^^^^[0m [1m[33mhelp: try: `regs.first()`[0m
     [1m[94m|[0m
     [1m[94m= [0m[1mhelp[0m: for further information visit https://rust-lang.github.io/rust-clippy/rust-1.95.0/index.html#get_first

[1m[33mwarning[0m[1m: accessing first element with `regs.get(0)`[0m
    [1m[94m--> [0msrc/runtime/mod.rs:6491:28
     [1m[94m|[0m
[1m[94m6491[0m [1m[94m|[0m                 let flag = regs.get(0)?.as_bool()?;
     [1m[94m|[0m                            [1m[33m^^^^^^^^^^^[0m [1m[33mhelp: try: `regs.first()`[0m
     [1m[94m|[0m
     [1m[94m= [0m[1mhelp[0m: for further information visit https://rust-lang.github.io/rust-clippy/rust-1.95.0/index.html#get_first

[1m[33mwarning[0m[1m: accessing first element with `regs.get(0)`[0m
    [1m[94m--> [0msrc/runtime/mod.rs:6502:29
     [1m[94m|[0m
[1m[94m6502[0m [1m[94m|[0m                 let level = regs.get(0)?.as_int()?;
     [1m[94m|[0m                             [1m[33m^^^^^^^^^^^[0m [1m[33mhelp: try: `regs.first()`[0m
     [1m[94m|[0m
     [1m[94m= [0m[1mhelp[0m: for further information visit https://rust-lang.github.io/rust-clippy/rust-1.95.0/index.html#get_first

[1m[33mwarning[0m[1m: accessing first element with `regs.get(0)`[0m
    [1m[94m--> [0msrc/runtime/mod.rs:6515:48
     [1m[94m|[0m
[1m[94m6515[0m [1m[94m|[0m                 let reason = actor_exit_reason(regs.get(0), constants);
     [1m[94m|[0m                                                [1m[33m^^^^^^^^^^^[0m [1m[33mhelp: try: `regs.first()`[0m
     [1m[94m|[0m
     [1m[94m= [0m[1mhelp[0m: for further information visit https://rust-lang.github.io/rust-clippy/rust-1.95.0/index.html#get_first

[1m[33mwarning[0m[1m: accessing first element with `regs.get(0)`[0m
    [1m[94m--> [0msrc/runtime/mod.rs:6739:27
     [1m[94m|[0m
[1m[94m6739[0m [1m[94m|[0m                 let sup = regs.get(0)?.as_int()? as u64;
     [1m[94m|[0m                           [1m[33m^^^^^^^^^^^[0m [1m[33mhelp: try: `regs.first()`[0m
     [1m[94m|[0m
     [1m[94m= [0m[1mhelp[0m: for further information visit https://rust-lang.github.io/rust-clippy/rust-1.95.0/index.html#get_first

[1m[33mwarning[0m[1m: accessing first element with `regs.get(0)`[0m
    [1m[94m--> [0msrc/runtime/mod.rs:6755:27
     [1m[94m|[0m
[1m[94m6755[0m [1m[94m|[0m                 let sup = regs.get(0)?.as_int()? as u64;
     [1m[94m|[0m                           [1m[33m^^^^^^^^^^^[0m [1m[33mhelp: try: `regs.first()`[0m
     [1m[94m|[0m
     [1m[94m= [0m[1mhelp[0m: for further information visit https://rust-lang.github.io/rust-clippy/rust-1.95.0/index.html#get_first

[1m[33mwarning[0m[1m: accessing first element with `regs.get(0)`[0m
    [1m[94m--> [0msrc/runtime/mod.rs:6761:27
     [1m[94m|[0m
[1m[94m6761[0m [1m[94m|[0m                 let sup = regs.get(0)?.as_int()? as u64;
     [1m[94m|[0m                           [1m[33m^^^^^^^^^^^[0m [1m[33mhelp: try: `regs.first()`[0m
     [1m[94m|[0m
     [1m[94m= [0m[1mhelp[0m: for further information visit https://rust-lang.github.io/rust-clippy/rust-1.95.0/index.html#get_first

[1m[33mwarning[0m[1m: accessing first element with `regs.get(0)`[0m
    [1m[94m--> [0msrc/runtime/mod.rs:6768:27
     [1m[94m|[0m
[1m[94m6768[0m [1m[94m|[0m                 let sup = regs.get(0)?.as_int()? as u64;
     [1m[94m|[0m                           [1m[33m^^^^^^^^^^^[0m [1m[33mhelp: try: `regs.first()`[0m
     [1m[94m|[0m
     [1m[94m= [0m[1mhelp[0m: for further information visit https://rust-lang.github.io/rust-clippy/rust-1.95.0/index.html#get_first

[1m[33mwarning[0m[1m: accessing first element with `regs.get(0)`[0m
    [1m[94m--> [0msrc/runtime/mod.rs:6774:27
     [1m[94m|[0m
[1m[94m6774[0m [1m[94m|[0m                 let sup = regs.get(0)?.as_int()? as u64;
     [1m[94m|[0m                           [1m[33m^^^^^^^^^^^[0m [1m[33mhelp: try: `regs.first()`[0m
     [1m[94m|[0m
     [1m[94m= [0m[1mhelp[0m: for further information visit https://rust-lang.github.io/rust-clippy/rust-1.95.0/index.html#get_first

[1m[33mwarning[0m[1m: you seem to be trying to use `match` for destructuring a single pattern. Consider using `if let`[0m
   [1m[94m--> [0msrc/typechecker.rs:174:9
    [1m[94m|[0m
[1m[94m174[0m [1m[94m|[0m [1m[33m/[0m         match resolved {
[1m[94m175[0m [1m[94m|[0m [1m[33m|[0m             Type::Var(tv2) => {
[1m[94m176[0m [1m[94m|[0m [1m[33m|[0m                 for cn in class_names {
[1m[94m177[0m [1m[94m|[0m [1m[33m|[0m                     result.add_constraint(tv2, cn);
[1m[94m...[0m   [1m[33m|[0m
[1m[94m183[0m [1m[94m|[0m [1m[33m|[0m             _ => {}
[1m[94m184[0m [1m[94m|[0m [1m[33m|[0m         }
    [1m[94m|[0m [1m[33m|_________^[0m
    [1m[94m|[0m
    [1m[94m= [0m[1mnote[0m: you might want to preserve the comments from inside the `match`
    [1m[94m= [0m[1mhelp[0m: for further information visit https://rust-lang.github.io/rust-clippy/rust-1.95.0/index.html#single_match
[1m[96mhelp[0m: try
    [1m[94m|[0m
[1m[94m174[0m [92m~ [0m        [92mif let Type::Var(tv2) = resolved {[0m
[1m[94m175[0m [92m+             for cn in class_names {[0m
[1m[94m176[0m [92m+                 result.add_constraint(tv2, cn);[0m
[1m[94m177[0m [92m+             }[0m
[1m[94m178[0m [92m+         }[0m
    [1m[94m|[0m

[1m[33mwarning[0m[1m: this `if let` can be collapsed into the outer `match`[0m
    [1m[94m--> [0msrc/typechecker.rs:1344:17
     [1m[94m|[0m
[1m[94m1344[0m [1m[94m|[0m [1m[33m/[0m                 if let Some(contract_name) = implements {
[1m[94m1345[0m [1m[94m|[0m [1m[33m|[0m                     let contract = crate::stdlib::lookup_contract(contract_name);
[1m[94m1346[0m [1m[94m|[0m [1m[33m|[0m                     match contract {
[1m[94m1347[0m [1m[94m|[0m [1m[33m|[0m                         Some(c) => {
[1m[94m...[0m    [1m[33m|[0m
[1m[94m1381[0m [1m[94m|[0m [1m[33m|[0m                 }
     [1m[94m|[0m [1m[33m|_________________^[0m
     [1m[94m|[0m
[1m[96mhelp[0m: the outer pattern can be modified to include the inner pattern
    [1m[94m--> [0msrc/typechecker.rs:1340:17
     [1m[94m|[0m
[1m[94m1340[0m [1m[94m|[0m                 implements,
     [1m[94m|[0m                 [1m[96m^^^^^^^^^^[0m [1m[96mreplace this binding[0m
[1m[94m...[0m
[1m[94m1344[0m [1m[94m|[0m                 if let Some(contract_name) = implements {
     [1m[94m|[0m                        [1m[96m^^^^^^^^^^^^^^^^^^^[0m [1m[96mwith this pattern, prefixed by `implements: `[0m
     [1m[94m= [0m[1mhelp[0m: for further information visit https://rust-lang.github.io/rust-clippy/rust-1.95.0/index.html#collapsible_match

[1m[33mwarning[0m[1m: unneeded `return` statement[0m
    [1m[94m--> [0msrc/typechecker.rs:1833:17
     [1m[94m|[0m
[1m[94m1833[0m [1m[94m|[0m                 return Ok((subst, Type::string()));
     [1m[94m|[0m                 [1m[33m^^^^^^^^^^^^^^^^^^^^^^^^^^^^^^^^^^[0m
     [1m[94m|[0m
     [1m[94m= [0m[1mhelp[0m: for further information visit https://rust-lang.github.io/rust-clippy/rust-1.95.0/index.html#needless_return
[1m[96mhelp[0m: remove `return`
     [1m[94m|[0m
[1m[94m1833[0m [91m- [0m                [91mreturn Ok((subst, Type::string()));[0m
[1m[94m1833[0m [92m+ [0m                [92mOk((subst, Type::string()))[0m
     [1m[94m|[0m

[1m[33mwarning[0m[1m: you seem to be trying to use `&Box<T>`. Consider using just `&T`[0m
    [1m[94m--> [0msrc/typechecker.rs:2599:29
     [1m[94m|[0m
[1m[94m2599[0m [1m[94m|[0m         else_branch: Option<&Box<Expr>>,
     [1m[94m|[0m                             [1m[33m^^^^^^^^^^[0m [1m[33mhelp: try: `&Expr`[0m
     [1m[94m|[0m
     [1m[94m= [0m[1mhelp[0m: for further information visit https://rust-lang.github.io/rust-clippy/rust-1.95.0/index.html#borrowed_box
     [1m[94m= [0m[1mnote[0m: `#[warn(clippy::borrowed_box)]` on by default

[1m[33mwarning[0m[1m: this loop could be written as a `while let` loop[0m
    [1m[94m--> [0msrc/typechecker.rs:3098:9
     [1m[94m|[0m
[1m[94m3098[0m [1m[94m|[0m [1m[33m/[0m         loop {
[1m[94m3099[0m [1m[94m|[0m [1m[33m|[0m             match current_ty {
[1m[94m3100[0m [1m[94m|[0m [1m[33m|[0m                 Type::Reference { inner, .. } => {
[1m[94m3101[0m [1m[94m|[0m [1m[33m|[0m                     current_ty = apply_subst(&inner, &s1);
[1m[94m...[0m    [1m[33m|[0m
[1m[94m3105[0m [1m[94m|[0m [1m[33m|[0m         }
     [1m[94m|[0m [1m[33m|_________^[0m [1m[33mhelp: try: `while let Type::Reference { inner, .. } = current_ty { .. }`[0m
     [1m[94m|[0m
     [1m[94m= [0m[1mhelp[0m: for further information visit https://rust-lang.github.io/rust-clippy/rust-1.95.0/index.html#while_let_loop

[1m[33mwarning[0m[1m: this `if let` can be collapsed into the outer `if let`[0m
    [1m[94m--> [0msrc/typechecker.rs:3172:37
     [1m[94m|[0m
[1m[94m3172[0m [1m[94m|[0m [1m[33m/[0m [1m[94m...[0m                   if let Type::Record(fields) = dict_ty {
[1m[94m3173[0m [1m[94m|[0m [1m[33m|[0m [1m[94m...[0m                       if let Some((_, field_ty)) =
[1m[94m3174[0m [1m[94m|[0m [1m[33m|[0m [1m[94m...[0m                           fields.iter().find(|(n, _)| n == field)
[1m[94m...[0m    [1m[33m|[0m
[1m[94m3195[0m [1m[94m|[0m [1m[33m|[0m [1m[94m...[0m                   }
     [1m[94m|[0m [1m[33m|_______________________^[0m
     [1m[94m|[0m
[1m[96mhelp[0m: the outer pattern can be modified to include the inner pattern
    [1m[94m--> [0msrc/typechecker.rs:3171:46
     [1m[94m|[0m
[1m[94m3171[0m [1m[94m|[0m [1m[94m...[0m                   if let Some((dict_ty, _, _)) = ctx.lookup(&dict_name) {
     [1m[94m|[0m                                    [1m[96m^^^^^^^[0m [1m[96mreplace this binding[0m
[1m[94m3172[0m [1m[94m|[0m [1m[94m...[0m                       if let Type::Record(fields) = dict_ty {
     [1m[94m|[0m                                  [1m[96m^^^^^^^^^^^^^^^^^^^^[0m [1m[96mwith this pattern[0m
     [1m[94m= [0m[1mhelp[0m: for further information visit https://rust-lang.github.io/rust-clippy/rust-1.95.0/index.html#collapsible_match

[1m[33mwarning[0m[1m: this `if let` can be collapsed into the outer `if let`[0m
    [1m[94m--> [0msrc/typechecker.rs:3176:45
     [1m[94m|[0m
[1m[94m3176[0m [1m[94m|[0m [1m[33m/[0m [1m[94m...[0m                   if let Type::Function {
[1m[94m3177[0m [1m[94m|[0m [1m[33m|[0m [1m[94m...[0m                       param,
[1m[94m3178[0m [1m[94m|[0m [1m[33m|[0m [1m[94m...[0m                       ret,
[1m[94m3179[0m [1m[94m|[0m [1m[33m|[0m [1m[94m...[0m                       effect,
[1m[94m...[0m    [1m[33m|[0m
[1m[94m3192[0m [1m[94m|[0m [1m[33m|[0m [1m[94m...[0m                       ));
[1m[94m3193[0m [1m[94m|[0m [1m[33m|[0m [1m[94m...[0m                   }
     [1m[94m|[0m [1m[33m|_______________________^[0m
     [1m[94m|[0m
[1m[96mhelp[0m: the outer pattern can be modified to include the inner pattern
    [1m[94m--> [0msrc/typechecker.rs:3173:57
     [1m[94m|[0m
[1m[94m3173[0m [1m[94m|[0m   [1m[94m...[0m                   if let Some((_, field_ty)) =
     [1m[94m|[0m                                         [1m[96m^^^^^^^^[0m [1m[96mreplace this binding[0m
[1m[94m...[0m
[1m[94m3176[0m [1m[94m|[0m   [1m[94m...[0m                       if let Type::Function {
     [1m[94m|[0m [1m[96m __________________________________^[0m
[1m[94m3177[0m [1m[94m|[0m [1m[96m|[0m [1m[94m...[0m                           param,
[1m[94m3178[0m [1m[94m|[0m [1m[96m|[0m [1m[94m...[0m                           ret,
[1m[94m3179[0m [1m[94m|[0m [1m[96m|[0m [1m[94m...[0m                           effect,
[1m[94m3180[0m [1m[94m|[0m [1m[96m|[0m [1m[94m...[0m                           cap,
[1m[94m3181[0m [1m[94m|[0m [1m[96m|[0m [1m[94m...[0m                       } = field_ty
     [1m[94m|[0m [1m[96m|___________________________^[0m [1m[96mwith this pattern[0m
     [1m[94m= [0m[1mhelp[0m: for further information visit https://rust-lang.github.io/rust-clippy/rust-1.95.0/index.html#collapsible_match

[1m[33mwarning[0m[1m: redundant closure[0m
    [1m[94m--> [0msrc/typechecker.rs:3538:66
     [1m[94m|[0m
[1m[94m3538[0m [1m[94m|[0m                     .map(|param| param.ty.clone().unwrap_or_else(|| unspecified()))
     [1m[94m|[0m                                                                  [1m[33m^^^^^^^^^^^^^^^^[0m [1m[33mhelp: replace the closure with the function itself: `&unspecified`[0m
     [1m[94m|[0m
     [1m[94m= [0m[1mhelp[0m: for further information visit https://rust-lang.github.io/rust-clippy/rust-1.95.0/index.html#redundant_closure

[1m[33mwarning[0m[1m: redundant closure[0m
    [1m[94m--> [0msrc/typechecker.rs:3547:68
     [1m[94m|[0m
[1m[94m3547[0m [1m[94m|[0m                 let ret = behavior.ret_type.clone().unwrap_or_else(|| unspecified());
     [1m[94m|[0m                                                                    [1m[33m^^^^^^^^^^^^^^^^[0m [1m[33mhelp: replace the closure with the function itself: `unspecified`[0m
     [1m[94m|[0m
     [1m[94m= [0m[1mhelp[0m: for further information visit https://rust-lang.github.io/rust-clippy/rust-1.95.0/index.html#redundant_closure

[1m[33mwarning[0m[1m: this `if` can be collapsed into the outer `match`[0m
    [1m[94m--> [0msrc/typechecker.rs:4089:13
     [1m[94m|[0m
[1m[94m4089[0m [1m[94m|[0m [1m[33m/[0m             if !map.contains_key(id) {
[1m[94m4090[0m [1m[94m|[0m [1m[33m|[0m                 let tv = TypeVar::fresh();
[1m[94m4091[0m [1m[94m|[0m [1m[33m|[0m                 map.insert(*id, tv);
[1m[94m4092[0m [1m[94m|[0m [1m[33m|[0m                 vars.push(tv);
[1m[94m4093[0m [1m[94m|[0m [1m[33m|[0m             }
     [1m[94m|[0m [1m[33m|_____________^[0m
     [1m[94m|[0m
     [1m[94m= [0m[1mhelp[0m: for further information visit https://rust-lang.github.io/rust-clippy/rust-1.95.0/index.html#collapsible_match
[1m[96mhelp[0m: collapse nested if block
     [1m[94m|[0m
[1m[94m4088[0m [92m~ [0m        Type::Skolem(id)
[1m[94m4089[0m [92m~ [0m            if !map.contains_key(id) [92m=> [0m{
[1m[94m4090[0m [1m[94m|[0m                 let tv = TypeVar::fresh();
[1m[94m4091[0m [1m[94m|[0m                 map.insert(*id, tv);
[1m[94m4092[0m [1m[94m|[0m                 vars.push(tv);
[1m[94m4093[0m [92m~ [0m            }
     [1m[94m|[0m

[1m[33mwarning[0m[1m: initializer for `thread_local` value can be made `const`[0m
    [1m[94m--> [0msrc/types.rs:1247:53
     [1m[94m|[0m
[1m[94m1247[0m [1m[94m|[0m     static SOURCE_MAP: RefCell<Option<SourceMap>> = RefCell::new(None);
     [1m[94m|[0m                                                     [1m[33m^^^^^^^^^^^^^^^^^^[0m [1m[33mhelp: replace with: `const { RefCell::new(None) }`[0m
     [1m[94m|[0m
     [1m[94m= [0m[1mhelp[0m: for further information visit https://rust-lang.github.io/rust-clippy/rust-1.95.0/index.html#missing_const_for_thread_local

[1m[33mwarning[0m[1m: taken reference of right operand[0m
    [1m[94m--> [0msrc/types.rs:2205:59
     [1m[94m|[0m
[1m[94m2205[0m [1m[94m|[0m                 .filter(|n| levenshtein(&name, n) <= 2 && n.as_str() != &name)
     [1m[94m|[0m                                                           [1m[33m^^^^^^^^^^^^^^[0m[1m[94m-----[0m
     [1m[94m|[0m                                                                         [1m[94m|[0m
     [1m[94m|[0m                                                                         [1m[94mhelp: use the right value directly: `name`[0m
     [1m[94m|[0m
     [1m[94m= [0m[1mhelp[0m: for further information visit https://rust-lang.github.io/rust-clippy/rust-1.95.0/index.html#op_ref

[1m[33mwarning[0m[1m: casting raw pointers to the same type and constness is unnecessary (`*mut vm::Value` -> `*mut vm::Value`)[0m
   [1m[94m--> [0msrc/vm.rs:709:22
    [1m[94m|[0m
[1m[94m709[0m [1m[94m|[0m                     *(nbase as *mut Value) = code_v;
    [1m[94m|[0m                      [1m[33m^^^^^^^^^^^^^^^^^^^^^[0m [1m[33mhelp: try: `nbase`[0m
    [1m[94m|[0m
    [1m[94m= [0m[1mhelp[0m: for further information visit https://rust-lang.github.io/rust-clippy/rust-1.95.0/index.html#unnecessary_cast

[1m[33mwarning[0m[1m: casting raw pointers to the same type and constness is unnecessary (`*mut vm::Value` -> `*mut vm::Value`)[0m
   [1m[94m--> [0msrc/vm.rs:710:23
    [1m[94m|[0m
[1m[94m710[0m [1m[94m|[0m                     *((nbase as *mut Value).add(1)) = k;
    [1m[94m|[0m                       [1m[33m^^^^^^^^^^^^^^^^^^^^^[0m [1m[33mhelp: try: `nbase`[0m
    [1m[94m|[0m
    [1m[94m= [0m[1mhelp[0m: for further information visit https://rust-lang.github.io/rust-clippy/rust-1.95.0/index.html#unnecessary_cast

[1m[33mwarning[0m[1m: casting raw pointers to the same type and constness is unnecessary (`*mut vm::Value` -> `*mut vm::Value`)[0m
   [1m[94m--> [0msrc/vm.rs:714:23
    [1m[94m|[0m
[1m[94m714[0m [1m[94m|[0m                     *((nbase as *mut Value).add(2)) = v;
    [1m[94m|[0m                       [1m[33m^^^^^^^^^^^^^^^^^^^^^[0m [1m[33mhelp: try: `nbase`[0m
    [1m[94m|[0m
    [1m[94m= [0m[1mhelp[0m: for further information visit https://rust-lang.github.io/rust-clippy/rust-1.95.0/index.html#unnecessary_cast

[1m[33mwarning[0m[1m: casting raw pointers to the same type and constness is unnecessary (`*mut vm::Value` -> `*mut vm::Value`)[0m
   [1m[94m--> [0msrc/vm.rs:778:26
    [1m[94m|[0m
[1m[94m778[0m [1m[94m|[0m                         *(tbase as *mut Value) = Value::int(code);
    [1m[94m|[0m                          [1m[33m^^^^^^^^^^^^^^^^^^^^^[0m [1m[33mhelp: try: `tbase`[0m
    [1m[94m|[0m
    [1m[94m= [0m[1mhelp[0m: for further information visit https://rust-lang.github.io/rust-clippy/rust-1.95.0/index.html#unnecessary_cast

[1m[33mwarning[0m[1m: casting raw pointers to the same type and constness is unnecessary (`*mut vm::Value` -> `*mut vm::Value`)[0m
   [1m[94m--> [0msrc/vm.rs:779:27
    [1m[94m|[0m
[1m[94m779[0m [1m[94m|[0m                         *((tbase as *mut Value).add(1)) = k;
    [1m[94m|[0m                           [1m[33m^^^^^^^^^^^^^^^^^^^^^[0m [1m[33mhelp: try: `tbase`[0m
    [1m[94m|[0m
    [1m[94m= [0m[1mhelp[0m: for further information visit https://rust-lang.github.io/rust-clippy/rust-1.95.0/index.html#unnecessary_cast

[1m[33mwarning[0m[1m: casting raw pointers to the same type and constness is unnecessary (`*mut vm::Value` -> `*mut vm::Value`)[0m
   [1m[94m--> [0msrc/vm.rs:783:27
    [1m[94m|[0m
[1m[94m783[0m [1m[94m|[0m                         *((tbase as *mut Value).add(2)) = v;
    [1m[94m|[0m                           [1m[33m^^^^^^^^^^^^^^^^^^^^^[0m [1m[33mhelp: try: `tbase`[0m
    [1m[94m|[0m
    [1m[94m= [0m[1mhelp[0m: for further information visit https://rust-lang.github.io/rust-clippy/rust-1.95.0/index.html#unnecessary_cast

[1m[33mwarning[0m[1m: casting raw pointers to the same type and constness is unnecessary (`*mut vm::Value` -> `*mut vm::Value`)[0m
   [1m[94m--> [0msrc/vm.rs:811:27
    [1m[94m|[0m
[1m[94m811[0m [1m[94m|[0m                         *((base as *mut Value).add(1)) = k;
    [1m[94m|[0m                           [1m[33m^^^^^^^^^^^^^^^^^^^^[0m [1m[33mhelp: try: `base`[0m
    [1m[94m|[0m
    [1m[94m= [0m[1mhelp[0m: for further information visit https://rust-lang.github.io/rust-clippy/rust-1.95.0/index.html#unnecessary_cast

[1m[33mwarning[0m[1m: casting raw pointers to the same type and constness is unnecessary (`*mut vm::Value` -> `*mut vm::Value`)[0m
   [1m[94m--> [0msrc/vm.rs:815:27
    [1m[94m|[0m
[1m[94m815[0m [1m[94m|[0m                         *((base as *mut Value).add(2)) = v;
    [1m[94m|[0m                           [1m[33m^^^^^^^^^^^^^^^^^^^^[0m [1m[33mhelp: try: `base`[0m
    [1m[94m|[0m
    [1m[94m= [0m[1mhelp[0m: for further information visit https://rust-lang.github.io/rust-clippy/rust-1.95.0/index.html#unnecessary_cast

[1m[33mwarning[0m[1m: casting raw pointers to the same type and constness is unnecessary (`*mut vm::Value` -> `*mut vm::Value`)[0m
   [1m[94m--> [0msrc/vm.rs:832:22
    [1m[94m|[0m
[1m[94m832[0m [1m[94m|[0m                     *(tbase as *mut Value) = Value::int(code);
    [1m[94m|[0m                      [1m[33m^^^^^^^^^^^^^^^^^^^^^[0m [1m[33mhelp: try: `tbase`[0m
    [1m[94m|[0m
    [1m[94m= [0m[1mhelp[0m: for further information visit https://rust-lang.github.io/rust-clippy/rust-1.95.0/index.html#unnecessary_cast

[1m[33mwarning[0m[1m: casting raw pointers to the same type and constness is unnecessary (`*mut vm::Value` -> `*mut vm::Value`)[0m
   [1m[94m--> [0msrc/vm.rs:833:23
    [1m[94m|[0m
[1m[94m833[0m [1m[94m|[0m                     *((tbase as *mut Value).add(1)) = k;
    [1m[94m|[0m                       [1m[33m^^^^^^^^^^^^^^^^^^^^^[0m [1m[33mhelp: try: `tbase`[0m
    [1m[94m|[0m
    [1m[94m= [0m[1mhelp[0m: for further information visit https://rust-lang.github.io/rust-clippy/rust-1.95.0/index.html#unnecessary_cast

[1m[33mwarning[0m[1m: casting raw pointers to the same type and constness is unnecessary (`*mut vm::Value` -> `*mut vm::Value`)[0m
   [1m[94m--> [0msrc/vm.rs:837:23
    [1m[94m|[0m
[1m[94m837[0m [1m[94m|[0m                     *((tbase as *mut Value).add(2)) = v;
    [1m[94m|[0m                       [1m[33m^^^^^^^^^^^^^^^^^^^^^[0m [1m[33mhelp: try: `tbase`[0m
    [1m[94m|[0m
    [1m[94m= [0m[1mhelp[0m: for further information visit https://rust-lang.github.io/rust-clippy/rust-1.95.0/index.html#unnecessary_cast

[1m[33mwarning[0m[1m: casting raw pointers to the same type and constness is unnecessary (`*mut vm::Value` -> `*mut vm::Value`)[0m
   [1m[94m--> [0msrc/vm.rs:931:26
    [1m[94m|[0m
[1m[94m931[0m [1m[94m|[0m                         *(base as *mut Value) = Value::int(MAP_TOMB);
    [1m[94m|[0m                          [1m[33m^^^^^^^^^^^^^^^^^^^^[0m [1m[33mhelp: try: `base`[0m
    [1m[94m|[0m
    [1m[94m= [0m[1mhelp[0m: for further information visit https://rust-lang.github.io/rust-clippy/rust-1.95.0/index.html#unnecessary_cast

[1m[33mwarning[0m[1m: the loop variable `i` is used to index `slots`[0m
    [1m[94m--> [0msrc/vm.rs:1528:38
     [1m[94m|[0m
[1m[94m1528[0m [1m[94m|[0m [1m[94m...[0m                   for i in 0..len {
     [1m[94m|[0m                                [1m[33m^^^^^^[0m
     [1m[94m|[0m
     [1m[94m= [0m[1mhelp[0m: for further information visit https://rust-lang.github.io/rust-clippy/rust-1.95.0/index.html#needless_range_loop
[1m[96mhelp[0m: consider using an iterator and enumerate()
     [1m[94m|[0m
[1m[94m1528[0m [91m- [0m                            for [91mi[0m in [91m0..len[0m {
[1m[94m1528[0m [92m+ [0m                            for [92m(i, <item>)[0m in [92mslots.iter_mut().enumerate().take(len)[0m {
     [1m[94m|[0m

[1m[33mwarning[0m[1m: this manual char comparison can be written more succinctly[0m
    [1m[94m--> [0msrc/vm.rs:1824:39
     [1m[94m|[0m
[1m[94m1824[0m [1m[94m|[0m                 while input.ends_with(|c| c == '\n' || c == '\r') {
     [1m[94m|[0m                                       [1m[33m^^^^^^^^^^^^^^^^^^^^^^^^^^[0m [1m[33mhelp: consider using an array of `char`: `['\n', '\r']`[0m
     [1m[94m|[0m
     [1m[94m= [0m[1mhelp[0m: for further information visit https://rust-lang.github.io/rust-clippy/rust-1.95.0/index.html#manual_pattern_char_comparison

[1m[33mwarning[0m[1m: accessing first element with `regs.get(0)`[0m
    [1m[94m--> [0msrc/vm.rs:1864:26
     [1m[94m|[0m
[1m[94m1864[0m [1m[94m|[0m             let method = regs.get(0).copied();
     [1m[94m|[0m                          [1m[33m^^^^^^^^^^^[0m [1m[33mhelp: try: `regs.first()`[0m
     [1m[94m|[0m
     [1m[94m= [0m[1mhelp[0m: for further information visit https://rust-lang.github.io/rust-clippy/rust-1.95.0/index.html#get_first

[1m[33mwarning[0m[1m: this block may be rewritten with the `?` operator[0m
    [1m[94m--> [0msrc/vm.rs:2983:9
     [1m[94m|[0m
[1m[94m2983[0m [1m[94m|[0m [1m[33m/[0m         if self.current_frame_idx.is_none() {
[1m[94m2984[0m [1m[94m|[0m [1m[33m|[0m             return None;
[1m[94m2985[0m [1m[94m|[0m [1m[33m|[0m         }
     [1m[94m|[0m [1m[33m|_________^[0m [1m[33mhelp: replace it with: `self.current_frame_idx?;`[0m
     [1m[94m|[0m
     [1m[94m= [0m[1mhelp[0m: for further information visit https://rust-lang.github.io/rust-clippy/rust-1.95.0/index.html#question_mark

[1m[33mwarning[0m[1m: redundant closure[0m
    [1m[94m--> [0msrc/vm.rs:3796:18
     [1m[94m|[0m
[1m[94m3796[0m [1m[94m|[0m             .map(|p| crate::ffi::marshal::ffi_type_to_ctype(p))
     [1m[94m|[0m                  [1m[33m^^^^^^^^^^^^^^^^^^^^^^^^^^^^^^^^^^^^^^^^^^^^^[0m [1m[33mhelp: replace the closure with the function itself: `crate::ffi::marshal::ffi_type_to_ctype`[0m
     [1m[94m|[0m
     [1m[94m= [0m[1mhelp[0m: for further information visit https://rust-lang.github.io/rust-clippy/rust-1.95.0/index.html#redundant_closure

[1m[33mwarning[0m[1m: this `map_or` can be simplified[0m
    [1m[94m--> [0msrc/vm.rs:3909:13
     [1m[94m|[0m
[1m[94m3909[0m [1m[94m|[0m [1m[33m/[0m             self.jit_constants
[1m[94m3910[0m [1m[94m|[0m [1m[33m|[0m                 .get(module_idx)
[1m[94m3911[0m [1m[94m|[0m [1m[33m|[0m                 .map_or(true, |constants| constants.is_empty()),
     [1m[94m|[0m [1m[33m|_______________________________________________________________^[0m
     [1m[94m|[0m
     [1m[94m= [0m[1mhelp[0m: for further information visit https://rust-lang.github.io/rust-clippy/rust-1.95.0/index.html#unnecessary_map_or
[1m[96mhelp[0m: use `is_none_or` instead
     [1m[94m|[0m
[1m[94m3911[0m [91m- [0m                .[91mmap_or[0m([91mtrue, [0m|constants| constants.is_empty()),
[1m[94m3911[0m [92m+ [0m                .[92mis_none_or[0m(|constants| constants.is_empty()),
     [1m[94m|[0m

[1m[33mwarning[0m[1m: this `map_or` can be simplified[0m
    [1m[94m--> [0msrc/vm.rs:3948:24
     [1m[94m|[0m
[1m[94m3948[0m [1m[94m|[0m                     if self.current_frame_idx.map_or(false, |f| f != caller_idx) {
     [1m[94m|[0m                        [1m[33m^^^^^^^^^^^^^^^^^^^^^^^^^^^^^^^^^^^^^^^^^^^^^^^^^^^^^^^^^[0m
     [1m[94m|[0m
     [1m[94m= [0m[1mhelp[0m: for further information visit https://rust-lang.github.io/rust-clippy/rust-1.95.0/index.html#unnecessary_map_or
[1m[96mhelp[0m: use `is_some_and` instead
     [1m[94m|[0m
[1m[94m3948[0m [91m- [0m                    if self.current_frame_idx.[91mmap_or[0m([91mfalse, [0m|f| f != caller_idx) {
[1m[94m3948[0m [92m+ [0m                    if self.current_frame_idx.[92mis_some_and[0m(|f| f != caller_idx) {
     [1m[94m|[0m

[1m[33mwarning[0m[1m: deref which would be done by auto-deref[0m
    [1m[94m--> [0msrc/vm.rs:4109:47
     [1m[94m|[0m
[1m[94m4109[0m [1m[94m|[0m                     .find(|b| matches_binding(*b))
     [1m[94m|[0m                                               [1m[33m^^[0m [1m[33mhelp: try: `b`[0m
     [1m[94m|[0m
     [1m[94m= [0m[1mhelp[0m: for further information visit https://rust-lang.github.io/rust-clippy/rust-1.95.0/index.html#explicit_auto_deref

[1m[33mwarning[0m[1m: casting to the same type is unnecessary (`usize` -> `usize`)[0m
    [1m[94m--> [0msrc/vm.rs:4710:36
     [1m[94m|[0m
[1m[94m4710[0m [1m[94m|[0m         let args: Vec<Value> = (0..param_count as usize)
     [1m[94m|[0m                                    [1m[33m^^^^^^^^^^^^^^^^^^^^[0m [1m[33mhelp: try: `param_count`[0m
     [1m[94m|[0m
     [1m[94m= [0m[1mhelp[0m: for further information visit https://rust-lang.github.io/rust-clippy/rust-1.95.0/index.html#unnecessary_cast

[1m[33mwarning[0m[1m: this looks like you are swapping elements of `frame.regs` manually[0m
    [1m[94m--> [0msrc/vm.rs:5738:17
     [1m[94m|[0m
[1m[94m5738[0m [1m[94m|[0m [1m[33m/[0m                 let tmp = frame.regs[a];
[1m[94m5739[0m [1m[94m|[0m [1m[33m|[0m                 frame.regs[a] = frame.regs[b];
[1m[94m5740[0m [1m[94m|[0m [1m[33m|[0m                 frame.regs[b] = tmp;
     [1m[94m|[0m [1m[33m|____________________________________^[0m [1m[33mhelp: try: `frame.regs.swap(a, b);`[0m
     [1m[94m|[0m
     [1m[94m= [0m[1mhelp[0m: for further information visit https://rust-lang.github.io/rust-clippy/rust-1.95.0/index.html#manual_swap

[1m[33mwarning[0m[1m: casting to the same type is unnecessary (`i16` -> `i16`)[0m
    [1m[94m--> [0msrc/vm.rs:5751:34
     [1m[94m|[0m
[1m[94m5751[0m [1m[94m|[0m                     let offset = instr.offset16() as i16;
     [1m[94m|[0m                                  [1m[33m^^^^^^^^^^^^^^^^^^^^^^^[0m [1m[33mhelp: try: `instr.offset16()`[0m
     [1m[94m|[0m
     [1m[94m= [0m[1mhelp[0m: for further information visit https://rust-lang.github.io/rust-clippy/rust-1.95.0/index.html#unnecessary_cast

[1m[33mwarning[0m[1m: casting to the same type is unnecessary (`i16` -> `i16`)[0m
    [1m[94m--> [0msrc/vm.rs:5758:34
     [1m[94m|[0m
[1m[94m5758[0m [1m[94m|[0m                     let offset = instr.offset16() as i16;
     [1m[94m|[0m                                  [1m[33m^^^^^^^^^^^^^^^^^^^^^^^[0m [1m[33mhelp: try: `instr.offset16()`[0m
     [1m[94m|[0m
     [1m[94m= [0m[1mhelp[0m: for further information visit https://rust-lang.github.io/rust-clippy/rust-1.95.0/index.html#unnecessary_cast

[1m[33mwarning[0m[1m: method `from_str` can be confused for the standard trait method `std::str::FromStr::from_str`[0m
  [1m[94m--> [0msrc/web/adapters/mod.rs:19:5
   [1m[94m|[0m
[1m[94m19[0m [1m[94m|[0m [1m[33m/[0m     pub fn from_str(s: &str) -> Option<Self> {
[1m[94m20[0m [1m[94m|[0m [1m[33m|[0m         match s {
[1m[94m21[0m [1m[94m|[0m [1m[33m|[0m             "nulang_cloud" | "cloud" => Some(Self::NulangCloud),
[1m[94m22[0m [1m[94m|[0m [1m[33m|[0m             "static_host" | "static" => Some(Self::StaticHost),
[1m[94m...[0m  [1m[33m|[0m
[1m[94m26[0m [1m[94m|[0m [1m[33m|[0m     }
   [1m[94m|[0m [1m[33m|_____^[0m
   [1m[94m|[0m
   [1m[94m= [0m[1mhelp[0m: consider implementing the trait `std::str::FromStr` or choosing a less ambiguous method name
   [1m[94m= [0m[1mhelp[0m: for further information visit https://rust-lang.github.io/rust-clippy/rust-1.95.0/index.html#should_implement_trait

[1m[33mwarning[0m[1m: stripping a prefix manually[0m
   [1m[94m--> [0msrc/web/modules.rs:133:40
    [1m[94m|[0m
[1m[94m133[0m [1m[94m|[0m             Some(format!("@nulang/{}", &dep_name["nulang-".len()..]))
    [1m[94m|[0m                                        [1m[33m^^^^^^^^^^^^^^^^^^^^^^^^^^^^[0m
    [1m[94m|[0m
[1m[92mnote[0m: the prefix was tested here
   [1m[94m--> [0msrc/web/modules.rs:132:9
    [1m[94m|[0m
[1m[94m132[0m [1m[94m|[0m         if dep_name.starts_with("nulang-") {
    [1m[94m|[0m         [1m[92m^^^^^^^^^^^^^^^^^^^^^^^^^^^^^^^^^^^[0m
    [1m[94m= [0m[1mhelp[0m: for further information visit https://rust-lang.github.io/rust-clippy/rust-1.95.0/index.html#manual_strip
[1m[96mhelp[0m: try using the `strip_prefix` method
    [1m[94m|[0m
[1m[94m132[0m [92m~ [0m        [92mif let Some(<stripped>) = dep_name.strip_prefix("nulang-") [0m{
[1m[94m133[0m [92m~ [0m            Some(format!("@nulang/{}", [92m<stripped>[0m))
    [1m[94m|[0m

[1m[33mwarning[0m[1m: this manual char comparison can be written more succinctly[0m
  [1m[94m--> [0msrc/web/openapi.rs:63:22
   [1m[94m|[0m
[1m[94m63[0m [1m[94m|[0m             .replace(|c: char| matches!(c, '/' | ':' | '{' | '}' | ' '), "_");
   [1m[94m|[0m                      [1m[33m^^^^^^^^^^^^^^^^^^^^^^^^^^^^^^^^^^^^^^^^^^^^^^^^^^[0m [1m[33mhelp: consider using an array of `char`: `['/', ':', '{', '}', ' ']`[0m
   [1m[94m|[0m
   [1m[94m= [0m[1mhelp[0m: for further information visit https://rust-lang.github.io/rust-clippy/rust-1.95.0/index.html#manual_pattern_char_comparison

[1m[33mwarning[0m[1m: this `if let` can be collapsed into the outer `match`[0m
   [1m[94m--> [0msrc/web/reactivity.rs:235:13
    [1m[94m|[0m
[1m[94m235[0m [1m[94m|[0m [1m[33m/[0m             if let Some(e) = e {
[1m[94m236[0m [1m[94m|[0m [1m[33m|[0m                 scan_expr(e, path, in_html, signals, graph, checker);
[1m[94m237[0m [1m[94m|[0m [1m[33m|[0m             }
    [1m[94m|[0m [1m[33m|_____________^[0m
    [1m[94m|[0m
[1m[96mhelp[0m: the outer pattern can be modified to include the inner pattern
   [1m[94m--> [0msrc/web/reactivity.rs:234:22
    [1m[94m|[0m
[1m[94m234[0m [1m[94m|[0m         Expr::Return(e, ..) => {
    [1m[94m|[0m                      [1m[96m^[0m [1m[96mreplace this binding[0m
[1m[94m235[0m [1m[94m|[0m             if let Some(e) = e {
    [1m[94m|[0m                    [1m[96m^^^^^^^[0m [1m[96mwith this pattern[0m
    [1m[94m= [0m[1mhelp[0m: for further information visit https://rust-lang.github.io/rust-clippy/rust-1.95.0/index.html#collapsible_match

[1m[33mwarning[0m[1m: this `if let` can be collapsed into the outer `match`[0m
   [1m[94m--> [0msrc/web/reactivity.rs:240:13
    [1m[94m|[0m
[1m[94m240[0m [1m[94m|[0m [1m[33m/[0m             if let Some(e) = e {
[1m[94m241[0m [1m[94m|[0m [1m[33m|[0m                 scan_expr(e, path, in_html, signals, graph, checker);
[1m[94m242[0m [1m[94m|[0m [1m[33m|[0m             }
    [1m[94m|[0m [1m[33m|_____________^[0m
    [1m[94m|[0m
[1m[96mhelp[0m: the outer pattern can be modified to include the inner pattern
   [1m[94m--> [0msrc/web/reactivity.rs:239:21
    [1m[94m|[0m
[1m[94m239[0m [1m[94m|[0m         Expr::Break(e, ..) => {
    [1m[94m|[0m                     [1m[96m^[0m [1m[96mreplace this binding[0m
[1m[94m240[0m [1m[94m|[0m             if let Some(e) = e {
    [1m[94m|[0m                    [1m[96m^^^^^^^[0m [1m[96mwith this pattern[0m
    [1m[94m= [0m[1mhelp[0m: for further information visit https://rust-lang.github.io/rust-clippy/rust-1.95.0/index.html#collapsible_match

[1m[33mwarning[0m[1m: this `if let` can be collapsed into the outer `match`[0m
   [1m[94m--> [0msrc/web/reactivity.rs:587:13
    [1m[94m|[0m
[1m[94m587[0m [1m[94m|[0m [1m[33m/[0m             if let Some(e) = e {
[1m[94m588[0m [1m[94m|[0m [1m[33m|[0m                 rewrite_expr(e, in_html, signals, checker);
[1m[94m589[0m [1m[94m|[0m [1m[33m|[0m             }
    [1m[94m|[0m [1m[33m|_____________^[0m
    [1m[94m|[0m
[1m[96mhelp[0m: the outer pattern can be modified to include the inner pattern
   [1m[94m--> [0msrc/web/reactivity.rs:586:22
    [1m[94m|[0m
[1m[94m586[0m [1m[94m|[0m         Expr::Return(e, ..) => {
    [1m[94m|[0m                      [1m[96m^[0m [1m[96mreplace this binding[0m
[1m[94m587[0m [1m[94m|[0m             if let Some(e) = e {
    [1m[94m|[0m                    [1m[96m^^^^^^^[0m [1m[96mwith this pattern[0m
    [1m[94m= [0m[1mhelp[0m: for further information visit https://rust-lang.github.io/rust-clippy/rust-1.95.0/index.html#collapsible_match

[1m[33mwarning[0m[1m: this `if let` can be collapsed into the outer `match`[0m
   [1m[94m--> [0msrc/web/reactivity.rs:592:13
    [1m[94m|[0m
[1m[94m592[0m [1m[94m|[0m [1m[33m/[0m             if let Some(e) = e {
[1m[94m593[0m [1m[94m|[0m [1m[33m|[0m                 rewrite_expr(e, in_html, signals, checker);
[1m[94m594[0m [1m[94m|[0m [1m[33m|[0m             }
    [1m[94m|[0m [1m[33m|_____________^[0m
    [1m[94m|[0m
[1m[96mhelp[0m: the outer pattern can be modified to include the inner pattern
   [1m[94m--> [0msrc/web/reactivity.rs:591:21
    [1m[94m|[0m
[1m[94m591[0m [1m[94m|[0m         Expr::Break(e, ..) => {
    [1m[94m|[0m                     [1m[96m^[0m [1m[96mreplace this binding[0m
[1m[94m592[0m [1m[94m|[0m             if let Some(e) = e {
    [1m[94m|[0m                    [1m[96m^^^^^^^[0m [1m[96mwith this pattern[0m
    [1m[94m= [0m[1mhelp[0m: for further information visit https://rust-lang.github.io/rust-clippy/rust-1.95.0/index.html#collapsible_match

[1m[33mwarning[0m[1m: parameter is only used in recursion[0m
   [1m[94m--> [0msrc/web/reactivity.rs:448:5
    [1m[94m|[0m
[1m[94m448[0m [1m[94m|[0m     in_html: bool,
    [1m[94m|[0m     [1m[33m^^^^^^^[0m [1m[33mhelp: if this is intentional, prefix it with an underscore: `_in_html`[0m
    [1m[94m|[0m
[1m[92mnote[0m: parameter used here
   [1m[94m--> [0msrc/web/reactivity.rs:511:57
    [1m[94m|[0m
[1m[94m511[0m [1m[94m|[0m         Expr::Lambda { body, .. } => rewrite_expr(body, in_html, signals, checker),
    [1m[94m|[0m                                                         [1m[92m^^^^^^^[0m
[1m[94m512[0m [1m[94m|[0m         Expr::App { func, args, .. } => {
[1m[94m513[0m [1m[94m|[0m             rewrite_expr(func, in_html, signals, checker);
    [1m[94m|[0m                                [1m[92m^^^^^^^[0m
[1m[94m514[0m [1m[94m|[0m             for arg in args.iter_mut() {
[1m[94m515[0m [1m[94m|[0m                 rewrite_expr(arg, in_html, signals, checker);
    [1m[94m|[0m                                   [1m[92m^^^^^^^[0m
[1m[94m...[0m
[1m[94m519[0m [1m[94m|[0m             rewrite_expr(value, in_html, signals, checker);
    [1m[94m|[0m                                 [1m[92m^^^^^^^[0m
[1m[94m520[0m [1m[94m|[0m             rewrite_expr(body, in_html, signals, checker);
    [1m[94m|[0m                                [1m[92m^^^^^^^[0m
[1m[94m...[0m
[1m[94m528[0m [1m[94m|[0m             rewrite_expr(cond, in_html, signals, checker);
    [1m[94m|[0m                                [1m[92m^^^^^^^[0m
[1m[94m529[0m [1m[94m|[0m             rewrite_expr(then_branch, in_html, signals, checker);
    [1m[94m|[0m                                       [1m[92m^^^^^^^[0m
[1m[94m530[0m [1m[94m|[0m             if let Some(else_branch) = else_branch {
[1m[94m531[0m [1m[94m|[0m                 rewrite_expr(else_branch, in_html, signals, checker);
    [1m[94m|[0m                                           [1m[92m^^^^^^^[0m
[1m[94m...[0m
[1m[94m537[0m [1m[94m|[0m             rewrite_expr(scrutinee, in_html, signals, checker);
    [1m[94m|[0m                                     [1m[92m^^^^^^^[0m
[1m[94m...[0m
[1m[94m540[0m [1m[94m|[0m                     rewrite_expr(guard, in_html, signals, checker);
    [1m[94m|[0m                                         [1m[92m^^^^^^^[0m
[1m[94m541[0m [1m[94m|[0m                 }
[1m[94m542[0m [1m[94m|[0m                 rewrite_expr(body, in_html, signals, checker);
    [1m[94m|[0m                                    [1m[92m^^^^^^^[0m
[1m[94m...[0m
[1m[94m547[0m [1m[94m|[0m                 rewrite_expr(e, in_html, signals, checker);
    [1m[94m|[0m                                 [1m[92m^^^^^^^[0m
[1m[94m...[0m
[1m[94m552[0m [1m[94m|[0m                 rewrite_expr(e, in_html, signals, checker);
    [1m[94m|[0m                                 [1m[92m^^^^^^^[0m
[1m[94m...[0m
[1m[94m557[0m [1m[94m|[0m                 rewrite_expr(e, in_html, signals, checker);
    [1m[94m|[0m                                 [1m[92m^^^^^^^[0m
[1m[94m...[0m
[1m[94m560[0m [1m[94m|[0m         Expr::FieldAccess { expr, .. } => rewrite_expr(expr, in_html, signals, checker),
    [1m[94m|[0m                                                              [1m[92m^^^^^^^[0m
[1m[94m561[0m [1m[94m|[0m         Expr::Index { arr, idx, .. } => {
[1m[94m562[0m [1m[94m|[0m             rewrite_expr(arr, in_html, signals, checker);
    [1m[94m|[0m                               [1m[92m^^^^^^^[0m
[1m[94m563[0m [1m[94m|[0m             rewrite_expr(idx, in_html, signals, checker);
    [1m[94m|[0m                               [1m[92m^^^^^^^[0m
[1m[94m...[0m
[1m[94m566[0m [1m[94m|[0m             rewrite_expr(left, in_html, signals, checker);
    [1m[94m|[0m                                [1m[92m^^^^^^^[0m
[1m[94m567[0m [1m[94m|[0m             rewrite_expr(right, in_html, signals, checker);
    [1m[94m|[0m                                 [1m[92m^^^^^^^[0m
[1m[94m568[0m [1m[94m|[0m         }
[1m[94m569[0m [1m[94m|[0m         Expr::Unary { expr, .. } => rewrite_expr(expr, in_html, signals, checker),
    [1m[94m|[0m                                                        [1m[92m^^^^^^^[0m
[1m[94m570[0m [1m[94m|[0m         Expr::Assign { target, value, .. } => {
[1m[94m571[0m [1m[94m|[0m             rewrite_expr(target, in_html, signals, checker);
    [1m[94m|[0m                                  [1m[92m^^^^^^^[0m
[1m[94m572[0m [1m[94m|[0m             rewrite_expr(value, in_html, signals, checker);
    [1m[94m|[0m                                 [1m[92m^^^^^^^[0m
[1m[94m...[0m
[1m[94m575[0m [1m[94m|[0m             rewrite_expr(left, in_html, signals, checker);
    [1m[94m|[0m                                [1m[92m^^^^^^^[0m
[1m[94m576[0m [1m[94m|[0m             rewrite_expr(right, in_html, signals, checker);
    [1m[94m|[0m                                 [1m[92m^^^^^^^[0m
[1m[94m...[0m
[1m[94m579[0m [1m[94m|[0m             rewrite_expr(iterable, in_html, signals, checker);
    [1m[94m|[0m                                    [1m[92m^^^^^^^[0m
[1m[94m580[0m [1m[94m|[0m             rewrite_expr(body, in_html, signals, checker);
    [1m[94m|[0m                                [1m[92m^^^^^^^[0m
[1m[94m...[0m
[1m[94m583[0m [1m[94m|[0m             rewrite_expr(cond, in_html, signals, checker);
    [1m[94m|[0m                                [1m[92m^^^^^^^[0m
[1m[94m584[0m [1m[94m|[0m             rewrite_expr(body, in_html, signals, checker);
    [1m[94m|[0m                                [1m[92m^^^^^^^[0m
[1m[94m...[0m
[1m[94m588[0m [1m[94m|[0m                 rewrite_expr(e, in_html, signals, checker);
    [1m[94m|[0m                                 [1m[92m^^^^^^^[0m
[1m[94m...[0m
[1m[94m593[0m [1m[94m|[0m                 rewrite_expr(e, in_html, signals, checker);
    [1m[94m|[0m                                 [1m[92m^^^^^^^[0m
[1m[94m...[0m
[1m[94m598[0m [1m[94m|[0m                 rewrite_expr(part, in_html, signals, checker);
    [1m[94m|[0m                                    [1m[92m^^^^^^^[0m
[1m[94m...[0m
[1m[94m601[0m [1m[94m|[0m         Expr::Consume { expr, .. } => rewrite_expr(expr, in_html, signals, checker),
    [1m[94m|[0m                                                          [1m[92m^^^^^^^[0m
[1m[94m602[0m [1m[94m|[0m         Expr::Recover { body, .. } => rewrite_expr(body, in_html, signals, checker),
    [1m[94m|[0m                                                          [1m[92m^^^^^^^[0m
[1m[94m603[0m [1m[94m|[0m         Expr::CapAnnotate { expr, .. } | Expr::TypeAnnotate { expr, .. } => {
[1m[94m604[0m [1m[94m|[0m             rewrite_expr(expr, in_html, signals, checker);
    [1m[94m|[0m                                [1m[92m^^^^^^^[0m
[1m[94m...[0m
[1m[94m607[0m [1m[94m|[0m             rewrite_expr(body, in_html, signals, checker);
    [1m[94m|[0m                                [1m[92m^^^^^^^[0m
[1m[94m608[0m [1m[94m|[0m             for h in handlers.iter_mut() {
[1m[94m609[0m [1m[94m|[0m                 rewrite_expr(&mut h.body, in_html, signals, checker);
    [1m[94m|[0m                                           [1m[92m^^^^^^^[0m
[1m[94m...[0m
[1m[94m614[0m [1m[94m|[0m                 rewrite_expr(arg, in_html, signals, checker);
    [1m[94m|[0m                                   [1m[92m^^^^^^^[0m
[1m[94m...[0m
[1m[94m619[0m [1m[94m|[0m                 rewrite_expr(arg, in_html, signals, checker);
    [1m[94m|[0m                                   [1m[92m^^^^^^^[0m
[1m[94m...[0m
[1m[94m625[0m [1m[94m|[0m             rewrite_expr(actor_type, in_html, signals, checker);
    [1m[94m|[0m                                      [1m[92m^^^^^^^[0m
[1m[94m626[0m [1m[94m|[0m             for (_, e) in init.iter_mut() {
[1m[94m627[0m [1m[94m|[0m                 rewrite_expr(e, in_html, signals, checker);
    [1m[94m|[0m                                 [1m[92m^^^^^^^[0m
[1m[94m...[0m
[1m[94m631[0m [1m[94m|[0m             rewrite_expr(actor, in_html, signals, checker);
    [1m[94m|[0m                                 [1m[92m^^^^^^^[0m
[1m[94m632[0m [1m[94m|[0m             for arg in args.iter_mut() {
[1m[94m633[0m [1m[94m|[0m                 rewrite_expr(arg, in_html, signals, checker);
    [1m[94m|[0m                                   [1m[92m^^^^^^^[0m
[1m[94m...[0m
[1m[94m639[0m [1m[94m|[0m                     rewrite_expr(guard, in_html, signals, checker);
    [1m[94m|[0m                                         [1m[92m^^^^^^^[0m
[1m[94m640[0m [1m[94m|[0m                 }
[1m[94m641[0m [1m[94m|[0m                 rewrite_expr(body, in_html, signals, checker);
    [1m[94m|[0m                                    [1m[92m^^^^^^^[0m
[1m[94m...[0m
[1m[94m644[0m [1m[94m|[0m                 rewrite_expr(t, in_html, signals, checker);
    [1m[94m|[0m                                 [1m[92m^^^^^^^[0m
[1m[94m645[0m [1m[94m|[0m                 rewrite_expr(b, in_html, signals, checker);
    [1m[94m|[0m                                 [1m[92m^^^^^^^[0m
[1m[94m...[0m
[1m[94m648[0m [1m[94m|[0m         Expr::GrainRef { key, .. } => rewrite_expr(key, in_html, signals, checker),
    [1m[94m|[0m                                                         [1m[92m^^^^^^^[0m
[1m[94m649[0m [1m[94m|[0m         Expr::Resume { value, .. } => rewrite_expr(value, in_html, signals, checker),
    [1m[94m|[0m                                                           [1m[92m^^^^^^^[0m
[1m[94m650[0m [1m[94m|[0m         Expr::Migrate { actor, node, .. } => {
[1m[94m651[0m [1m[94m|[0m             rewrite_expr(actor, in_html, signals, checker);
    [1m[94m|[0m                                 [1m[92m^^^^^^^[0m
[1m[94m652[0m [1m[94m|[0m             rewrite_expr(node, in_html, signals, checker);
    [1m[94m|[0m                                [1m[92m^^^^^^^[0m
    [1m[94m= [0m[1mhelp[0m: for further information visit https://rust-lang.github.io/rust-clippy/rust-1.95.0/index.html#only_used_in_recursion
    [1m[94m= [0m[1mnote[0m: `#[warn(clippy::only_used_in_recursion)]` on by default

[1m[33mwarning[0m[1m: this `if let` can be collapsed into the outer `match`[0m
   [1m[94m--> [0msrc/web/route_check.rs:190:13
    [1m[94m|[0m
[1m[94m190[0m [1m[94m|[0m [1m[33m/[0m             if let Some(e) = e {
[1m[94m191[0m [1m[94m|[0m [1m[33m|[0m                 collect_routes_in_expr(e, out);
[1m[94m192[0m [1m[94m|[0m [1m[33m|[0m             }
    [1m[94m|[0m [1m[33m|_____________^[0m
    [1m[94m|[0m
[1m[96mhelp[0m: the outer pattern can be modified to include the inner pattern
   [1m[94m--> [0msrc/web/route_check.rs:189:22
    [1m[94m|[0m
[1m[94m189[0m [1m[94m|[0m         Expr::Return(e, ..) => {
    [1m[94m|[0m                      [1m[96m^[0m [1m[96mreplace this binding[0m
[1m[94m190[0m [1m[94m|[0m             if let Some(e) = e {
    [1m[94m|[0m                    [1m[96m^^^^^^^[0m [1m[96mwith this pattern[0m
    [1m[94m= [0m[1mhelp[0m: for further information visit https://rust-lang.github.io/rust-clippy/rust-1.95.0/index.html#collapsible_match

[1m[33mwarning[0m[1m: this `if let` can be collapsed into the outer `match`[0m
   [1m[94m--> [0msrc/web/route_check.rs:195:13
    [1m[94m|[0m
[1m[94m195[0m [1m[94m|[0m [1m[33m/[0m             if let Some(e) = e {
[1m[94m196[0m [1m[94m|[0m [1m[33m|[0m                 collect_routes_in_expr(e, out);
[1m[94m197[0m [1m[94m|[0m [1m[33m|[0m             }
    [1m[94m|[0m [1m[33m|_____________^[0m
    [1m[94m|[0m
[1m[96mhelp[0m: the outer pattern can be modified to include the inner pattern
   [1m[94m--> [0msrc/web/route_check.rs:194:21
    [1m[94m|[0m
[1m[94m194[0m [1m[94m|[0m         Expr::Break(e, ..) => {
    [1m[94m|[0m                     [1m[96m^[0m [1m[96mreplace this binding[0m
[1m[94m195[0m [1m[94m|[0m             if let Some(e) = e {
    [1m[94m|[0m                    [1m[96m^^^^^^^[0m [1m[96mwith this pattern[0m
    [1m[94m= [0m[1mhelp[0m: for further information visit https://rust-lang.github.io/rust-clippy/rust-1.95.0/index.html#collapsible_match

[1m[33mwarning[0m[1m: stripping a prefix manually[0m
   [1m[94m--> [0msrc/web/route_check.rs:273:22
    [1m[94m|[0m
[1m[94m273[0m [1m[94m|[0m                 Some(segment[1..].to_string())
    [1m[94m|[0m                      [1m[33m^^^^^^^^^^^^[0m
    [1m[94m|[0m
[1m[92mnote[0m: the prefix was tested here
   [1m[94m--> [0msrc/web/route_check.rs:272:13
    [1m[94m|[0m
[1m[94m272[0m [1m[94m|[0m             if segment.starts_with(':') {
    [1m[94m|[0m             [1m[92m^^^^^^^^^^^^^^^^^^^^^^^^^^^^[0m
    [1m[94m= [0m[1mhelp[0m: for further information visit https://rust-lang.github.io/rust-clippy/rust-1.95.0/index.html#manual_strip
[1m[96mhelp[0m: try using the `strip_prefix` method
    [1m[94m|[0m
[1m[94m272[0m [92m~ [0m            [92mif let Some(<stripped>) = segment.strip_prefix(':') [0m{
[1m[94m273[0m [92m~ [0m                Some([92m<stripped>[0m.to_string())
    [1m[94m|[0m

[1m[33mwarning[0m[1m: this `if let` can be collapsed into the outer `match`[0m
   [1m[94m--> [0msrc/web/route_check.rs:385:13
    [1m[94m|[0m
[1m[94m385[0m [1m[94m|[0m [1m[33m/[0m             if let Some(e) = e {
[1m[94m386[0m [1m[94m|[0m [1m[33m|[0m                 collect_param_reads_rec(e, out);
[1m[94m387[0m [1m[94m|[0m [1m[33m|[0m             }
    [1m[94m|[0m [1m[33m|_____________^[0m
    [1m[94m|[0m
[1m[96mhelp[0m: the outer pattern can be modified to include the inner pattern
   [1m[94m--> [0msrc/web/route_check.rs:384:22
    [1m[94m|[0m
[1m[94m384[0m [1m[94m|[0m         Expr::Return(e, ..) => {
    [1m[94m|[0m                      [1m[96m^[0m [1m[96mreplace this binding[0m
[1m[94m385[0m [1m[94m|[0m             if let Some(e) = e {
    [1m[94m|[0m                    [1m[96m^^^^^^^[0m [1m[96mwith this pattern[0m
    [1m[94m= [0m[1mhelp[0m: for further information visit https://rust-lang.github.io/rust-clippy/rust-1.95.0/index.html#collapsible_match

[1m[33mwarning[0m[1m: this `if let` can be collapsed into the outer `match`[0m
   [1m[94m--> [0msrc/web/route_check.rs:390:13
    [1m[94m|[0m
[1m[94m390[0m [1m[94m|[0m [1m[33m/[0m             if let Some(e) = e {
[1m[94m391[0m [1m[94m|[0m [1m[33m|[0m                 collect_param_reads_rec(e, out);
[1m[94m392[0m [1m[94m|[0m [1m[33m|[0m             }
    [1m[94m|[0m [1m[33m|_____________^[0m
    [1m[94m|[0m
[1m[96mhelp[0m: the outer pattern can be modified to include the inner pattern
   [1m[94m--> [0msrc/web/route_check.rs:389:21
    [1m[94m|[0m
[1m[94m389[0m [1m[94m|[0m         Expr::Break(e, ..) => {
    [1m[94m|[0m                     [1m[96m^[0m [1m[96mreplace this binding[0m
[1m[94m390[0m [1m[94m|[0m             if let Some(e) = e {
    [1m[94m|[0m                    [1m[96m^^^^^^^[0m [1m[96mwith this pattern[0m
    [1m[94m= [0m[1mhelp[0m: for further information visit https://rust-lang.github.io/rust-clippy/rust-1.95.0/index.html#collapsible_match

[1m[33mwarning[0m[1m: accessing first element with `regs.get(0)`[0m
    [1m[94m--> [0msrc/aot/codegen.rs:4255:13
     [1m[94m|[0m
[1m[94m4255[0m [1m[94m|[0m             regs.get(0)
     [1m[94m|[0m             [1m[33m^^^^^^^^^^^[0m [1m[33mhelp: try: `regs.first()`[0m
     [1m[94m|[0m
     [1m[94m= [0m[1mhelp[0m: for further information visit https://rust-lang.github.io/rust-clippy/rust-1.95.0/index.html#get_first
     [1m[94m= [0m[1mnote[0m: `#[warn(clippy::get_first)]` on by default

[1m[33mwarning[0m: `nulang` (lib) generated 473 warnings
[1m[91merror[0m: could not compile `nulang` (lib) due to 2 previous errors; 473 warnings emitted
[1m[33mwarning[0m: build failed, waiting for other jobs to finish...
[1m[33mwarning[0m[1m: type parameter `T` goes unused in function definition[0m
   [1m[94m--> [0msrc/backends/mod.rs:727:25
    [1m[94m|[0m
[1m[94m727[0m [1m[94m|[0m         fn check_blanket<T: crate::runtime::NetworkTransport>() {
    [1m[94m|[0m                         [1m[33m^^^^^^^^^^^^^^^^^^^^^^^^^^^^^^^^^^^^^[0m
    [1m[94m|[0m
    [1m[94m= [0m[1mhelp[0m: for further information visit https://rust-lang.github.io/rust-clippy/rust-1.95.0/index.html#extra_unused_type_parameters
    [1m[94m= [0m[1mnote[0m: `#[warn(clippy::extra_unused_type_parameters)]` on by default
[1m[96mhelp[0m: consider removing the parameter
    [1m[94m|[0m
[1m[94m727[0m [91m- [0m        fn check_blanket[91m<T: crate::runtime::NetworkTransport>[0m() {
[1m[94m727[0m [92m+ [0m        fn check_blanket() {
    [1m[94m|[0m

[1m[33mwarning[0m[1m: this let-binding has unit value[0m
   [1m[94m--> [0msrc/backends/mod.rs:780:9
    [1m[94m|[0m
[1m[94m780[0m [1m[94m|[0m         let _ = pyo3::Python::attach(|_py| ());
    [1m[94m|[0m         [1m[33m^^^^^^^^^^^^^^^^^^^^^^^^^^^^^^^^^^^^^^^[0m
    [1m[94m|[0m
    [1m[94m= [0m[1mhelp[0m: for further information visit https://rust-lang.github.io/rust-clippy/rust-1.95.0/index.html#let_unit_value
    [1m[94m= [0m[1mnote[0m: `#[warn(clippy::let_unit_value)]` on by default
[1m[96mhelp[0m: omit the `let` binding
    [1m[94m|[0m
[1m[94m780[0m [91m- [0m        [91mlet _ = [0mpyo3::Python::attach(|_py| ());
[1m[94m780[0m [92m+ [0m        pyo3::Python::attach(|_py| ());
    [1m[94m|[0m

[1m[33mwarning[0m[1m: this let-binding has unit value[0m
   [1m[94m--> [0msrc/backends/mod.rs:798:9
    [1m[94m|[0m
[1m[94m798[0m [1m[94m|[0m         let _ = pyo3::Python::attach(|_py| ());
    [1m[94m|[0m         [1m[33m^^^^^^^^^^^^^^^^^^^^^^^^^^^^^^^^^^^^^^^[0m
    [1m[94m|[0m
    [1m[94m= [0m[1mhelp[0m: for further information visit https://rust-lang.github.io/rust-clippy/rust-1.95.0/index.html#let_unit_value
[1m[96mhelp[0m: omit the `let` binding
    [1m[94m|[0m
[1m[94m798[0m [91m- [0m        [91mlet _ = [0mpyo3::Python::attach(|_py| ());
[1m[94m798[0m [92m+ [0m        pyo3::Python::attach(|_py| ());
    [1m[94m|[0m

[1m[33mwarning[0m[1m: casting to the same type is unnecessary (`i64` -> `i64`)[0m
   [1m[94m--> [0msrc/benchmarks.rs:649:51
    [1m[94m|[0m
[1m[94m649[0m [1m[94m|[0m             .send_message(w, "task", &[Value::int(i as i64)]);
    [1m[94m|[0m                                                   [1m[33m^^^^^^^^[0m [1m[33mhelp: try: `i`[0m
    [1m[94m|[0m
    [1m[94m= [0m[1mhelp[0m: for further information visit https://rust-lang.github.io/rust-clippy/rust-1.95.0/index.html#unnecessary_cast

[1m[33mwarning[0m[1m: field assignment outside of initializer for an instance created with Default::default()[0m
   [1m[94m--> [0msrc/dap/rewind.rs:188:9
    [1m[94m|[0m
[1m[94m188[0m [1m[94m|[0m         snap.actor_id = 7;
    [1m[94m|[0m         [1m[33m^^^^^^^^^^^^^^^^^^[0m
    [1m[94m|[0m
[1m[92mnote[0m: consider initializing the variable with `runtime::persistence::ActorSnapshot { actor_id: 7, sequence: 2, ..Default::default() }` and removing relevant reassignments
   [1m[94m--> [0msrc/dap/rewind.rs:187:9
    [1m[94m|[0m
[1m[94m187[0m [1m[94m|[0m         let mut snap = crate::runtime::ActorSnapshot::default();
    [1m[94m|[0m         [1m[92m^^^^^^^^^^^^^^^^^^^^^^^^^^^^^^^^^^^^^^^^^^^^^^^^^^^^^^^^[0m
    [1m[94m= [0m[1mhelp[0m: for further information visit https://rust-lang.github.io/rust-clippy/rust-1.95.0/index.html#field_reassign_with_default
    [1m[94m= [0m[1mnote[0m: `#[warn(clippy::field_reassign_with_default)]` on by default

[1m[33mwarning[0m[1m: field assignment outside of initializer for an instance created with Default::default()[0m
    [1m[94m--> [0msrc/dap/mod.rs:1506:9
     [1m[94m|[0m
[1m[94m1506[0m [1m[94m|[0m         snap.actor_id = 7;
     [1m[94m|[0m         [1m[33m^^^^^^^^^^^^^^^^^^[0m
     [1m[94m|[0m
[1m[92mnote[0m: consider initializing the variable with `runtime::persistence::ActorSnapshot { actor_id: 7, sequence: 2, ..Default::default() }` and removing relevant reassignments
    [1m[94m--> [0msrc/dap/mod.rs:1505:9
     [1m[94m|[0m
[1m[94m1505[0m [1m[94m|[0m         let mut snap = ActorSnapshot::default();
     [1m[94m|[0m         [1m[92m^^^^^^^^^^^^^^^^^^^^^^^^^^^^^^^^^^^^^^^^[0m
     [1m[94m= [0m[1mhelp[0m: for further information visit https://rust-lang.github.io/rust-clippy/rust-1.95.0/index.html#field_reassign_with_default

[1m[33mwarning[0m[1m: all variants have the same prefix: `After`[0m
  [1m[94m--> [0msrc/database/wal.rs:37:1
   [1m[94m|[0m
[1m[94m37[0m [1m[94m|[0m [1m[33m/[0m enum AppendFailPoint {
[1m[94m38[0m [1m[94m|[0m [1m[33m|[0m     AfterHeader,
[1m[94m39[0m [1m[94m|[0m [1m[33m|[0m     AfterPayload,
[1m[94m40[0m [1m[94m|[0m [1m[33m|[0m     AfterChecksum,
[1m[94m41[0m [1m[94m|[0m [1m[33m|[0m     AfterSync,
[1m[94m42[0m [1m[94m|[0m [1m[33m|[0m }
   [1m[94m|[0m [1m[33m|_^[0m
   [1m[94m|[0m
   [1m[94m= [0m[1mhelp[0m: remove the prefixes and use full paths to the variants instead of glob imports
   [1m[94m= [0m[1mhelp[0m: for further information visit https://rust-lang.github.io/rust-clippy/rust-1.95.0/index.html#enum_variant_names
   [1m[94m= [0m[1mnote[0m: `#[warn(clippy::enum_variant_names)]` on by default

[1m[33mwarning[0m[1m: used `assert_eq!` with a literal bool[0m
   [1m[94m--> [0msrc/dst.rs:314:9
    [1m[94m|[0m
[1m[94m314[0m [1m[94m|[0m         assert_eq!(sim.has_deadlock(), false);
    [1m[94m|[0m         [1m[33m^^^^^^^^^^^^^^^^^^^^^^^^^^^^^^^^^^^^^[0m
    [1m[94m|[0m
    [1m[94m= [0m[1mhelp[0m: for further information visit https://rust-lang.github.io/rust-clippy/rust-1.95.0/index.html#bool_assert_comparison
    [1m[94m= [0m[1mnote[0m: `#[warn(clippy::bool_assert_comparison)]` on by default
[1m[96mhelp[0m: replace it with `assert!(..)`
    [1m[94m|[0m
[1m[94m314[0m [91m- [0m        [91massert_eq[0m!(sim.has_deadlock()[91m, false[0m);
[1m[94m314[0m [92m+ [0m        [92massert[0m!([92m![0msim.has_deadlock());
    [1m[94m|[0m

[1m[33mwarning[0m[1m: items after a test module[0m
   [1m[94m--> [0msrc/ffi/marshal.rs:574:1
    [1m[94m|[0m
[1m[94m574[0m [1m[94m|[0m mod tests {
    [1m[94m|[0m [1m[33m^^^^^^^^^[0m
[1m[94m...[0m
[1m[94m870[0m [1m[94m|[0m pub(crate) fn nulang_type_to_ffi_type(ty: &crate::types::Type) -> Option<crate::bytecode::FfiType> {
    [1m[94m|[0m [1m[33m^^^^^^^^^^^^^^^^^^^^^^^^^^^^^^^^^^^^^^^^^^^^^^^^^^^^^^^^^^^^^^^^^^^^^^^^^^^^^^^^^^^^^^^^^^^^^^^^^^[0m
    [1m[94m|[0m
    [1m[94m= [0m[1mhelp[0m: for further information visit https://rust-lang.github.io/rust-clippy/rust-1.95.0/index.html#items_after_test_module
    [1m[94m= [0m[1mnote[0m: `#[warn(clippy::items_after_test_module)]` on by default
    [1m[94m= [0m[1mhelp[0m: move the items to before the test module was defined

[1m[33mwarning[0m[1m: this operation has no effect[0m
   [1m[94m--> [0msrc/format/nbc.rs:378:30
    [1m[94m|[0m
[1m[94m378[0m [1m[94m|[0m         let bad_instr: u32 = (0xFEu32 << 24) | 0;
    [1m[94m|[0m                              [1m[33m^^^^^^^^^^^^^^^^^^^[0m [1m[33mhelp: consider reducing it to: `(0xFEu32 << 24)`[0m
    [1m[94m|[0m
    [1m[94m= [0m[1mhelp[0m: for further information visit https://rust-lang.github.io/rust-clippy/rust-1.95.0/index.html#identity_op

[1m[33mwarning[0m[1m: items after a test module[0m
    [1m[94m--> [0msrc/hir_lower.rs:2726:1
     [1m[94m|[0m
[1m[94m2726[0m [1m[94m|[0m   mod tests {
     [1m[94m|[0m   [1m[33m^^^^^^^^^[0m
[1m[94m...[0m
[1m[94m3021[0m [1m[94m|[0m   fn pattern_bindings(pat: &crate::ast::Pattern, out: &mut std::collections::HashSet<String>) {
     [1m[94m|[0m   [1m[33m^^^^^^^^^^^^^^^^^^^^^^^^^^^^^^^^^^^^^^^^^^^^^^^^^^^^^^^^^^^^^^^^^^^^^^^^^^^^^^^^^^^^^^^^^^^[0m
[1m[94m...[0m
[1m[94m3045[0m [1m[94m|[0m [1m[33m/[0m fn free_vars(
[1m[94m3046[0m [1m[94m|[0m [1m[33m|[0m     expr: &crate::ast::Expr,
[1m[94m3047[0m [1m[94m|[0m [1m[33m|[0m     bound: &std::collections::HashSet<String>,
[1m[94m3048[0m [1m[94m|[0m [1m[33m|[0m     acc: &mut std::collections::HashSet<String>,
[1m[94m3049[0m [1m[94m|[0m [1m[33m|[0m ) {
     [1m[94m|[0m [1m[33m|_^[0m
     [1m[94m|[0m
     [1m[94m= [0m[1mhelp[0m: for further information visit https://rust-lang.github.io/rust-clippy/rust-1.95.0/index.html#items_after_test_module
     [1m[94m= [0m[1mhelp[0m: move the items to before the test module was defined

[1m[33mwarning[0m[1m: you seem to be trying to use `match` for destructuring a single pattern. Consider using `if let`[0m
    [1m[94m--> [0msrc/integration_tests/mod.rs:1746:9
     [1m[94m|[0m
[1m[94m1746[0m [1m[94m|[0m [1m[33m/[0m         match result {
[1m[94m1747[0m [1m[94m|[0m [1m[33m|[0m             Ok((value, _)) => assert!(value.is_unit() || value.is_nil()),
[1m[94m1748[0m [1m[94m|[0m [1m[33m|[0m             Err(_) => {}
[1m[94m1749[0m [1m[94m|[0m [1m[33m|[0m         }
     [1m[94m|[0m [1m[33m|_________^[0m [1m[33mhelp: try: `if let Ok((value, _)) = result { assert!(value.is_unit() || value.is_nil()) }`[0m
     [1m[94m|[0m
     [1m[94m= [0m[1mhelp[0m: for further information visit https://rust-lang.github.io/rust-clippy/rust-1.95.0/index.html#single_match
     [1m[94m= [0m[1mnote[0m: `#[warn(clippy::single_match)]` on by default

[1m[33mwarning[0m[1m: unnecessary use of `get(&peer_id).is_none()`[0m
    [1m[94m--> [0msrc/integration_tests/mod.rs:5052:32
     [1m[94m|[0m
[1m[94m5052[0m [1m[94m|[0m             rt.borrow().actors.get(&peer_id).is_none(),
     [1m[94m|[0m             [1m[94m-------------------[0m[1m[33m^^^^^^^^^^^^^^^^^^^^^^^[0m
     [1m[94m|[0m             [1m[94m|[0m
     [1m[94m|[0m             [1m[94mhelp: replace it with: `!rt.borrow().actors.contains_key(&peer_id)`[0m
     [1m[94m|[0m
     [1m[94m= [0m[1mhelp[0m: for further information visit https://rust-lang.github.io/rust-clippy/rust-1.95.0/index.html#unnecessary_get_then_check
     [1m[94m= [0m[1mnote[0m: `#[warn(clippy::unnecessary_get_then_check)]` on by default

[1m[33mwarning[0m[1m: unnecessary use of `get(&peer_id).is_some()`[0m
    [1m[94m--> [0msrc/integration_tests/mod.rs:5126:32
     [1m[94m|[0m
[1m[94m5126[0m [1m[94m|[0m             rt.borrow().actors.get(&peer_id).is_some(),
     [1m[94m|[0m                                [1m[33m^^^^^^^^^^^^^^^^^^^^^^^[0m [1m[33mhelp: replace it with: `contains_key(&peer_id)`[0m
     [1m[94m|[0m
     [1m[94m= [0m[1mhelp[0m: for further information visit https://rust-lang.github.io/rust-clippy/rust-1.95.0/index.html#unnecessary_get_then_check

[1m[33mwarning[0m[1m: unnecessary use of `get(&peer_id).is_none()`[0m
    [1m[94m--> [0msrc/integration_tests/mod.rs:5170:32
     [1m[94m|[0m
[1m[94m5170[0m [1m[94m|[0m             rt.borrow().actors.get(&peer_id).is_none(),
     [1m[94m|[0m             [1m[94m-------------------[0m[1m[33m^^^^^^^^^^^^^^^^^^^^^^^[0m
     [1m[94m|[0m             [1m[94m|[0m
     [1m[94m|[0m             [1m[94mhelp: replace it with: `!rt.borrow().actors.contains_key(&peer_id)`[0m
     [1m[94m|[0m
     [1m[94m= [0m[1mhelp[0m: for further information visit https://rust-lang.github.io/rust-clippy/rust-1.95.0/index.html#unnecessary_get_then_check

[1m[33mwarning[0m[1m: unnecessary use of `get(&peer_id).is_none()`[0m
    [1m[94m--> [0msrc/integration_tests/mod.rs:5206:32
     [1m[94m|[0m
[1m[94m5206[0m [1m[94m|[0m             rt.borrow().actors.get(&peer_id).is_none(),
     [1m[94m|[0m             [1m[94m-------------------[0m[1m[33m^^^^^^^^^^^^^^^^^^^^^^^[0m
     [1m[94m|[0m             [1m[94m|[0m
     [1m[94m|[0m             [1m[94mhelp: replace it with: `!rt.borrow().actors.contains_key(&peer_id)`[0m
     [1m[94m|[0m
     [1m[94m= [0m[1mhelp[0m: for further information visit https://rust-lang.github.io/rust-clippy/rust-1.95.0/index.html#unnecessary_get_then_check

[1m[33mwarning[0m[1m: unnecessary use of `get(&leaver_id).is_none()`[0m
    [1m[94m--> [0msrc/integration_tests/mod.rs:5361:32
     [1m[94m|[0m
[1m[94m5361[0m [1m[94m|[0m             rt.borrow().actors.get(&leaver_id).is_none(),
     [1m[94m|[0m             [1m[94m-------------------[0m[1m[33m^^^^^^^^^^^^^^^^^^^^^^^^^[0m
     [1m[94m|[0m             [1m[94m|[0m
     [1m[94m|[0m             [1m[94mhelp: replace it with: `!rt.borrow().actors.contains_key(&leaver_id)`[0m
     [1m[94m|[0m
     [1m[94m= [0m[1mhelp[0m: for further information visit https://rust-lang.github.io/rust-clippy/rust-1.95.0/index.html#unnecessary_get_then_check

[1m[33mwarning[0m[1m: redundant closure[0m
    [1m[94m--> [0msrc/integration_tests/mod.rs:6127:48
     [1m[94m|[0m
[1m[94m6127[0m [1m[94m|[0m         let actor_id = rt.spawn_actor(Box::new(|| vec![]));
     [1m[94m|[0m                                                [1m[33m^^^^^^^^^[0m [1m[33mhelp: replace the closure with `Vec::new`: `std::vec::Vec::new`[0m
     [1m[94m|[0m
     [1m[94m= [0m[1mhelp[0m: for further information visit https://rust-lang.github.io/rust-clippy/rust-1.95.0/index.html#redundant_closure

[1m[33mwarning[0m[1m: redundant closure[0m
    [1m[94m--> [0msrc/integration_tests/mod.rs:6149:48
     [1m[94m|[0m
[1m[94m6149[0m [1m[94m|[0m         let actor_id = rt.spawn_actor(Box::new(|| vec![]));
     [1m[94m|[0m                                                [1m[33m^^^^^^^^^[0m [1m[33mhelp: replace the closure with `Vec::new`: `std::vec::Vec::new`[0m
     [1m[94m|[0m
     [1m[94m= [0m[1mhelp[0m: for further information visit https://rust-lang.github.io/rust-clippy/rust-1.95.0/index.html#redundant_closure

[1m[33mwarning[0m[1m: unnecessary use of `get(&(0, 200)).is_none()`[0m
    [1m[94m--> [0msrc/jit/tests.rs:1860:30
     [1m[94m|[0m
[1m[94m1860[0m [1m[94m|[0m         jit_b.tier2_counters.get(&(0, 200)).is_none(),
     [1m[94m|[0m         [1m[94m---------------------[0m[1m[33m^^^^^^^^^^^^^^^^^^^^^^^^[0m
     [1m[94m|[0m         [1m[94m|[0m
     [1m[94m|[0m         [1m[94mhelp: replace it with: `!jit_b.tier2_counters.contains_key(&(0, 200))`[0m
     [1m[94m|[0m
     [1m[94m= [0m[1mhelp[0m: for further information visit https://rust-lang.github.io/rust-clippy/rust-1.95.0/index.html#unnecessary_get_then_check

[1m[33mwarning[0m[1m: redundant closure[0m
    [1m[94m--> [0msrc/lsp/mod.rs:4391:57
     [1m[94m|[0m
[1m[94m4391[0m [1m[94m|[0m         let (mut service, mut socket) = LspService::new(|client| NulangLanguageServer::new(client));
     [1m[94m|[0m                                                         [1m[33m^^^^^^^^^^^^^^^^^^^^^^^^^^^^^^^^^^^^^^^^^^[0m [1m[33mhelp: replace the closure with the associated function itself: `NulangLanguageServer::new`[0m
     [1m[94m|[0m
     [1m[94m= [0m[1mhelp[0m: for further information visit https://rust-lang.github.io/rust-clippy/rust-1.95.0/index.html#redundant_closure

[1m[33mwarning[0m[1m: redundant closure[0m
    [1m[94m--> [0msrc/lsp/mod.rs:4428:57
     [1m[94m|[0m
[1m[94m4428[0m [1m[94m|[0m         let (mut service, mut socket) = LspService::new(|client| NulangLanguageServer::new(client));
     [1m[94m|[0m                                                         [1m[33m^^^^^^^^^^^^^^^^^^^^^^^^^^^^^^^^^^^^^^^^^^[0m [1m[33mhelp: replace the closure with the associated function itself: `NulangLanguageServer::new`[0m
     [1m[94m|[0m
     [1m[94m= [0m[1mhelp[0m: for further information visit https://rust-lang.github.io/rust-clippy/rust-1.95.0/index.html#redundant_closure

[1m[33mwarning[0m[1m: redundant closure[0m
    [1m[94m--> [0msrc/lsp/mod.rs:4460:54
     [1m[94m|[0m
[1m[94m4460[0m [1m[94m|[0m         let (mut service, _socket) = LspService::new(|client| NulangLanguageServer::new(client));
     [1m[94m|[0m                                                      [1m[33m^^^^^^^^^^^^^^^^^^^^^^^^^^^^^^^^^^^^^^^^^^[0m [1m[33mhelp: replace the closure with the associated function itself: `NulangLanguageServer::new`[0m
     [1m[94m|[0m
     [1m[94m= [0m[1mhelp[0m: for further information visit https://rust-lang.github.io/rust-clippy/rust-1.95.0/index.html#redundant_closure

[1m[33mwarning[0m[1m: redundant closure[0m
    [1m[94m--> [0msrc/lsp/mod.rs:4496:54
     [1m[94m|[0m
[1m[94m4496[0m [1m[94m|[0m         let (mut service, _socket) = LspService::new(|client| NulangLanguageServer::new(client));
     [1m[94m|[0m                                                      [1m[33m^^^^^^^^^^^^^^^^^^^^^^^^^^^^^^^^^^^^^^^^^^[0m [1m[33mhelp: replace the closure with the associated function itself: `NulangLanguageServer::new`[0m
     [1m[94m|[0m
     [1m[94m= [0m[1mhelp[0m: for further information visit https://rust-lang.github.io/rust-clippy/rust-1.95.0/index.html#redundant_closure

[1m[33mwarning[0m[1m: redundant closure[0m
    [1m[94m--> [0msrc/lsp/mod.rs:4523:54
     [1m[94m|[0m
[1m[94m4523[0m [1m[94m|[0m         let (mut service, _socket) = LspService::new(|client| NulangLanguageServer::new(client));
     [1m[94m|[0m                                                      [1m[33m^^^^^^^^^^^^^^^^^^^^^^^^^^^^^^^^^^^^^^^^^^[0m [1m[33mhelp: replace the closure with the associated function itself: `NulangLanguageServer::new`[0m
     [1m[94m|[0m
     [1m[94m= [0m[1mhelp[0m: for further information visit https://rust-lang.github.io/rust-clippy/rust-1.95.0/index.html#redundant_closure

[1m[33mwarning[0m[1m: redundant closure[0m
    [1m[94m--> [0msrc/lsp/mod.rs:4552:54
     [1m[94m|[0m
[1m[94m4552[0m [1m[94m|[0m         let (mut service, _socket) = LspService::new(|client| NulangLanguageServer::new(client));
     [1m[94m|[0m                                                      [1m[33m^^^^^^^^^^^^^^^^^^^^^^^^^^^^^^^^^^^^^^^^^^[0m [1m[33mhelp: replace the closure with the associated function itself: `NulangLanguageServer::new`[0m
     [1m[94m|[0m
     [1m[94m= [0m[1mhelp[0m: for further information visit https://rust-lang.github.io/rust-clippy/rust-1.95.0/index.html#redundant_closure

[1m[33mwarning[0m[1m: function call inside of `expect`[0m
    [1m[94m--> [0msrc/package/commands.rs:2694:18
     [1m[94m|[0m
[1m[94m2694[0m [1m[94m|[0m                 .expect(&format!("template '{}' should scaffold", name));
     [1m[94m|[0m                  [1m[33m^^^^^^^^^^^^^^^^^^^^^^^^^^^^^^^^^^^^^^^^^^^^^^^^^^^^^^^[0m [1m[33mhelp: try: `unwrap_or_else(|_| panic!("template '{}' should scaffold", name))`[0m
     [1m[94m|[0m
     [1m[94m= [0m[1mhelp[0m: for further information visit https://rust-lang.github.io/rust-clippy/rust-1.95.0/index.html#expect_fun_call
     [1m[94m= [0m[1mnote[0m: `#[warn(clippy::expect_fun_call)]` on by default

[1m[33mwarning[0m[1m: this let-binding has unit value[0m
   [1m[94m--> [0msrc/python/bridge.rs:454:9
    [1m[94m|[0m
[1m[94m454[0m [1m[94m|[0m         let _ = Python::attach(|_py| ());
    [1m[94m|[0m         [1m[33m^^^^^^^^^^^^^^^^^^^^^^^^^^^^^^^^^[0m
    [1m[94m|[0m
    [1m[94m= [0m[1mhelp[0m: for further information visit https://rust-lang.github.io/rust-clippy/rust-1.95.0/index.html#let_unit_value
[1m[96mhelp[0m: omit the `let` binding
    [1m[94m|[0m
[1m[94m454[0m [91m- [0m        [91mlet _ = [0mPython::attach(|_py| ());
[1m[94m454[0m [92m+ [0m        Python::attach(|_py| ());
    [1m[94m|[0m

[1m[33mwarning[0m[1m: this let-binding has unit value[0m
   [1m[94m--> [0msrc/python/marshal.rs:394:9
    [1m[94m|[0m
[1m[94m394[0m [1m[94m|[0m         let _ = Python::attach(|_py| ());
    [1m[94m|[0m         [1m[33m^^^^^^^^^^^^^^^^^^^^^^^^^^^^^^^^^[0m
    [1m[94m|[0m
    [1m[94m= [0m[1mhelp[0m: for further information visit https://rust-lang.github.io/rust-clippy/rust-1.95.0/index.html#let_unit_value
[1m[96mhelp[0m: omit the `let` binding
    [1m[94m|[0m
[1m[94m394[0m [91m- [0m        [91mlet _ = [0mPython::attach(|_py| ());
[1m[94m394[0m [92m+ [0m        Python::attach(|_py| ());
    [1m[94m|[0m

[1m[33mwarning[0m[1m: the borrowed expression implements the required traits[0m
   [1m[94m--> [0msrc/python/marshal.rs:577:40
    [1m[94m|[0m
[1m[94m577[0m [1m[94m|[0m             let list = PyList::new(py, &[1i64, 2i64, 3i64]).unwrap();
    [1m[94m|[0m                                        [1m[33m^^^^^^^^^^^^^^^^^^^[0m [1m[33mhelp: change this to: `[1i64, 2i64, 3i64]`[0m
    [1m[94m|[0m
    [1m[94m= [0m[1mhelp[0m: for further information visit https://rust-lang.github.io/rust-clippy/rust-1.95.0/index.html#needless_borrows_for_generic_args

[1m[33mwarning[0m[1m: used `assert_eq!` with a literal bool[0m
   [1m[94m--> [0msrc/python/marshal.rs:716:17
    [1m[94m|[0m
[1m[94m716[0m [1m[94m|[0m                 assert_eq!(val.is_infinite(), true, "Expected infinite, got {}", val);
    [1m[94m|[0m                 [1m[33m^^^^^^^^^^^^^^^^^^^^^^^^^^^^^^^^^^^^^^^^^^^^^^^^^^^^^^^^^^^^^^^^^^^^^[0m
    [1m[94m|[0m
    [1m[94m= [0m[1mhelp[0m: for further information visit https://rust-lang.github.io/rust-clippy/rust-1.95.0/index.html#bool_assert_comparison
[1m[96mhelp[0m: replace it with `assert!(..)`
    [1m[94m|[0m
[1m[94m716[0m [91m- [0m                [91massert_eq[0m!(val.is_infinite()[91m, true[0m, "Expected infinite, got {}", val);
[1m[94m716[0m [92m+ [0m                [92massert[0m!(val.is_infinite(), "Expected infinite, got {}", val);
    [1m[94m|[0m

[1m[33mwarning[0m[1m: items after a test module[0m
   [1m[94m--> [0msrc/runtime/actor.rs:756:1
    [1m[94m|[0m
[1m[94m756[0m [1m[94m|[0m mod tests {
    [1m[94m|[0m [1m[33m^^^^^^^^^[0m
[1m[94m...[0m
[1m[94m877[0m [1m[94m|[0m impl Drop for Actor {
    [1m[94m|[0m [1m[33m^^^^^^^^^^^^^^^^^^^[0m
    [1m[94m|[0m
    [1m[94m= [0m[1mhelp[0m: for further information visit https://rust-lang.github.io/rust-clippy/rust-1.95.0/index.html#items_after_test_module
    [1m[94m= [0m[1mhelp[0m: move the items to before the test module was defined

[1m[33mwarning[0m[1m: field assignment outside of initializer for an instance created with Default::default()[0m
    [1m[94m--> [0msrc/runtime/gc.rs:1339:9
     [1m[94m|[0m
[1m[94m1339[0m [1m[94m|[0m         stats.objects_allocated = 5;
     [1m[94m|[0m         [1m[33m^^^^^^^^^^^^^^^^^^^^^^^^^^^^[0m
     [1m[94m|[0m
[1m[92mnote[0m: consider initializing the variable with `runtime::gc::GcStats { objects_allocated: 5, bytes_freed: 100, ..Default::default() }` and removing relevant reassignments
    [1m[94m--> [0msrc/runtime/gc.rs:1338:9
     [1m[94m|[0m
[1m[94m1338[0m [1m[94m|[0m         let mut stats = GcStats::default();
     [1m[94m|[0m         [1m[92m^^^^^^^^^^^^^^^^^^^^^^^^^^^^^^^^^^^[0m
     [1m[94m= [0m[1mhelp[0m: for further information visit https://rust-lang.github.io/rust-clippy/rust-1.95.0/index.html#field_reassign_with_default

[1m[33mwarning[0m[1m: used `assert_eq!` with a literal bool[0m
    [1m[94m--> [0msrc/runtime/heap.rs:1217:9
     [1m[94m|[0m
[1m[94m1217[0m [1m[94m|[0m         assert_eq!(h.sticky, false);
     [1m[94m|[0m         [1m[33m^^^^^^^^^^^^^^^^^^^^^^^^^^^[0m
     [1m[94m|[0m
     [1m[94m= [0m[1mhelp[0m: for further information visit https://rust-lang.github.io/rust-clippy/rust-1.95.0/index.html#bool_assert_comparison
[1m[96mhelp[0m: replace it with `assert!(..)`
     [1m[94m|[0m
[1m[94m1217[0m [91m- [0m        [91massert_eq[0m!(h.sticky[91m, false[0m);
[1m[94m1217[0m [92m+ [0m        [92massert[0m!([92m![0mh.sticky);
     [1m[94m|[0m

[1m[33mwarning[0m[1m: the loop variable `i` is used to index `buf`[0m
    [1m[94m--> [0msrc/runtime/heap.rs:1488:18
     [1m[94m|[0m
[1m[94m1488[0m [1m[94m|[0m         for i in 0..512 {
     [1m[94m|[0m                  [1m[33m^^^^^^[0m
     [1m[94m|[0m
     [1m[94m= [0m[1mhelp[0m: for further information visit https://rust-lang.github.io/rust-clippy/rust-1.95.0/index.html#needless_range_loop
[1m[96mhelp[0m: consider using an iterator and enumerate()
     [1m[94m|[0m
[1m[94m1488[0m [91m- [0m        for [91mi[0m in [91m0..512[0m {
[1m[94m1488[0m [92m+ [0m        for [92m(i, <item>)[0m in [92mbuf.iter().enumerate().take(512)[0m {
     [1m[94m|[0m

[1m[33mwarning[0m[1m: unnecessary use of `get(key).is_some()`[0m
   [1m[94m--> [0msrc/runtime/distributed.rs:330:40
    [1m[94m|[0m
[1m[94m330[0m [1m[94m|[0m             .retain(|key| self.entries.get(key).is_some());
    [1m[94m|[0m                                        [1m[33m^^^^^^^^^^^^^^^^^^[0m [1m[33mhelp: replace it with: `contains_key(key)`[0m
    [1m[94m|[0m
    [1m[94m= [0m[1mhelp[0m: for further information visit https://rust-lang.github.io/rust-clippy/rust-1.95.0/index.html#unnecessary_get_then_check

[1m[33mwarning[0m[1m: you seem to be trying to use `match` for destructuring a single pattern. Consider using `if let`[0m
    [1m[94m--> [0msrc/runtime/distributed.rs:1244:29
     [1m[94m|[0m
[1m[94m1244[0m [1m[94m|[0m [1m[33m/[0m [1m[94m...[0m                   match module.to_nbc(None) {
[1m[94m1245[0m [1m[94m|[0m [1m[33m|[0m [1m[94m...[0m                       Ok(bytes) => {
[1m[94m1246[0m [1m[94m|[0m [1m[33m|[0m [1m[94m...[0m                           nbc_bytes = Some(bytes);
[1m[94m1247[0m [1m[94m|[0m [1m[33m|[0m [1m[94m...[0m                           behavior_name = entry.name.clone();
[1m[94m1248[0m [1m[94m|[0m [1m[33m|[0m [1m[94m...[0m                       }
[1m[94m1249[0m [1m[94m|[0m [1m[33m|[0m [1m[94m...[0m                       Err(_) => {}
[1m[94m1250[0m [1m[94m|[0m [1m[33m|[0m [1m[94m...[0m                   }
     [1m[94m|[0m [1m[33m|_______________________^[0m
     [1m[94m|[0m
     [1m[94m= [0m[1mhelp[0m: for further information visit https://rust-lang.github.io/rust-clippy/rust-1.95.0/index.html#single_match
[1m[96mhelp[0m: try
     [1m[94m|[0m
[1m[94m1244[0m [92m~ [0m                            [92mif let Ok(bytes) = module.to_nbc(None) {[0m
[1m[94m1245[0m [92m+                                 nbc_bytes = Some(bytes);[0m
[1m[94m1246[0m [92m+                                 behavior_name = entry.name.clone();[0m
[1m[94m1247[0m [92m+                             }[0m
     [1m[94m|[0m

[1m[33mwarning[0m[1m: accessing first element with `args.get(0)`[0m
    [1m[94m--> [0msrc/runtime/distributed.rs:3236:26
     [1m[94m|[0m
[1m[94m3236[0m [1m[94m|[0m                 let by = args.get(0).and_then(|v| v.as_int()).unwrap_or(1);
     [1m[94m|[0m                          [1m[33m^^^^^^^^^^^[0m [1m[33mhelp: try: `args.first()`[0m
     [1m[94m|[0m
     [1m[94m= [0m[1mhelp[0m: for further information visit https://rust-lang.github.io/rust-clippy/rust-1.95.0/index.html#get_first

[1m[33mwarning[0m[1m: redundant closure[0m
    [1m[94m--> [0msrc/runtime/distributed.rs:3504:46
     [1m[94m|[0m
[1m[94m3504[0m [1m[94m|[0m         let sender = rt.spawn_actor(Box::new(|| vec![]));
     [1m[94m|[0m                                              [1m[33m^^^^^^^^^[0m [1m[33mhelp: replace the closure with `Vec::new`: `std::vec::Vec::new`[0m
     [1m[94m|[0m
     [1m[94m= [0m[1mhelp[0m: for further information visit https://rust-lang.github.io/rust-clippy/rust-1.95.0/index.html#redundant_closure

[1m[33mwarning[0m[1m: redundant closure[0m
    [1m[94m--> [0msrc/runtime/distributed.rs:3561:48
     [1m[94m|[0m
[1m[94m3561[0m [1m[94m|[0m         let actor_id = rt.spawn_actor(Box::new(|| vec![]));
     [1m[94m|[0m                                                [1m[33m^^^^^^^^^[0m [1m[33mhelp: replace the closure with `Vec::new`: `std::vec::Vec::new`[0m
     [1m[94m|[0m
     [1m[94m= [0m[1mhelp[0m: for further information visit https://rust-lang.github.io/rust-clippy/rust-1.95.0/index.html#redundant_closure

[1m[33mwarning[0m[1m: redundant closure[0m
    [1m[94m--> [0msrc/runtime/distributed.rs:3607:44
     [1m[94m|[0m
[1m[94m3607[0m [1m[94m|[0m         let bare = rt.spawn_actor(Box::new(|| vec![]));
     [1m[94m|[0m                                            [1m[33m^^^^^^^^^[0m [1m[33mhelp: replace the closure with `Vec::new`: `std::vec::Vec::new`[0m
     [1m[94m|[0m
     [1m[94m= [0m[1mhelp[0m: for further information visit https://rust-lang.github.io/rust-clippy/rust-1.95.0/index.html#redundant_closure

[1m[33mwarning[0m[1m: redundant closure[0m
    [1m[94m--> [0msrc/runtime/distributed.rs:3630:54
     [1m[94m|[0m
[1m[94m3630[0m [1m[94m|[0m         let actor_a = runtime_a.spawn_actor(Box::new(|| vec![]));
     [1m[94m|[0m                                                      [1m[33m^^^^^^^^^[0m [1m[33mhelp: replace the closure with `Vec::new`: `std::vec::Vec::new`[0m
     [1m[94m|[0m
     [1m[94m= [0m[1mhelp[0m: for further information visit https://rust-lang.github.io/rust-clippy/rust-1.95.0/index.html#redundant_closure

[1m[33mwarning[0m[1m: accessing first element with `args.get(0)`[0m
    [1m[94m--> [0msrc/runtime/distributed.rs:3651:25
     [1m[94m|[0m
[1m[94m3651[0m [1m[94m|[0m                 let v = args.get(0).copied().unwrap_or(Value::nil());
     [1m[94m|[0m                         [1m[33m^^^^^^^^^^^[0m [1m[33mhelp: try: `args.first()`[0m
     [1m[94m|[0m
     [1m[94m= [0m[1mhelp[0m: for further information visit https://rust-lang.github.io/rust-clippy/rust-1.95.0/index.html#get_first

[1m[33mwarning[0m[1m: redundant closure[0m
    [1m[94m--> [0msrc/runtime/distributed.rs:3769:54
     [1m[94m|[0m
[1m[94m3769[0m [1m[94m|[0m         let actor_a = runtime_a.spawn_actor(Box::new(|| vec![]));
     [1m[94m|[0m                                                      [1m[33m^^^^^^^^^[0m [1m[33mhelp: replace the closure with `Vec::new`: `std::vec::Vec::new`[0m
     [1m[94m|[0m
     [1m[94m= [0m[1mhelp[0m: for further information visit https://rust-lang.github.io/rust-clippy/rust-1.95.0/index.html#redundant_closure

[1m[33mwarning[0m[1m: accessing first element with `args.get(0)`[0m
    [1m[94m--> [0msrc/runtime/distributed.rs:3784:25
     [1m[94m|[0m
[1m[94m3784[0m [1m[94m|[0m                 let v = args.get(0).copied().unwrap_or(Value::nil());
     [1m[94m|[0m                         [1m[33m^^^^^^^^^^^[0m [1m[33mhelp: try: `args.first()`[0m
     [1m[94m|[0m
     [1m[94m= [0m[1mhelp[0m: for further information visit https://rust-lang.github.io/rust-clippy/rust-1.95.0/index.html#get_first

[1m[33mwarning[0m[1m: the function `send_distributed` doesn't need a mutable reference[0m
    [1m[94m--> [0msrc/runtime/distributed.rs:3813:13
     [1m[94m|[0m
[1m[94m3813[0m [1m[94m|[0m             &mut cluster_a,
     [1m[94m|[0m             [1m[33m^^^^^^^^^^^^^^[0m
     [1m[94m|[0m
     [1m[94m= [0m[1mhelp[0m: for further information visit https://rust-lang.github.io/rust-clippy/rust-1.95.0/index.html#unnecessary_mut_passed
     [1m[94m= [0m[1mnote[0m: `#[warn(clippy::unnecessary_mut_passed)]` on by default
[1m[96mhelp[0m: remove this `mut`
     [1m[94m|[0m
[1m[94m3813[0m [91m- [0m            &[91mmut [0mcluster_a,
[1m[94m3813[0m [92m+ [0m            &cluster_a,
     [1m[94m|[0m

[1m[33mwarning[0m[1m: redundant closure[0m
    [1m[94m--> [0msrc/runtime/distributed_context.rs:1017:48
     [1m[94m|[0m
[1m[94m1017[0m [1m[94m|[0m         let actor_id = rt.spawn_actor(Box::new(|| Vec::new()));
     [1m[94m|[0m                                                [1m[33m^^^^^^^^^^^^^[0m [1m[33mhelp: replace the closure with the associated function itself: `Vec::new`[0m
     [1m[94m|[0m
     [1m[94m= [0m[1mhelp[0m: for further information visit https://rust-lang.github.io/rust-clippy/rust-1.95.0/index.html#redundant_closure

[1m[33mwarning[0m[1m: redundant closure[0m
    [1m[94m--> [0msrc/runtime/distributed_context.rs:1026:48
     [1m[94m|[0m
[1m[94m1026[0m [1m[94m|[0m         let actor_id = rt.spawn_actor(Box::new(|| Vec::new()));
     [1m[94m|[0m                                                [1m[33m^^^^^^^^^^^^^[0m [1m[33mhelp: replace the closure with the associated function itself: `Vec::new`[0m
     [1m[94m|[0m
     [1m[94m= [0m[1mhelp[0m: for further information visit https://rust-lang.github.io/rust-clippy/rust-1.95.0/index.html#redundant_closure

[1m[33mwarning[0m[1m: redundant closure[0m
    [1m[94m--> [0msrc/runtime/distributed_context.rs:1205:52
     [1m[94m|[0m
[1m[94m1205[0m [1m[94m|[0m         let actor_id = source.spawn_actor(Box::new(|| Vec::new()));
     [1m[94m|[0m                                                    [1m[33m^^^^^^^^^^^^^[0m [1m[33mhelp: replace the closure with the associated function itself: `Vec::new`[0m
     [1m[94m|[0m
     [1m[94m= [0m[1mhelp[0m: for further information visit https://rust-lang.github.io/rust-clippy/rust-1.95.0/index.html#redundant_closure

[1m[33mwarning[0m[1m: redundant closure[0m
    [1m[94m--> [0msrc/runtime/distributed_context.rs:1256:52
     [1m[94m|[0m
[1m[94m1256[0m [1m[94m|[0m         let actor_id = source.spawn_actor(Box::new(|| Vec::new()));
     [1m[94m|[0m                                                    [1m[33m^^^^^^^^^^^^^[0m [1m[33mhelp: replace the closure with the associated function itself: `Vec::new`[0m
     [1m[94m|[0m
     [1m[94m= [0m[1mhelp[0m: for further information visit https://rust-lang.github.io/rust-clippy/rust-1.95.0/index.html#redundant_closure

[1m[33mwarning[0m[1m: redundant closure[0m
    [1m[94m--> [0msrc/runtime/distributed_context.rs:1332:48
     [1m[94m|[0m
[1m[94m1332[0m [1m[94m|[0m         let actor_id = rt.spawn_actor(Box::new(|| Vec::new()));
     [1m[94m|[0m                                                [1m[33m^^^^^^^^^^^^^[0m [1m[33mhelp: replace the closure with the associated function itself: `Vec::new`[0m
     [1m[94m|[0m
     [1m[94m= [0m[1mhelp[0m: for further information visit https://rust-lang.github.io/rust-clippy/rust-1.95.0/index.html#redundant_closure

[1m[33mwarning[0m[1m: this let-binding has unit value[0m
   [1m[94m--> [0msrc/runtime/network.rs:294:21
    [1m[94m|[0m
[1m[94m294[0m [1m[94m|[0m                     let _ = locked.conn.send_close_notify();
    [1m[94m|[0m                     [1m[33m^^^^^^^^^^^^^^^^^^^^^^^^^^^^^^^^^^^^^^^^[0m
    [1m[94m|[0m
    [1m[94m= [0m[1mhelp[0m: for further information visit https://rust-lang.github.io/rust-clippy/rust-1.95.0/index.html#let_unit_value
[1m[96mhelp[0m: omit the `let` binding
    [1m[94m|[0m
[1m[94m294[0m [91m- [0m                    [91mlet _ = [0mlocked.conn.send_close_notify();
[1m[94m294[0m [92m+ [0m                    locked.conn.send_close_notify();
    [1m[94m|[0m

[1m[33mwarning[0m[1m: this `map_or` can be simplified[0m
    [1m[94m--> [0msrc/runtime/orca_cycle.rs:1208:16
     [1m[94m|[0m
[1m[94m1208[0m [1m[94m|[0m               if runtime
     [1m[94m|[0m [1m[33m ________________^[0m
[1m[94m1209[0m [1m[94m|[0m [1m[33m|[0m                 .objects_by_actor
[1m[94m1210[0m [1m[94m|[0m [1m[33m|[0m                 .get(&1)
[1m[94m1211[0m [1m[94m|[0m [1m[33m|[0m                 .map_or(false, |v| v.contains(&obj_a))
     [1m[94m|[0m [1m[33m|______________________________________________________^[0m
     [1m[94m|[0m
     [1m[94m= [0m[1mhelp[0m: for further information visit https://rust-lang.github.io/rust-clippy/rust-1.95.0/index.html#unnecessary_map_or
[1m[96mhelp[0m: use `is_some_and` instead
     [1m[94m|[0m
[1m[94m1211[0m [91m- [0m                .[91mmap_or[0m([91mfalse, [0m|v| v.contains(&obj_a))
[1m[94m1211[0m [92m+ [0m                .[92mis_some_and[0m(|v| v.contains(&obj_a))
     [1m[94m|[0m

[1m[33mwarning[0m[1m: this `map_or` can be simplified[0m
    [1m[94m--> [0msrc/runtime/orca_cycle.rs:1215:16
     [1m[94m|[0m
[1m[94m1215[0m [1m[94m|[0m               if runtime
     [1m[94m|[0m [1m[33m ________________^[0m
[1m[94m1216[0m [1m[94m|[0m [1m[33m|[0m                 .objects_by_actor
[1m[94m1217[0m [1m[94m|[0m [1m[33m|[0m                 .get(&2)
[1m[94m1218[0m [1m[94m|[0m [1m[33m|[0m                 .map_or(false, |v| v.contains(&obj_b))
     [1m[94m|[0m [1m[33m|______________________________________________________^[0m
     [1m[94m|[0m
     [1m[94m= [0m[1mhelp[0m: for further information visit https://rust-lang.github.io/rust-clippy/rust-1.95.0/index.html#unnecessary_map_or
[1m[96mhelp[0m: use `is_some_and` instead
     [1m[94m|[0m
[1m[94m1218[0m [91m- [0m                .[91mmap_or[0m([91mfalse, [0m|v| v.contains(&obj_b))
[1m[94m1218[0m [92m+ [0m                .[92mis_some_and[0m(|v| v.contains(&obj_b))
     [1m[94m|[0m

[1m[33mwarning[0m[1m: accessing first element with `regs.get(0)`[0m
   [1m[94m--> [0msrc/runtime/callbacks.rs:790:29
    [1m[94m|[0m
[1m[94m790[0m [1m[94m|[0m             let string_id = regs.get(0)?.as_string_id()?;
    [1m[94m|[0m                             [1m[33m^^^^^^^^^^^[0m [1m[33mhelp: try: `regs.first()`[0m
    [1m[94m|[0m
    [1m[94m= [0m[1mhelp[0m: for further information visit https://rust-lang.github.io/rust-clippy/rust-1.95.0/index.html#get_first

[1m[33mwarning[0m[1m: called `filter(..).next()` on an `Iterator`. This is more succinctly expressed by calling `.find(..)` instead[0m
   [1m[94m--> [0msrc/runtime/crdt_reg.rs:731:20
    [1m[94m|[0m
[1m[94m731[0m [1m[94m|[0m           let id_a = rga
    [1m[94m|[0m [1m[33m ____________________^[0m
[1m[94m732[0m [1m[94m|[0m [1m[33m|[0m             .elements
[1m[94m733[0m [1m[94m|[0m [1m[33m|[0m             .iter()
[1m[94m734[0m [1m[94m|[0m [1m[33m|[0m             .filter(|e| e.value.is_some())
[1m[94m735[0m [1m[94m|[0m [1m[33m|[0m             .next()
    [1m[94m|[0m [1m[33m|___________________^[0m
    [1m[94m|[0m
    [1m[94m= [0m[1mhelp[0m: for further information visit https://rust-lang.github.io/rust-clippy/rust-1.95.0/index.html#filter_next
[1m[96mhelp[0m: try
    [1m[94m|[0m
[1m[94m731[0m [92m~ [0m        let id_a = [92mrga[0m
[1m[94m732[0m [92m+             .elements[0m
[1m[94m733[0m [92m+             .iter().find(|e| e.value.is_some())[0m
    [1m[94m|[0m

[1m[33mwarning[0m[1m: this let-binding has unit value[0m
    [1m[94m--> [0msrc/runtime/http_server.rs:1162:9
     [1m[94m|[0m
[1m[94m1162[0m [1m[94m|[0m [1m[33m/[0m         let _ctx = with_request_context(
[1m[94m1163[0m [1m[94m|[0m [1m[33m|[0m             RequestContext {
[1m[94m1164[0m [1m[94m|[0m [1m[33m|[0m                 request: HttpRequest {
[1m[94m1165[0m [1m[94m|[0m [1m[33m|[0m                     method: HttpMethod::Post,
[1m[94m...[0m    [1m[33m|[0m
[1m[94m1176[0m [1m[94m|[0m [1m[33m|[0m             },
[1m[94m1177[0m [1m[94m|[0m [1m[33m|[0m         );
     [1m[94m|[0m [1m[33m|__________^[0m
     [1m[94m|[0m
     [1m[94m= [0m[1mhelp[0m: for further information visit https://rust-lang.github.io/rust-clippy/rust-1.95.0/index.html#let_unit_value
[1m[96mhelp[0m: omit the `let` binding
     [1m[94m|[0m
[1m[94m1162[0m [91m- [0m        [91mlet _ctx = [0mwith_request_context(
[1m[94m1162[0m [92m+ [0m        with_request_context(
     [1m[94m|[0m

[1m[33mwarning[0m[1m: this let-binding has unit value[0m
    [1m[94m--> [0msrc/runtime/http_server.rs:1182:9
     [1m[94m|[0m
[1m[94m1182[0m [1m[94m|[0m [1m[33m/[0m         let _ctx = with_request_context(
[1m[94m1183[0m [1m[94m|[0m [1m[33m|[0m             RequestContext {
[1m[94m1184[0m [1m[94m|[0m [1m[33m|[0m                 request: HttpRequest {
[1m[94m1185[0m [1m[94m|[0m [1m[33m|[0m                     method: HttpMethod::Post,
[1m[94m...[0m    [1m[33m|[0m
[1m[94m1194[0m [1m[94m|[0m [1m[33m|[0m             },
[1m[94m1195[0m [1m[94m|[0m [1m[33m|[0m         );
     [1m[94m|[0m [1m[33m|__________^[0m
     [1m[94m|[0m
     [1m[94m= [0m[1mhelp[0m: for further information visit https://rust-lang.github.io/rust-clippy/rust-1.95.0/index.html#let_unit_value
[1m[96mhelp[0m: omit the `let` binding
     [1m[94m|[0m
[1m[94m1182[0m [91m- [0m        [91mlet _ctx = [0mwith_request_context(
[1m[94m1182[0m [92m+ [0m        with_request_context(
     [1m[94m|[0m

[1m[33mwarning[0m[1m: redundant closure[0m
   [1m[94m--> [0msrc/runtime/spawn.rs:832:49
    [1m[94m|[0m
[1m[94m832[0m [1m[94m|[0m         let parent_id = rt.spawn_actor(Box::new(|| vec![]));
    [1m[94m|[0m                                                 [1m[33m^^^^^^^^^[0m [1m[33mhelp: replace the closure with `Vec::new`: `std::vec::Vec::new`[0m
    [1m[94m|[0m
    [1m[94m= [0m[1mhelp[0m: for further information visit https://rust-lang.github.io/rust-clippy/rust-1.95.0/index.html#redundant_closure

[1m[33mwarning[0m[1m: redundant closure[0m
   [1m[94m--> [0msrc/runtime/spawn.rs:858:49
    [1m[94m|[0m
[1m[94m858[0m [1m[94m|[0m         let parent_id = rt.spawn_actor(Box::new(|| vec![]));
    [1m[94m|[0m                                                 [1m[33m^^^^^^^^^[0m [1m[33mhelp: replace the closure with `Vec::new`: `std::vec::Vec::new`[0m
    [1m[94m|[0m
    [1m[94m= [0m[1mhelp[0m: for further information visit https://rust-lang.github.io/rust-clippy/rust-1.95.0/index.html#redundant_closure

[1m[33mwarning[0m[1m: redundant closure[0m
   [1m[94m--> [0msrc/runtime/spawn.rs:878:49
    [1m[94m|[0m
[1m[94m878[0m [1m[94m|[0m         let parent_id = rt.spawn_actor(Box::new(|| vec![]));
    [1m[94m|[0m                                                 [1m[33m^^^^^^^^^[0m [1m[33mhelp: replace the closure with `Vec::new`: `std::vec::Vec::new`[0m
    [1m[94m|[0m
    [1m[94m= [0m[1mhelp[0m: for further information visit https://rust-lang.github.io/rust-clippy/rust-1.95.0/index.html#redundant_closure

[1m[33mwarning[0m[1m: redundant closure[0m
   [1m[94m--> [0msrc/runtime/spawn.rs:916:22
    [1m[94m|[0m
[1m[94m916[0m [1m[94m|[0m             Box::new(|| vec![]),
    [1m[94m|[0m                      [1m[33m^^^^^^^^^[0m [1m[33mhelp: replace the closure with `Vec::new`: `std::vec::Vec::new`[0m
    [1m[94m|[0m
    [1m[94m= [0m[1mhelp[0m: for further information visit https://rust-lang.github.io/rust-clippy/rust-1.95.0/index.html#redundant_closure

[1m[33mwarning[0m[1m: accessing first element with `args.get(0)`[0m
   [1m[94m--> [0msrc/runtime/cluster_dst.rs:403:26
    [1m[94m|[0m
[1m[94m403[0m [1m[94m|[0m                 let by = args.get(0).and_then(|v| v.as_int()).unwrap_or(0);
    [1m[94m|[0m                          [1m[33m^^^^^^^^^^^[0m [1m[33mhelp: try: `args.first()`[0m
    [1m[94m|[0m
    [1m[94m= [0m[1mhelp[0m: for further information visit https://rust-lang.github.io/rust-clippy/rust-1.95.0/index.html#get_first

[1m[33mwarning[0m[1m: this expression creates a reference which is immediately dereferenced by the compiler[0m
   [1m[94m--> [0msrc/runtime/cluster_dst.rs:432:41
    [1m[94m|[0m
[1m[94m432[0m [1m[94m|[0m             let counter = spawn_counter(&mut cluster.node_mut(0));
    [1m[94m|[0m                                         [1m[33m^^^^^^^^^^^^^^^^^^^^^^^^[0m [1m[33mhelp: change this to: `cluster.node_mut(0)`[0m
    [1m[94m|[0m
    [1m[94m= [0m[1mhelp[0m: for further information visit https://rust-lang.github.io/rust-clippy/rust-1.95.0/index.html#needless_borrow

[1m[33mwarning[0m[1m: this expression creates a reference which is immediately dereferenced by the compiler[0m
   [1m[94m--> [0msrc/runtime/cluster_dst.rs:472:41
    [1m[94m|[0m
[1m[94m472[0m [1m[94m|[0m             let counter = spawn_counter(&mut cluster.node_mut(0));
    [1m[94m|[0m                                         [1m[33m^^^^^^^^^^^^^^^^^^^^^^^^[0m [1m[33mhelp: change this to: `cluster.node_mut(0)`[0m
    [1m[94m|[0m
    [1m[94m= [0m[1mhelp[0m: for further information visit https://rust-lang.github.io/rust-clippy/rust-1.95.0/index.html#needless_borrow

[1m[33mwarning[0m[1m: this expression creates a reference which is immediately dereferenced by the compiler[0m
   [1m[94m--> [0msrc/runtime/cluster_dst.rs:517:37
    [1m[94m|[0m
[1m[94m517[0m [1m[94m|[0m         let counter = spawn_counter(&mut cluster.node_mut(2)); // actor on C
    [1m[94m|[0m                                     [1m[33m^^^^^^^^^^^^^^^^^^^^^^^^[0m [1m[33mhelp: change this to: `cluster.node_mut(2)`[0m
    [1m[94m|[0m
    [1m[94m= [0m[1mhelp[0m: for further information visit https://rust-lang.github.io/rust-clippy/rust-1.95.0/index.html#needless_borrow

[1m[33mwarning[0m[1m: accessing first element with `args.get(0)`[0m
   [1m[94m--> [0msrc/runtime/cluster_dst.rs:634:30
    [1m[94m|[0m
[1m[94m634[0m [1m[94m|[0m                     let by = args.get(0).and_then(|v| v.as_int()).unwrap_or(0);
    [1m[94m|[0m                              [1m[33m^^^^^^^^^^^[0m [1m[33mhelp: try: `args.first()`[0m
    [1m[94m|[0m
    [1m[94m= [0m[1mhelp[0m: for further information visit https://rust-lang.github.io/rust-clippy/rust-1.95.0/index.html#get_first

[1m[33mwarning[0m[1m: this expression creates a reference which is immediately dereferenced by the compiler[0m
   [1m[94m--> [0msrc/runtime/cluster_dst.rs:835:41
    [1m[94m|[0m
[1m[94m835[0m [1m[94m|[0m             let counter = spawn_counter(&mut cluster.node_mut(2));
    [1m[94m|[0m                                         [1m[33m^^^^^^^^^^^^^^^^^^^^^^^^[0m [1m[33mhelp: change this to: `cluster.node_mut(2)`[0m
    [1m[94m|[0m
    [1m[94m= [0m[1mhelp[0m: for further information visit https://rust-lang.github.io/rust-clippy/rust-1.95.0/index.html#needless_borrow

[1m[33mwarning[0m[1m: this expression creates a reference which is immediately dereferenced by the compiler[0m
   [1m[94m--> [0msrc/runtime/cluster_dst.rs:889:41
    [1m[94m|[0m
[1m[94m889[0m [1m[94m|[0m             let counter = spawn_counter(&mut cluster.node_mut(0));
    [1m[94m|[0m                                         [1m[33m^^^^^^^^^^^^^^^^^^^^^^^^[0m [1m[33mhelp: change this to: `cluster.node_mut(0)`[0m
    [1m[94m|[0m
    [1m[94m= [0m[1mhelp[0m: for further information visit https://rust-lang.github.io/rust-clippy/rust-1.95.0/index.html#needless_borrow

[1m[33mwarning[0m[1m: this expression creates a reference which is immediately dereferenced by the compiler[0m
    [1m[94m--> [0msrc/runtime/cluster_dst.rs:1034:49
     [1m[94m|[0m
[1m[94m1034[0m [1m[94m|[0m         let counter = spawn_respawnable_counter(&mut cluster.node_mut(0));
     [1m[94m|[0m                                                 [1m[33m^^^^^^^^^^^^^^^^^^^^^^^^[0m [1m[33mhelp: change this to: `cluster.node_mut(0)`[0m
     [1m[94m|[0m
     [1m[94m= [0m[1mhelp[0m: for further information visit https://rust-lang.github.io/rust-clippy/rust-1.95.0/index.html#needless_borrow

[1m[33mwarning[0m[1m: this expression creates a reference which is immediately dereferenced by the compiler[0m
    [1m[94m--> [0msrc/runtime/cluster_dst.rs:1114:49
     [1m[94m|[0m
[1m[94m1114[0m [1m[94m|[0m         let counter = spawn_respawnable_counter(&mut cluster.node_mut(0));
     [1m[94m|[0m                                                 [1m[33m^^^^^^^^^^^^^^^^^^^^^^^^[0m [1m[33mhelp: change this to: `cluster.node_mut(0)`[0m
     [1m[94m|[0m
     [1m[94m= [0m[1mhelp[0m: for further information visit https://rust-lang.github.io/rust-clippy/rust-1.95.0/index.html#needless_borrow

[1m[33mwarning[0m[1m: this expression creates a reference which is immediately dereferenced by the compiler[0m
    [1m[94m--> [0msrc/runtime/cluster_dst.rs:1156:49
     [1m[94m|[0m
[1m[94m1156[0m [1m[94m|[0m         let counter = spawn_respawnable_counter(&mut cluster.node_mut(0));
     [1m[94m|[0m                                                 [1m[33m^^^^^^^^^^^^^^^^^^^^^^^^[0m [1m[33mhelp: change this to: `cluster.node_mut(0)`[0m
     [1m[94m|[0m
     [1m[94m= [0m[1mhelp[0m: for further information visit https://rust-lang.github.io/rust-clippy/rust-1.95.0/index.html#needless_borrow

[1m[33mwarning[0m[1m: manual implementation of `.is_multiple_of()`[0m
   [1m[94m--> [0msrc/runtime/cluster_sim.rs:465:38
    [1m[94m|[0m
[1m[94m465[0m [1m[94m|[0m                     if from != to && rng.next() % 4 == 0 {
    [1m[94m|[0m                                      [1m[33m^^^^^^^^^^^^^^^^^^^[0m [1m[33mhelp: replace with: `rng.next().is_multiple_of(4)`[0m
    [1m[94m|[0m
    [1m[94m= [0m[1mhelp[0m: for further information visit https://rust-lang.github.io/rust-clippy/rust-1.95.0/index.html#manual_is_multiple_of

[1m[33mwarning[0m[1m: manual implementation of `.is_multiple_of()`[0m
   [1m[94m--> [0msrc/runtime/cluster_sim.rs:691:38
    [1m[94m|[0m
[1m[94m691[0m [1m[94m|[0m                     if from != to && rng.next() % 4 == 0 {
    [1m[94m|[0m                                      [1m[33m^^^^^^^^^^^^^^^^^^^[0m [1m[33mhelp: replace with: `rng.next().is_multiple_of(4)`[0m
    [1m[94m|[0m
    [1m[94m= [0m[1mhelp[0m: for further information visit https://rust-lang.github.io/rust-clippy/rust-1.95.0/index.html#manual_is_multiple_of

[1m[33mwarning[0m[1m: field assignment outside of initializer for an instance created with Default::default()[0m
  [1m[94m--> [0msrc/runtime/tests.rs:92:5
   [1m[94m|[0m
[1m[94m92[0m [1m[94m|[0m     snapshot.actor_id = actor_id;
   [1m[94m|[0m     [1m[33m^^^^^^^^^^^^^^^^^^^^^^^^^^^^^[0m
   [1m[94m|[0m
[1m[92mnote[0m: consider initializing the variable with `runtime::persistence::ActorSnapshot { actor_id: actor_id, ..Default::default() }` and removing relevant reassignments
  [1m[94m--> [0msrc/runtime/tests.rs:91:5
   [1m[94m|[0m
[1m[94m91[0m [1m[94m|[0m     let mut snapshot = ActorSnapshot::default();
   [1m[94m|[0m     [1m[92m^^^^^^^^^^^^^^^^^^^^^^^^^^^^^^^^^^^^^^^^^^^^[0m
   [1m[94m= [0m[1mhelp[0m: for further information visit https://rust-lang.github.io/rust-clippy/rust-1.95.0/index.html#field_reassign_with_default

[1m[33mwarning[0m[1m: accessing first element with `args.get(0)`[0m
   [1m[94m--> [0msrc/runtime/tests.rs:195:37
    [1m[94m|[0m
[1m[94m195[0m [1m[94m|[0m                 if let Some(incr) = args.get(0).and_then(|v| v.as_int()) {
    [1m[94m|[0m                                     [1m[33m^^^^^^^^^^^[0m [1m[33mhelp: try: `args.first()`[0m
    [1m[94m|[0m
    [1m[94m= [0m[1mhelp[0m: for further information visit https://rust-lang.github.io/rust-clippy/rust-1.95.0/index.html#get_first

[1m[33mwarning[0m[1m: redundant closure[0m
   [1m[94m--> [0msrc/runtime/tests.rs:209:44
    [1m[94m|[0m
[1m[94m209[0m [1m[94m|[0m     let actor_id = rt.spawn_actor(Box::new(|| vec![]));
    [1m[94m|[0m                                            [1m[33m^^^^^^^^^[0m [1m[33mhelp: replace the closure with `Vec::new`: `std::vec::Vec::new`[0m
    [1m[94m|[0m
    [1m[94m= [0m[1mhelp[0m: for further information visit https://rust-lang.github.io/rust-clippy/rust-1.95.0/index.html#redundant_closure

[1m[33mwarning[0m[1m: redundant closure[0m
   [1m[94m--> [0msrc/runtime/tests.rs:277:37
    [1m[94m|[0m
[1m[94m277[0m [1m[94m|[0m     let b = rt.spawn_actor(Box::new(|| vec![]));
    [1m[94m|[0m                                     [1m[33m^^^^^^^^^[0m [1m[33mhelp: replace the closure with `Vec::new`: `std::vec::Vec::new`[0m
    [1m[94m|[0m
    [1m[94m= [0m[1mhelp[0m: for further information visit https://rust-lang.github.io/rust-clippy/rust-1.95.0/index.html#redundant_closure

[1m[33mwarning[0m[1m: redundant closure[0m
   [1m[94m--> [0msrc/runtime/tests.rs:296:37
    [1m[94m|[0m
[1m[94m296[0m [1m[94m|[0m     let a = rt.spawn_actor(Box::new(|| vec![]));
    [1m[94m|[0m                                     [1m[33m^^^^^^^^^[0m [1m[33mhelp: replace the closure with `Vec::new`: `std::vec::Vec::new`[0m
    [1m[94m|[0m
    [1m[94m= [0m[1mhelp[0m: for further information visit https://rust-lang.github.io/rust-clippy/rust-1.95.0/index.html#redundant_closure

[1m[33mwarning[0m[1m: redundant closure[0m
   [1m[94m--> [0msrc/runtime/tests.rs:320:37
    [1m[94m|[0m
[1m[94m320[0m [1m[94m|[0m     let b = rt.spawn_actor(Box::new(|| vec![]));
    [1m[94m|[0m                                     [1m[33m^^^^^^^^^[0m [1m[33mhelp: replace the closure with `Vec::new`: `std::vec::Vec::new`[0m
    [1m[94m|[0m
    [1m[94m= [0m[1mhelp[0m: for further information visit https://rust-lang.github.io/rust-clippy/rust-1.95.0/index.html#redundant_closure

[1m[33mwarning[0m[1m: redundant closure[0m
   [1m[94m--> [0msrc/runtime/tests.rs:336:44
    [1m[94m|[0m
[1m[94m336[0m [1m[94m|[0m     let child_id = rt.spawn_actor(Box::new(|| vec![]));
    [1m[94m|[0m                                            [1m[33m^^^^^^^^^[0m [1m[33mhelp: replace the closure with `Vec::new`: `std::vec::Vec::new`[0m
    [1m[94m|[0m
    [1m[94m= [0m[1mhelp[0m: for further information visit https://rust-lang.github.io/rust-clippy/rust-1.95.0/index.html#redundant_closure

[1m[33mwarning[0m[1m: redundant closure[0m
   [1m[94m--> [0msrc/runtime/tests.rs:375:43
    [1m[94m|[0m
[1m[94m375[0m [1m[94m|[0m     let leaf_id = rt.spawn_actor(Box::new(|| vec![]));
    [1m[94m|[0m                                           [1m[33m^^^^^^^^^[0m [1m[33mhelp: replace the closure with `Vec::new`: `std::vec::Vec::new`[0m
    [1m[94m|[0m
    [1m[94m= [0m[1mhelp[0m: for further information visit https://rust-lang.github.io/rust-clippy/rust-1.95.0/index.html#redundant_closure

[1m[33mwarning[0m[1m: redundant closure[0m
   [1m[94m--> [0msrc/runtime/tests.rs:479:37
    [1m[94m|[0m
[1m[94m479[0m [1m[94m|[0m     let a = rt.spawn_actor(Box::new(|| vec![]));
    [1m[94m|[0m                                     [1m[33m^^^^^^^^^[0m [1m[33mhelp: replace the closure with `Vec::new`: `std::vec::Vec::new`[0m
    [1m[94m|[0m
    [1m[94m= [0m[1mhelp[0m: for further information visit https://rust-lang.github.io/rust-clippy/rust-1.95.0/index.html#redundant_closure

[1m[33mwarning[0m[1m: redundant closure[0m
   [1m[94m--> [0msrc/runtime/tests.rs:501:37
    [1m[94m|[0m
[1m[94m501[0m [1m[94m|[0m     let a = rt.spawn_actor(Box::new(|| vec![]));
    [1m[94m|[0m                                     [1m[33m^^^^^^^^^[0m [1m[33mhelp: replace the closure with `Vec::new`: `std::vec::Vec::new`[0m
    [1m[94m|[0m
    [1m[94m= [0m[1mhelp[0m: for further information visit https://rust-lang.github.io/rust-clippy/rust-1.95.0/index.html#redundant_closure

[1m[33mwarning[0m[1m: redundant closure[0m
   [1m[94m--> [0msrc/runtime/tests.rs:502:37
    [1m[94m|[0m
[1m[94m502[0m [1m[94m|[0m     let b = rt.spawn_actor(Box::new(|| vec![]));
    [1m[94m|[0m                                     [1m[33m^^^^^^^^^[0m [1m[33mhelp: replace the closure with `Vec::new`: `std::vec::Vec::new`[0m
    [1m[94m|[0m
    [1m[94m= [0m[1mhelp[0m: for further information visit https://rust-lang.github.io/rust-clippy/rust-1.95.0/index.html#redundant_closure

[1m[33mwarning[0m[1m: redundant closure[0m
   [1m[94m--> [0msrc/runtime/tests.rs:530:44
    [1m[94m|[0m
[1m[94m530[0m [1m[94m|[0m     let actor_id = rt.spawn_actor(Box::new(|| vec![]));
    [1m[94m|[0m                                            [1m[33m^^^^^^^^^[0m [1m[33mhelp: replace the closure with `Vec::new`: `std::vec::Vec::new`[0m
    [1m[94m|[0m
    [1m[94m= [0m[1mhelp[0m: for further information visit https://rust-lang.github.io/rust-clippy/rust-1.95.0/index.html#redundant_closure

[1m[33mwarning[0m[1m: redundant closure[0m
   [1m[94m--> [0msrc/runtime/tests.rs:552:44
    [1m[94m|[0m
[1m[94m552[0m [1m[94m|[0m     let actor_id = rt.spawn_actor(Box::new(|| vec![]));
    [1m[94m|[0m                                            [1m[33m^^^^^^^^^[0m [1m[33mhelp: replace the closure with `Vec::new`: `std::vec::Vec::new`[0m
    [1m[94m|[0m
    [1m[94m= [0m[1mhelp[0m: for further information visit https://rust-lang.github.io/rust-clippy/rust-1.95.0/index.html#redundant_closure

[1m[33mwarning[0m[1m: redundant closure[0m
   [1m[94m--> [0msrc/runtime/tests.rs:594:44
    [1m[94m|[0m
[1m[94m594[0m [1m[94m|[0m     let child_id = rt.spawn_actor(Box::new(|| vec![]));
    [1m[94m|[0m                                            [1m[33m^^^^^^^^^[0m [1m[33mhelp: replace the closure with `Vec::new`: `std::vec::Vec::new`[0m
    [1m[94m|[0m
    [1m[94m= [0m[1mhelp[0m: for further information visit https://rust-lang.github.io/rust-clippy/rust-1.95.0/index.html#redundant_closure

[1m[33mwarning[0m[1m: redundant closure[0m
   [1m[94m--> [0msrc/runtime/tests.rs:623:46
    [1m[94m|[0m
[1m[94m623[0m [1m[94m|[0m     let grandchild = rt.spawn_actor(Box::new(|| vec![]));
    [1m[94m|[0m                                              [1m[33m^^^^^^^^^[0m [1m[33mhelp: replace the closure with `Vec::new`: `std::vec::Vec::new`[0m
    [1m[94m|[0m
    [1m[94m= [0m[1mhelp[0m: for further information visit https://rust-lang.github.io/rust-clippy/rust-1.95.0/index.html#redundant_closure

[1m[33mwarning[0m[1m: redundant closure[0m
   [1m[94m--> [0msrc/runtime/tests.rs:650:46
    [1m[94m|[0m
[1m[94m650[0m [1m[94m|[0m     let grandchild = rt.spawn_actor(Box::new(|| vec![]));
    [1m[94m|[0m                                              [1m[33m^^^^^^^^^[0m [1m[33mhelp: replace the closure with `Vec::new`: `std::vec::Vec::new`[0m
    [1m[94m|[0m
    [1m[94m= [0m[1mhelp[0m: for further information visit https://rust-lang.github.io/rust-clippy/rust-1.95.0/index.html#redundant_closure

[1m[33mwarning[0m[1m: redundant closure[0m
   [1m[94m--> [0msrc/runtime/tests.rs:699:43
    [1m[94m|[0m
[1m[94m699[0m [1m[94m|[0m     let trigger = rt.spawn_actor(Box::new(|| vec![]));
    [1m[94m|[0m                                           [1m[33m^^^^^^^^^[0m [1m[33mhelp: replace the closure with `Vec::new`: `std::vec::Vec::new`[0m
    [1m[94m|[0m
    [1m[94m= [0m[1mhelp[0m: for further information visit https://rust-lang.github.io/rust-clippy/rust-1.95.0/index.html#redundant_closure

[1m[33mwarning[0m[1m: redundant closure[0m
   [1m[94m--> [0msrc/runtime/tests.rs:705:43
    [1m[94m|[0m
[1m[94m705[0m [1m[94m|[0m     let fragile = rt.spawn_actor(Box::new(|| vec![]));
    [1m[94m|[0m                                           [1m[33m^^^^^^^^^[0m [1m[33mhelp: replace the closure with `Vec::new`: `std::vec::Vec::new`[0m
    [1m[94m|[0m
    [1m[94m= [0m[1mhelp[0m: for further information visit https://rust-lang.github.io/rust-clippy/rust-1.95.0/index.html#redundant_closure

[1m[33mwarning[0m[1m: redundant closure[0m
   [1m[94m--> [0msrc/runtime/tests.rs:711:43
    [1m[94m|[0m
[1m[94m711[0m [1m[94m|[0m     let sibling = rt.spawn_actor(Box::new(|| vec![]));
    [1m[94m|[0m                                           [1m[33m^^^^^^^^^[0m [1m[33mhelp: replace the closure with `Vec::new`: `std::vec::Vec::new`[0m
    [1m[94m|[0m
    [1m[94m= [0m[1mhelp[0m: for further information visit https://rust-lang.github.io/rust-clippy/rust-1.95.0/index.html#redundant_closure

[1m[33mwarning[0m[1m: redundant closure[0m
   [1m[94m--> [0msrc/runtime/tests.rs:752:43
    [1m[94m|[0m
[1m[94m752[0m [1m[94m|[0m     let trigger = rt.spawn_actor(Box::new(|| vec![]));
    [1m[94m|[0m                                           [1m[33m^^^^^^^^^[0m [1m[33mhelp: replace the closure with `Vec::new`: `std::vec::Vec::new`[0m
    [1m[94m|[0m
    [1m[94m= [0m[1mhelp[0m: for further information visit https://rust-lang.github.io/rust-clippy/rust-1.95.0/index.html#redundant_closure

[1m[33mwarning[0m[1m: redundant closure[0m
   [1m[94m--> [0msrc/runtime/tests.rs:758:43
    [1m[94m|[0m
[1m[94m758[0m [1m[94m|[0m     let fragile = rt.spawn_actor(Box::new(|| vec![]));
    [1m[94m|[0m                                           [1m[33m^^^^^^^^^[0m [1m[33mhelp: replace the closure with `Vec::new`: `std::vec::Vec::new`[0m
    [1m[94m|[0m
    [1m[94m= [0m[1mhelp[0m: for further information visit https://rust-lang.github.io/rust-clippy/rust-1.95.0/index.html#redundant_closure

[1m[33mwarning[0m[1m: redundant closure[0m
   [1m[94m--> [0msrc/runtime/tests.rs:764:43
    [1m[94m|[0m
[1m[94m764[0m [1m[94m|[0m     let sibling = rt.spawn_actor(Box::new(|| vec![]));
    [1m[94m|[0m                                           [1m[33m^^^^^^^^^[0m [1m[33mhelp: replace the closure with `Vec::new`: `std::vec::Vec::new`[0m
    [1m[94m|[0m
    [1m[94m= [0m[1mhelp[0m: for further information visit https://rust-lang.github.io/rust-clippy/rust-1.95.0/index.html#redundant_closure

[1m[33mwarning[0m[1m: redundant closure[0m
   [1m[94m--> [0msrc/runtime/tests.rs:803:44
    [1m[94m|[0m
[1m[94m803[0m [1m[94m|[0m     let child_id = rt.spawn_actor(Box::new(|| vec![]));
    [1m[94m|[0m                                            [1m[33m^^^^^^^^^[0m [1m[33mhelp: replace the closure with `Vec::new`: `std::vec::Vec::new`[0m
    [1m[94m|[0m
    [1m[94m= [0m[1mhelp[0m: for further information visit https://rust-lang.github.io/rust-clippy/rust-1.95.0/index.html#redundant_closure

[1m[33mwarning[0m[1m: accessing first element with `args.get(0)`[0m
   [1m[94m--> [0msrc/runtime/tests.rs:825:22
    [1m[94m|[0m
[1m[94m825[0m [1m[94m|[0m             let by = args.get(0).and_then(|v| v.as_int()).unwrap_or(1);
    [1m[94m|[0m                      [1m[33m^^^^^^^^^^^[0m [1m[33mhelp: try: `args.first()`[0m
    [1m[94m|[0m
    [1m[94m= [0m[1mhelp[0m: for further information visit https://rust-lang.github.io/rust-clippy/rust-1.95.0/index.html#get_first

[1m[33mwarning[0m[1m: accessing first element with `args.get(0)`[0m
   [1m[94m--> [0msrc/runtime/tests.rs:865:22
    [1m[94m|[0m
[1m[94m865[0m [1m[94m|[0m             let by = args.get(0).and_then(|v| v.as_int()).unwrap_or(1);
    [1m[94m|[0m                      [1m[33m^^^^^^^^^^^[0m [1m[33mhelp: try: `args.first()`[0m
    [1m[94m|[0m
    [1m[94m= [0m[1mhelp[0m: for further information visit https://rust-lang.github.io/rust-clippy/rust-1.95.0/index.html#get_first

[1m[33mwarning[0m[1m: redundant closure[0m
   [1m[94m--> [0msrc/runtime/tests.rs:988:43
    [1m[94m|[0m
[1m[94m988[0m [1m[94m|[0m     let trigger = rt.spawn_actor(Box::new(|| vec![]));
    [1m[94m|[0m                                           [1m[33m^^^^^^^^^[0m [1m[33mhelp: replace the closure with `Vec::new`: `std::vec::Vec::new`[0m
    [1m[94m|[0m
    [1m[94m= [0m[1mhelp[0m: for further information visit https://rust-lang.github.io/rust-clippy/rust-1.95.0/index.html#redundant_closure

[1m[33mwarning[0m[1m: redundant closure[0m
   [1m[94m--> [0msrc/runtime/tests.rs:989:43
    [1m[94m|[0m
[1m[94m989[0m [1m[94m|[0m     let sibling = rt.spawn_actor(Box::new(|| vec![]));
    [1m[94m|[0m                                           [1m[33m^^^^^^^^^[0m [1m[33mhelp: replace the closure with `Vec::new`: `std::vec::Vec::new`[0m
    [1m[94m|[0m
    [1m[94m= [0m[1mhelp[0m: for further information visit https://rust-lang.github.io/rust-clippy/rust-1.95.0/index.html#redundant_closure

[1m[33mwarning[0m[1m: redundant closure[0m
    [1m[94m--> [0msrc/runtime/tests.rs:1001:43
     [1m[94m|[0m
[1m[94m1001[0m [1m[94m|[0m     let watcher = rt.spawn_actor(Box::new(|| vec![]));
     [1m[94m|[0m                                           [1m[33m^^^^^^^^^[0m [1m[33mhelp: replace the closure with `Vec::new`: `std::vec::Vec::new`[0m
     [1m[94m|[0m
     [1m[94m= [0m[1mhelp[0m: for further information visit https://rust-lang.github.io/rust-clippy/rust-1.95.0/index.html#redundant_closure

[1m[33mwarning[0m[1m: redundant closure[0m
    [1m[94m--> [0msrc/runtime/tests.rs:1033:43
     [1m[94m|[0m
[1m[94m1033[0m [1m[94m|[0m     let fragile = rt.spawn_actor(Box::new(|| vec![]));
     [1m[94m|[0m                                           [1m[33m^^^^^^^^^[0m [1m[33mhelp: replace the closure with `Vec::new`: `std::vec::Vec::new`[0m
     [1m[94m|[0m
     [1m[94m= [0m[1mhelp[0m: for further information visit https://rust-lang.github.io/rust-clippy/rust-1.95.0/index.html#redundant_closure

[1m[33mwarning[0m[1m: redundant closure[0m
    [1m[94m--> [0msrc/runtime/tests.rs:1039:43
     [1m[94m|[0m
[1m[94m1039[0m [1m[94m|[0m     let sibling = rt.spawn_actor(Box::new(|| vec![]));
     [1m[94m|[0m                                           [1m[33m^^^^^^^^^[0m [1m[33mhelp: replace the closure with `Vec::new`: `std::vec::Vec::new`[0m
     [1m[94m|[0m
     [1m[94m= [0m[1mhelp[0m: for further information visit https://rust-lang.github.io/rust-clippy/rust-1.95.0/index.html#redundant_closure

[1m[33mwarning[0m[1m: redundant closure[0m
    [1m[94m--> [0msrc/runtime/tests.rs:1046:43
     [1m[94m|[0m
[1m[94m1046[0m [1m[94m|[0m     let watcher = rt.spawn_actor(Box::new(|| vec![]));
     [1m[94m|[0m                                           [1m[33m^^^^^^^^^[0m [1m[33mhelp: replace the closure with `Vec::new`: `std::vec::Vec::new`[0m
     [1m[94m|[0m
     [1m[94m= [0m[1mhelp[0m: for further information visit https://rust-lang.github.io/rust-clippy/rust-1.95.0/index.html#redundant_closure

[1m[33mwarning[0m[1m: redundant closure[0m
    [1m[94m--> [0msrc/runtime/tests.rs:1082:37
     [1m[94m|[0m
[1m[94m1082[0m [1m[94m|[0m     let a = rt.spawn_actor(Box::new(|| vec![]));
     [1m[94m|[0m                                     [1m[33m^^^^^^^^^[0m [1m[33mhelp: replace the closure with `Vec::new`: `std::vec::Vec::new`[0m
     [1m[94m|[0m
     [1m[94m= [0m[1mhelp[0m: for further information visit https://rust-lang.github.io/rust-clippy/rust-1.95.0/index.html#redundant_closure

[1m[33mwarning[0m[1m: redundant closure[0m
    [1m[94m--> [0msrc/runtime/tests.rs:1084:37
     [1m[94m|[0m
[1m[94m1084[0m [1m[94m|[0m     let b = rt.spawn_actor(Box::new(|| vec![]));
     [1m[94m|[0m                                     [1m[33m^^^^^^^^^[0m [1m[33mhelp: replace the closure with `Vec::new`: `std::vec::Vec::new`[0m
     [1m[94m|[0m
     [1m[94m= [0m[1mhelp[0m: for further information visit https://rust-lang.github.io/rust-clippy/rust-1.95.0/index.html#redundant_closure

[1m[33mwarning[0m[1m: redundant closure[0m
    [1m[94m--> [0msrc/runtime/tests.rs:1340:41
     [1m[94m|[0m
[1m[94m1340[0m [1m[94m|[0m     let child = rt.spawn_actor(Box::new(|| vec![]));
     [1m[94m|[0m                                         [1m[33m^^^^^^^^^[0m [1m[33mhelp: replace the closure with `Vec::new`: `std::vec::Vec::new`[0m
     [1m[94m|[0m
     [1m[94m= [0m[1mhelp[0m: for further information visit https://rust-lang.github.io/rust-clippy/rust-1.95.0/index.html#redundant_closure

[1m[33mwarning[0m[1m: redundant closure[0m
    [1m[94m--> [0msrc/runtime/tests.rs:1489:44
     [1m[94m|[0m
[1m[94m1489[0m [1m[94m|[0m     let actor_id = rt.spawn_actor(Box::new(|| vec![]));
     [1m[94m|[0m                                            [1m[33m^^^^^^^^^[0m [1m[33mhelp: replace the closure with `Vec::new`: `std::vec::Vec::new`[0m
     [1m[94m|[0m
     [1m[94m= [0m[1mhelp[0m: for further information visit https://rust-lang.github.io/rust-clippy/rust-1.95.0/index.html#redundant_closure

[1m[33mwarning[0m[1m: redundant closure[0m
    [1m[94m--> [0msrc/runtime/tests.rs:1497:38
     [1m[94m|[0m
[1m[94m1497[0m [1m[94m|[0m     let a1 = rt.spawn_actor(Box::new(|| vec![]));
     [1m[94m|[0m                                      [1m[33m^^^^^^^^^[0m [1m[33mhelp: replace the closure with `Vec::new`: `std::vec::Vec::new`[0m
     [1m[94m|[0m
     [1m[94m= [0m[1mhelp[0m: for further information visit https://rust-lang.github.io/rust-clippy/rust-1.95.0/index.html#redundant_closure

[1m[33mwarning[0m[1m: redundant closure[0m
    [1m[94m--> [0msrc/runtime/tests.rs:1498:38
     [1m[94m|[0m
[1m[94m1498[0m [1m[94m|[0m     let a2 = rt.spawn_actor(Box::new(|| vec![]));
     [1m[94m|[0m                                      [1m[33m^^^^^^^^^[0m [1m[33mhelp: replace the closure with `Vec::new`: `std::vec::Vec::new`[0m
     [1m[94m|[0m
     [1m[94m= [0m[1mhelp[0m: for further information visit https://rust-lang.github.io/rust-clippy/rust-1.95.0/index.html#redundant_closure

[1m[33mwarning[0m[1m: redundant closure[0m
    [1m[94m--> [0msrc/runtime/tests.rs:1506:44
     [1m[94m|[0m
[1m[94m1506[0m [1m[94m|[0m     let actor_id = rt.spawn_actor(Box::new(|| vec![]));
     [1m[94m|[0m                                            [1m[33m^^^^^^^^^[0m [1m[33mhelp: replace the closure with `Vec::new`: `std::vec::Vec::new`[0m
     [1m[94m|[0m
     [1m[94m= [0m[1mhelp[0m: for further information visit https://rust-lang.github.io/rust-clippy/rust-1.95.0/index.html#redundant_closure

[1m[33mwarning[0m[1m: redundant closure[0m
    [1m[94m--> [0msrc/runtime/tests.rs:1515:38
     [1m[94m|[0m
[1m[94m1515[0m [1m[94m|[0m     let a1 = rt.spawn_actor(Box::new(|| vec![]));
     [1m[94m|[0m                                      [1m[33m^^^^^^^^^[0m [1m[33mhelp: replace the closure with `Vec::new`: `std::vec::Vec::new`[0m
     [1m[94m|[0m
     [1m[94m= [0m[1mhelp[0m: for further information visit https://rust-lang.github.io/rust-clippy/rust-1.95.0/index.html#redundant_closure

[1m[33mwarning[0m[1m: redundant closure[0m
    [1m[94m--> [0msrc/runtime/tests.rs:1516:38
     [1m[94m|[0m
[1m[94m1516[0m [1m[94m|[0m     let a2 = rt.spawn_actor(Box::new(|| vec![]));
     [1m[94m|[0m                                      [1m[33m^^^^^^^^^[0m [1m[33mhelp: replace the closure with `Vec::new`: `std::vec::Vec::new`[0m
     [1m[94m|[0m
     [1m[94m= [0m[1mhelp[0m: for further information visit https://rust-lang.github.io/rust-clippy/rust-1.95.0/index.html#redundant_closure

[1m[33mwarning[0m[1m: redundant closure[0m
    [1m[94m--> [0msrc/runtime/tests.rs:1527:44
     [1m[94m|[0m
[1m[94m1527[0m [1m[94m|[0m     let actor_id = rt.spawn_actor(Box::new(|| vec![]));
     [1m[94m|[0m                                            [1m[33m^^^^^^^^^[0m [1m[33mhelp: replace the closure with `Vec::new`: `std::vec::Vec::new`[0m
     [1m[94m|[0m
     [1m[94m= [0m[1mhelp[0m: for further information visit https://rust-lang.github.io/rust-clippy/rust-1.95.0/index.html#redundant_closure

[1m[33mwarning[0m[1m: redundant closure[0m
    [1m[94m--> [0msrc/runtime/tests.rs:1536:44
     [1m[94m|[0m
[1m[94m1536[0m [1m[94m|[0m     let actor_id = rt.spawn_actor(Box::new(|| vec![]));
     [1m[94m|[0m                                            [1m[33m^^^^^^^^^[0m [1m[33mhelp: replace the closure with `Vec::new`: `std::vec::Vec::new`[0m
     [1m[94m|[0m
     [1m[94m= [0m[1mhelp[0m: for further information visit https://rust-lang.github.io/rust-clippy/rust-1.95.0/index.html#redundant_closure

[1m[33mwarning[0m[1m: redundant closure[0m
    [1m[94m--> [0msrc/runtime/tests.rs:1626:44
     [1m[94m|[0m
[1m[94m1626[0m [1m[94m|[0m     let actor_id = rt.spawn_actor(Box::new(|| vec![]));
     [1m[94m|[0m                                            [1m[33m^^^^^^^^^[0m [1m[33mhelp: replace the closure with `Vec::new`: `std::vec::Vec::new`[0m
     [1m[94m|[0m
     [1m[94m= [0m[1mhelp[0m: for further information visit https://rust-lang.github.io/rust-clippy/rust-1.95.0/index.html#redundant_closure

[1m[33mwarning[0m[1m: redundant closure[0m
    [1m[94m--> [0msrc/runtime/tests.rs:1646:44
     [1m[94m|[0m
[1m[94m1646[0m [1m[94m|[0m     let actor_id = rt.spawn_actor(Box::new(|| vec![]));
     [1m[94m|[0m                                            [1m[33m^^^^^^^^^[0m [1m[33mhelp: replace the closure with `Vec::new`: `std::vec::Vec::new`[0m
     [1m[94m|[0m
     [1m[94m= [0m[1mhelp[0m: for further information visit https://rust-lang.github.io/rust-clippy/rust-1.95.0/index.html#redundant_closure

[1m[33mwarning[0m[1m: redundant closure[0m
    [1m[94m--> [0msrc/runtime/tests.rs:1660:44
     [1m[94m|[0m
[1m[94m1660[0m [1m[94m|[0m     let actor_id = rt.spawn_actor(Box::new(|| vec![]));
     [1m[94m|[0m                                            [1m[33m^^^^^^^^^[0m [1m[33mhelp: replace the closure with `Vec::new`: `std::vec::Vec::new`[0m
     [1m[94m|[0m
     [1m[94m= [0m[1mhelp[0m: for further information visit https://rust-lang.github.io/rust-clippy/rust-1.95.0/index.html#redundant_closure

[1m[33mwarning[0m[1m: redundant closure[0m
    [1m[94m--> [0msrc/runtime/tests.rs:1679:44
     [1m[94m|[0m
[1m[94m1679[0m [1m[94m|[0m     let actor_id = rt.spawn_actor(Box::new(|| vec![]));
     [1m[94m|[0m                                            [1m[33m^^^^^^^^^[0m [1m[33mhelp: replace the closure with `Vec::new`: `std::vec::Vec::new`[0m
     [1m[94m|[0m
     [1m[94m= [0m[1mhelp[0m: for further information visit https://rust-lang.github.io/rust-clippy/rust-1.95.0/index.html#redundant_closure

[1m[33mwarning[0m[1m: redundant closure[0m
    [1m[94m--> [0msrc/runtime/tests.rs:1696:44
     [1m[94m|[0m
[1m[94m1696[0m [1m[94m|[0m     let actor_id = rt.spawn_actor(Box::new(|| vec![]));
     [1m[94m|[0m                                            [1m[33m^^^^^^^^^[0m [1m[33mhelp: replace the closure with `Vec::new`: `std::vec::Vec::new`[0m
     [1m[94m|[0m
     [1m[94m= [0m[1mhelp[0m: for further information visit https://rust-lang.github.io/rust-clippy/rust-1.95.0/index.html#redundant_closure

[1m[33mwarning[0m[1m: redundant closure[0m
    [1m[94m--> [0msrc/runtime/tests.rs:1705:44
     [1m[94m|[0m
[1m[94m1705[0m [1m[94m|[0m     let actor_id = rt.spawn_actor(Box::new(|| vec![]));
     [1m[94m|[0m                                            [1m[33m^^^^^^^^^[0m [1m[33mhelp: replace the closure with `Vec::new`: `std::vec::Vec::new`[0m
     [1m[94m|[0m
     [1m[94m= [0m[1mhelp[0m: for further information visit https://rust-lang.github.io/rust-clippy/rust-1.95.0/index.html#redundant_closure

[1m[33mwarning[0m[1m: redundant closure[0m
    [1m[94m--> [0msrc/runtime/tests.rs:1714:38
     [1m[94m|[0m
[1m[94m1714[0m [1m[94m|[0m     let a1 = rt.spawn_actor(Box::new(|| vec![]));
     [1m[94m|[0m                                      [1m[33m^^^^^^^^^[0m [1m[33mhelp: replace the closure with `Vec::new`: `std::vec::Vec::new`[0m
     [1m[94m|[0m
     [1m[94m= [0m[1mhelp[0m: for further information visit https://rust-lang.github.io/rust-clippy/rust-1.95.0/index.html#redundant_closure

[1m[33mwarning[0m[1m: redundant closure[0m
    [1m[94m--> [0msrc/runtime/tests.rs:1725:38
     [1m[94m|[0m
[1m[94m1725[0m [1m[94m|[0m     let a1 = rt.spawn_actor(Box::new(|| vec![]));
     [1m[94m|[0m                                      [1m[33m^^^^^^^^^[0m [1m[33mhelp: replace the closure with `Vec::new`: `std::vec::Vec::new`[0m
     [1m[94m|[0m
     [1m[94m= [0m[1mhelp[0m: for further information visit https://rust-lang.github.io/rust-clippy/rust-1.95.0/index.html#redundant_closure

[1m[33mwarning[0m[1m: redundant closure[0m
    [1m[94m--> [0msrc/runtime/tests.rs:1726:38
     [1m[94m|[0m
[1m[94m1726[0m [1m[94m|[0m     let a2 = rt.spawn_actor(Box::new(|| vec![]));
     [1m[94m|[0m                                      [1m[33m^^^^^^^^^[0m [1m[33mhelp: replace the closure with `Vec::new`: `std::vec::Vec::new`[0m
     [1m[94m|[0m
     [1m[94m= [0m[1mhelp[0m: for further information visit https://rust-lang.github.io/rust-clippy/rust-1.95.0/index.html#redundant_closure

[1m[33mwarning[0m[1m: redundant closure[0m
    [1m[94m--> [0msrc/runtime/tests.rs:1735:44
     [1m[94m|[0m
[1m[94m1735[0m [1m[94m|[0m     let actor_id = rt.spawn_actor(Box::new(|| vec![]));
     [1m[94m|[0m                                            [1m[33m^^^^^^^^^[0m [1m[33mhelp: replace the closure with `Vec::new`: `std::vec::Vec::new`[0m
     [1m[94m|[0m
     [1m[94m= [0m[1mhelp[0m: for further information visit https://rust-lang.github.io/rust-clippy/rust-1.95.0/index.html#redundant_closure

[1m[33mwarning[0m[1m: redundant closure[0m
    [1m[94m--> [0msrc/runtime/tests.rs:1746:37
     [1m[94m|[0m
[1m[94m1746[0m [1m[94m|[0m     let a = rt.spawn_actor(Box::new(|| vec![]));
     [1m[94m|[0m                                     [1m[33m^^^^^^^^^[0m [1m[33mhelp: replace the closure with `Vec::new`: `std::vec::Vec::new`[0m
     [1m[94m|[0m
     [1m[94m= [0m[1mhelp[0m: for further information visit https://rust-lang.github.io/rust-clippy/rust-1.95.0/index.html#redundant_closure

[1m[33mwarning[0m[1m: redundant closure[0m
    [1m[94m--> [0msrc/runtime/tests.rs:1747:37
     [1m[94m|[0m
[1m[94m1747[0m [1m[94m|[0m     let b = rt.spawn_actor(Box::new(|| vec![]));
     [1m[94m|[0m                                     [1m[33m^^^^^^^^^[0m [1m[33mhelp: replace the closure with `Vec::new`: `std::vec::Vec::new`[0m
     [1m[94m|[0m
     [1m[94m= [0m[1mhelp[0m: for further information visit https://rust-lang.github.io/rust-clippy/rust-1.95.0/index.html#redundant_closure

[1m[33mwarning[0m[1m: redundant closure[0m
    [1m[94m--> [0msrc/runtime/tests.rs:1756:37
     [1m[94m|[0m
[1m[94m1756[0m [1m[94m|[0m     let a = rt.spawn_actor(Box::new(|| vec![]));
     [1m[94m|[0m                                     [1m[33m^^^^^^^^^[0m [1m[33mhelp: replace the closure with `Vec::new`: `std::vec::Vec::new`[0m
     [1m[94m|[0m
     [1m[94m= [0m[1mhelp[0m: for further information visit https://rust-lang.github.io/rust-clippy/rust-1.95.0/index.html#redundant_closure

[1m[33mwarning[0m[1m: redundant closure[0m
    [1m[94m--> [0msrc/runtime/tests.rs:1757:37
     [1m[94m|[0m
[1m[94m1757[0m [1m[94m|[0m     let b = rt.spawn_actor(Box::new(|| vec![]));
     [1m[94m|[0m                                     [1m[33m^^^^^^^^^[0m [1m[33mhelp: replace the closure with `Vec::new`: `std::vec::Vec::new`[0m
     [1m[94m|[0m
     [1m[94m= [0m[1mhelp[0m: for further information visit https://rust-lang.github.io/rust-clippy/rust-1.95.0/index.html#redundant_closure

[1m[33mwarning[0m[1m: redundant closure[0m
    [1m[94m--> [0msrc/runtime/tests.rs:1767:43
     [1m[94m|[0m
[1m[94m1767[0m [1m[94m|[0m     let watcher = rt.spawn_actor(Box::new(|| vec![]));
     [1m[94m|[0m                                           [1m[33m^^^^^^^^^[0m [1m[33mhelp: replace the closure with `Vec::new`: `std::vec::Vec::new`[0m
     [1m[94m|[0m
     [1m[94m= [0m[1mhelp[0m: for further information visit https://rust-lang.github.io/rust-clippy/rust-1.95.0/index.html#redundant_closure

[1m[33mwarning[0m[1m: redundant closure[0m
    [1m[94m--> [0msrc/runtime/tests.rs:1768:42
     [1m[94m|[0m
[1m[94m1768[0m [1m[94m|[0m     let target = rt.spawn_actor(Box::new(|| vec![]));
     [1m[94m|[0m                                          [1m[33m^^^^^^^^^[0m [1m[33mhelp: replace the closure with `Vec::new`: `std::vec::Vec::new`[0m
     [1m[94m|[0m
     [1m[94m= [0m[1mhelp[0m: for further information visit https://rust-lang.github.io/rust-clippy/rust-1.95.0/index.html#redundant_closure

[1m[33mwarning[0m[1m: redundant closure[0m
    [1m[94m--> [0msrc/runtime/tests.rs:1777:43
     [1m[94m|[0m
[1m[94m1777[0m [1m[94m|[0m     let watcher = rt.spawn_actor(Box::new(|| vec![]));
     [1m[94m|[0m                                           [1m[33m^^^^^^^^^[0m [1m[33mhelp: replace the closure with `Vec::new`: `std::vec::Vec::new`[0m
     [1m[94m|[0m
     [1m[94m= [0m[1mhelp[0m: for further information visit https://rust-lang.github.io/rust-clippy/rust-1.95.0/index.html#redundant_closure

[1m[33mwarning[0m[1m: redundant closure[0m
    [1m[94m--> [0msrc/runtime/tests.rs:1778:42
     [1m[94m|[0m
[1m[94m1778[0m [1m[94m|[0m     let target = rt.spawn_actor(Box::new(|| vec![]));
     [1m[94m|[0m                                          [1m[33m^^^^^^^^^[0m [1m[33mhelp: replace the closure with `Vec::new`: `std::vec::Vec::new`[0m
     [1m[94m|[0m
     [1m[94m= [0m[1mhelp[0m: for further information visit https://rust-lang.github.io/rust-clippy/rust-1.95.0/index.html#redundant_closure

[1m[33mwarning[0m[1m: redundant closure[0m
    [1m[94m--> [0msrc/runtime/tests.rs:1787:43
     [1m[94m|[0m
[1m[94m1787[0m [1m[94m|[0m     let watcher = rt.spawn_actor(Box::new(|| vec![]));
     [1m[94m|[0m                                           [1m[33m^^^^^^^^^[0m [1m[33mhelp: replace the closure with `Vec::new`: `std::vec::Vec::new`[0m
     [1m[94m|[0m
     [1m[94m= [0m[1mhelp[0m: for further information visit https://rust-lang.github.io/rust-clippy/rust-1.95.0/index.html#redundant_closure

[1m[33mwarning[0m[1m: redundant closure[0m
    [1m[94m--> [0msrc/runtime/tests.rs:1788:42
     [1m[94m|[0m
[1m[94m1788[0m [1m[94m|[0m     let target = rt.spawn_actor(Box::new(|| vec![]));
     [1m[94m|[0m                                          [1m[33m^^^^^^^^^[0m [1m[33mhelp: replace the closure with `Vec::new`: `std::vec::Vec::new`[0m
     [1m[94m|[0m
     [1m[94m= [0m[1mhelp[0m: for further information visit https://rust-lang.github.io/rust-clippy/rust-1.95.0/index.html#redundant_closure

[1m[33mwarning[0m[1m: redundant closure[0m
    [1m[94m--> [0msrc/runtime/tests.rs:1797:37
     [1m[94m|[0m
[1m[94m1797[0m [1m[94m|[0m     let a = rt.spawn_actor(Box::new(|| vec![]));
     [1m[94m|[0m                                     [1m[33m^^^^^^^^^[0m [1m[33mhelp: replace the closure with `Vec::new`: `std::vec::Vec::new`[0m
     [1m[94m|[0m
     [1m[94m= [0m[1mhelp[0m: for further information visit https://rust-lang.github.io/rust-clippy/rust-1.95.0/index.html#redundant_closure

[1m[33mwarning[0m[1m: redundant closure[0m
    [1m[94m--> [0msrc/runtime/tests.rs:1798:37
     [1m[94m|[0m
[1m[94m1798[0m [1m[94m|[0m     let b = rt.spawn_actor(Box::new(|| vec![]));
     [1m[94m|[0m                                     [1m[33m^^^^^^^^^[0m [1m[33mhelp: replace the closure with `Vec::new`: `std::vec::Vec::new`[0m
     [1m[94m|[0m
     [1m[94m= [0m[1mhelp[0m: for further information visit https://rust-lang.github.io/rust-clippy/rust-1.95.0/index.html#redundant_closure

[1m[33mwarning[0m[1m: redundant closure[0m
    [1m[94m--> [0msrc/runtime/tests.rs:1811:37
     [1m[94m|[0m
[1m[94m1811[0m [1m[94m|[0m     let a = rt.spawn_actor(Box::new(|| vec![]));
     [1m[94m|[0m                                     [1m[33m^^^^^^^^^[0m [1m[33mhelp: replace the closure with `Vec::new`: `std::vec::Vec::new`[0m
     [1m[94m|[0m
     [1m[94m= [0m[1mhelp[0m: for further information visit https://rust-lang.github.io/rust-clippy/rust-1.95.0/index.html#redundant_closure

[1m[33mwarning[0m[1m: redundant closure[0m
    [1m[94m--> [0msrc/runtime/tests.rs:1812:37
     [1m[94m|[0m
[1m[94m1812[0m [1m[94m|[0m     let b = rt.spawn_actor(Box::new(|| vec![]));
     [1m[94m|[0m                                     [1m[33m^^^^^^^^^[0m [1m[33mhelp: replace the closure with `Vec::new`: `std::vec::Vec::new`[0m
     [1m[94m|[0m
     [1m[94m= [0m[1mhelp[0m: for further information visit https://rust-lang.github.io/rust-clippy/rust-1.95.0/index.html#redundant_closure

[1m[33mwarning[0m[1m: redundant closure[0m
    [1m[94m--> [0msrc/runtime/tests.rs:1825:37
     [1m[94m|[0m
[1m[94m1825[0m [1m[94m|[0m     let a = rt.spawn_actor(Box::new(|| vec![]));
     [1m[94m|[0m                                     [1m[33m^^^^^^^^^[0m [1m[33mhelp: replace the closure with `Vec::new`: `std::vec::Vec::new`[0m
     [1m[94m|[0m
     [1m[94m= [0m[1mhelp[0m: for further information visit https://rust-lang.github.io/rust-clippy/rust-1.95.0/index.html#redundant_closure

[1m[33mwarning[0m[1m: redundant closure[0m
    [1m[94m--> [0msrc/runtime/tests.rs:1826:37
     [1m[94m|[0m
[1m[94m1826[0m [1m[94m|[0m     let b = rt.spawn_actor(Box::new(|| vec![]));
     [1m[94m|[0m                                     [1m[33m^^^^^^^^^[0m [1m[33mhelp: replace the closure with `Vec::new`: `std::vec::Vec::new`[0m
     [1m[94m|[0m
     [1m[94m= [0m[1mhelp[0m: for further information visit https://rust-lang.github.io/rust-clippy/rust-1.95.0/index.html#redundant_closure

[1m[33mwarning[0m[1m: redundant closure[0m
    [1m[94m--> [0msrc/runtime/tests.rs:1872:37
     [1m[94m|[0m
[1m[94m1872[0m [1m[94m|[0m     let a = rt.spawn_actor(Box::new(|| vec![]));
     [1m[94m|[0m                                     [1m[33m^^^^^^^^^[0m [1m[33mhelp: replace the closure with `Vec::new`: `std::vec::Vec::new`[0m
     [1m[94m|[0m
     [1m[94m= [0m[1mhelp[0m: for further information visit https://rust-lang.github.io/rust-clippy/rust-1.95.0/index.html#redundant_closure

[1m[33mwarning[0m[1m: redundant closure[0m
    [1m[94m--> [0msrc/runtime/tests.rs:1873:45
     [1m[94m|[0m
[1m[94m1873[0m [1m[94m|[0m     let b = rt.spawn_actor_near(a, Box::new(|| vec![]));
     [1m[94m|[0m                                             [1m[33m^^^^^^^^^[0m [1m[33mhelp: replace the closure with `Vec::new`: `std::vec::Vec::new`[0m
     [1m[94m|[0m
     [1m[94m= [0m[1mhelp[0m: for further information visit https://rust-lang.github.io/rust-clippy/rust-1.95.0/index.html#redundant_closure

[1m[33mwarning[0m[1m: redundant closure[0m
    [1m[94m--> [0msrc/runtime/tests.rs:1881:44
     [1m[94m|[0m
[1m[94m1881[0m [1m[94m|[0m         let a = shard.spawn_actor(Box::new(|| vec![]));
     [1m[94m|[0m                                            [1m[33m^^^^^^^^^[0m [1m[33mhelp: replace the closure with `Vec::new`: `std::vec::Vec::new`[0m
     [1m[94m|[0m
     [1m[94m= [0m[1mhelp[0m: for further information visit https://rust-lang.github.io/rust-clippy/rust-1.95.0/index.html#redundant_closure

[1m[33mwarning[0m[1m: redundant closure[0m
    [1m[94m--> [0msrc/runtime/tests.rs:1882:52
     [1m[94m|[0m
[1m[94m1882[0m [1m[94m|[0m         let b = shard.spawn_actor_near(a, Box::new(|| vec![]));
     [1m[94m|[0m                                                    [1m[33m^^^^^^^^^[0m [1m[33mhelp: replace the closure with `Vec::new`: `std::vec::Vec::new`[0m
     [1m[94m|[0m
     [1m[94m= [0m[1mhelp[0m: for further information visit https://rust-lang.github.io/rust-clippy/rust-1.95.0/index.html#redundant_closure

[1m[33mwarning[0m[1m: accessing first element with `args.get(0)`[0m
    [1m[94m--> [0msrc/runtime/tests.rs:2207:30
     [1m[94m|[0m
[1m[94m2207[0m [1m[94m|[0m             if let Some(n) = args.get(0).and_then(|v| v.as_int()) {
     [1m[94m|[0m                              [1m[33m^^^^^^^^^^^[0m [1m[33mhelp: try: `args.first()`[0m
     [1m[94m|[0m
     [1m[94m= [0m[1mhelp[0m: for further information visit https://rust-lang.github.io/rust-clippy/rust-1.95.0/index.html#get_first

[1m[33mwarning[0m[1m: used `assert_eq!` with a literal bool[0m
    [1m[94m--> [0msrc/runtime/tests.rs:2244:5
     [1m[94m|[0m
[1m[94m2244[0m [1m[94m|[0m [1m[33m/[0m     assert_eq!(
[1m[94m2245[0m [1m[94m|[0m [1m[33m|[0m         snapshot.state.contains_key("counter"),
[1m[94m2246[0m [1m[94m|[0m [1m[33m|[0m         false,
[1m[94m2247[0m [1m[94m|[0m [1m[33m|[0m         "EventSourced field must not appear in snapshot"
[1m[94m2248[0m [1m[94m|[0m [1m[33m|[0m     );
     [1m[94m|[0m [1m[33m|_____^[0m
     [1m[94m|[0m
     [1m[94m= [0m[1mhelp[0m: for further information visit https://rust-lang.github.io/rust-clippy/rust-1.95.0/index.html#bool_assert_comparison
[1m[96mhelp[0m: replace it with `assert!(..)`
     [1m[94m|[0m
[1m[94m2244[0m [92m~ [0m    [92massert[0m!(
[1m[94m2245[0m [92m~ [0m        [92m![0msnapshot.state.contains_key("counter"),
     [1m[94m|[0m

[1m[33mwarning[0m[1m: redundant closure[0m
    [1m[94m--> [0msrc/runtime/tests.rs:2762:57
     [1m[94m|[0m
[1m[94m2762[0m [1m[94m|[0m     let actor_id = rt.borrow_mut().spawn_actor(Box::new(|| vec![]));
     [1m[94m|[0m                                                         [1m[33m^^^^^^^^^[0m [1m[33mhelp: replace the closure with `Vec::new`: `std::vec::Vec::new`[0m
     [1m[94m|[0m
     [1m[94m= [0m[1mhelp[0m: for further information visit https://rust-lang.github.io/rust-clippy/rust-1.95.0/index.html#redundant_closure

[1m[33mwarning[0m[1m: redundant closure[0m
    [1m[94m--> [0msrc/runtime/tests.rs:2804:57
     [1m[94m|[0m
[1m[94m2804[0m [1m[94m|[0m     let actor_id = rt.borrow_mut().spawn_actor(Box::new(|| vec![]));
     [1m[94m|[0m                                                         [1m[33m^^^^^^^^^[0m [1m[33mhelp: replace the closure with `Vec::new`: `std::vec::Vec::new`[0m
     [1m[94m|[0m
     [1m[94m= [0m[1mhelp[0m: for further information visit https://rust-lang.github.io/rust-clippy/rust-1.95.0/index.html#redundant_closure

[1m[33mwarning[0m[1m: redundant closure[0m
    [1m[94m--> [0msrc/runtime/tests.rs:2854:57
     [1m[94m|[0m
[1m[94m2854[0m [1m[94m|[0m     let actor_id = rt.borrow_mut().spawn_actor(Box::new(|| vec![]));
     [1m[94m|[0m                                                         [1m[33m^^^^^^^^^[0m [1m[33mhelp: replace the closure with `Vec::new`: `std::vec::Vec::new`[0m
     [1m[94m|[0m
     [1m[94m= [0m[1mhelp[0m: for further information visit https://rust-lang.github.io/rust-clippy/rust-1.95.0/index.html#redundant_closure

[1m[33mwarning[0m[1m: redundant closure[0m
    [1m[94m--> [0msrc/runtime/tests.rs:2892:57
     [1m[94m|[0m
[1m[94m2892[0m [1m[94m|[0m     let actor_id = rt.borrow_mut().spawn_actor(Box::new(|| vec![]));
     [1m[94m|[0m                                                         [1m[33m^^^^^^^^^[0m [1m[33mhelp: replace the closure with `Vec::new`: `std::vec::Vec::new`[0m
     [1m[94m|[0m
     [1m[94m= [0m[1mhelp[0m: for further information visit https://rust-lang.github.io/rust-clippy/rust-1.95.0/index.html#redundant_closure

[1m[33mwarning[0m[1m: redundant closure[0m
    [1m[94m--> [0msrc/runtime/tests.rs:2954:57
     [1m[94m|[0m
[1m[94m2954[0m [1m[94m|[0m     let actor_id = rt.borrow_mut().spawn_actor(Box::new(|| vec![]));
     [1m[94m|[0m                                                         [1m[33m^^^^^^^^^[0m [1m[33mhelp: replace the closure with `Vec::new`: `std::vec::Vec::new`[0m
     [1m[94m|[0m
     [1m[94m= [0m[1mhelp[0m: for further information visit https://rust-lang.github.io/rust-clippy/rust-1.95.0/index.html#redundant_closure

[1m[33mwarning[0m[1m: redundant closure[0m
    [1m[94m--> [0msrc/runtime/tests.rs:3015:57
     [1m[94m|[0m
[1m[94m3015[0m [1m[94m|[0m     let actor_id = rt.borrow_mut().spawn_actor(Box::new(|| vec![]));
     [1m[94m|[0m                                                         [1m[33m^^^^^^^^^[0m [1m[33mhelp: replace the closure with `Vec::new`: `std::vec::Vec::new`[0m
     [1m[94m|[0m
     [1m[94m= [0m[1mhelp[0m: for further information visit https://rust-lang.github.io/rust-clippy/rust-1.95.0/index.html#redundant_closure

[1m[33mwarning[0m[1m: redundant closure[0m
    [1m[94m--> [0msrc/runtime/tests.rs:3064:57
     [1m[94m|[0m
[1m[94m3064[0m [1m[94m|[0m     let actor_id = rt.borrow_mut().spawn_actor(Box::new(|| vec![]));
     [1m[94m|[0m                                                         [1m[33m^^^^^^^^^[0m [1m[33mhelp: replace the closure with `Vec::new`: `std::vec::Vec::new`[0m
     [1m[94m|[0m
     [1m[94m= [0m[1mhelp[0m: for further information visit https://rust-lang.github.io/rust-clippy/rust-1.95.0/index.html#redundant_closure

[1m[33mwarning[0m[1m: redundant closure[0m
    [1m[94m--> [0msrc/runtime/tests.rs:3236:37
     [1m[94m|[0m
[1m[94m3236[0m [1m[94m|[0m     let a = rt.spawn_actor(Box::new(|| vec![]));
     [1m[94m|[0m                                     [1m[33m^^^^^^^^^[0m [1m[33mhelp: replace the closure with `Vec::new`: `std::vec::Vec::new`[0m
     [1m[94m|[0m
     [1m[94m= [0m[1mhelp[0m: for further information visit https://rust-lang.github.io/rust-clippy/rust-1.95.0/index.html#redundant_closure

[1m[33mwarning[0m[1m: redundant closure[0m
    [1m[94m--> [0msrc/runtime/tests.rs:3237:37
     [1m[94m|[0m
[1m[94m3237[0m [1m[94m|[0m     let b = rt.spawn_actor(Box::new(|| vec![]));
     [1m[94m|[0m                                     [1m[33m^^^^^^^^^[0m [1m[33mhelp: replace the closure with `Vec::new`: `std::vec::Vec::new`[0m
     [1m[94m|[0m
     [1m[94m= [0m[1mhelp[0m: for further information visit https://rust-lang.github.io/rust-clippy/rust-1.95.0/index.html#redundant_closure

[1m[33mwarning[0m[1m: redundant closure[0m
    [1m[94m--> [0msrc/runtime/tests.rs:3277:37
     [1m[94m|[0m
[1m[94m3277[0m [1m[94m|[0m     let a = rt.spawn_actor(Box::new(|| vec![]));
     [1m[94m|[0m                                     [1m[33m^^^^^^^^^[0m [1m[33mhelp: replace the closure with `Vec::new`: `std::vec::Vec::new`[0m
     [1m[94m|[0m
     [1m[94m= [0m[1mhelp[0m: for further information visit https://rust-lang.github.io/rust-clippy/rust-1.95.0/index.html#redundant_closure

[1m[33mwarning[0m[1m: redundant closure[0m
    [1m[94m--> [0msrc/runtime/tests.rs:3278:37
     [1m[94m|[0m
[1m[94m3278[0m [1m[94m|[0m     let b = rt.spawn_actor(Box::new(|| vec![]));
     [1m[94m|[0m                                     [1m[33m^^^^^^^^^[0m [1m[33mhelp: replace the closure with `Vec::new`: `std::vec::Vec::new`[0m
     [1m[94m|[0m
     [1m[94m= [0m[1mhelp[0m: for further information visit https://rust-lang.github.io/rust-clippy/rust-1.95.0/index.html#redundant_closure

[1m[33mwarning[0m[1m: redundant closure[0m
    [1m[94m--> [0msrc/runtime/tests.rs:3310:37
     [1m[94m|[0m
[1m[94m3310[0m [1m[94m|[0m     let a = rt.spawn_actor(Box::new(|| vec![]));
     [1m[94m|[0m                                     [1m[33m^^^^^^^^^[0m [1m[33mhelp: replace the closure with `Vec::new`: `std::vec::Vec::new`[0m
     [1m[94m|[0m
     [1m[94m= [0m[1mhelp[0m: for further information visit https://rust-lang.github.io/rust-clippy/rust-1.95.0/index.html#redundant_closure

[1m[33mwarning[0m[1m: redundant closure[0m
    [1m[94m--> [0msrc/runtime/tests.rs:3311:37
     [1m[94m|[0m
[1m[94m3311[0m [1m[94m|[0m     let b = rt.spawn_actor(Box::new(|| vec![]));
     [1m[94m|[0m                                     [1m[33m^^^^^^^^^[0m [1m[33mhelp: replace the closure with `Vec::new`: `std::vec::Vec::new`[0m
     [1m[94m|[0m
     [1m[94m= [0m[1mhelp[0m: for further information visit https://rust-lang.github.io/rust-clippy/rust-1.95.0/index.html#redundant_closure

[1m[33mwarning[0m[1m: redundant closure[0m
    [1m[94m--> [0msrc/runtime/tests.rs:3374:57
     [1m[94m|[0m
[1m[94m3374[0m [1m[94m|[0m     let actor_id = rt.borrow_mut().spawn_actor(Box::new(|| vec![]));
     [1m[94m|[0m                                                         [1m[33m^^^^^^^^^[0m [1m[33mhelp: replace the closure with `Vec::new`: `std::vec::Vec::new`[0m
     [1m[94m|[0m
     [1m[94m= [0m[1mhelp[0m: for further information visit https://rust-lang.github.io/rust-clippy/rust-1.95.0/index.html#redundant_closure

[1m[33mwarning[0m[1m: redundant closure[0m
    [1m[94m--> [0msrc/runtime/tests.rs:3416:37
     [1m[94m|[0m
[1m[94m3416[0m [1m[94m|[0m     let a = rt.spawn_actor(Box::new(|| vec![]));
     [1m[94m|[0m                                     [1m[33m^^^^^^^^^[0m [1m[33mhelp: replace the closure with `Vec::new`: `std::vec::Vec::new`[0m
     [1m[94m|[0m
     [1m[94m= [0m[1mhelp[0m: for further information visit https://rust-lang.github.io/rust-clippy/rust-1.95.0/index.html#redundant_closure

[1m[33mwarning[0m[1m: redundant closure[0m
    [1m[94m--> [0msrc/runtime/tests.rs:3417:37
     [1m[94m|[0m
[1m[94m3417[0m [1m[94m|[0m     let b = rt.spawn_actor(Box::new(|| vec![]));
     [1m[94m|[0m                                     [1m[33m^^^^^^^^^[0m [1m[33mhelp: replace the closure with `Vec::new`: `std::vec::Vec::new`[0m
     [1m[94m|[0m
     [1m[94m= [0m[1mhelp[0m: for further information visit https://rust-lang.github.io/rust-clippy/rust-1.95.0/index.html#redundant_closure

[1m[33mwarning[0m[1m: redundant closure[0m
    [1m[94m--> [0msrc/runtime/tests.rs:3479:37
     [1m[94m|[0m
[1m[94m3479[0m [1m[94m|[0m     let a = rt.spawn_actor(Box::new(|| vec![]));
     [1m[94m|[0m                                     [1m[33m^^^^^^^^^[0m [1m[33mhelp: replace the closure with `Vec::new`: `std::vec::Vec::new`[0m
     [1m[94m|[0m
     [1m[94m= [0m[1mhelp[0m: for further information visit https://rust-lang.github.io/rust-clippy/rust-1.95.0/index.html#redundant_closure

[1m[33mwarning[0m[1m: redundant closure[0m
    [1m[94m--> [0msrc/runtime/tests.rs:3480:37
     [1m[94m|[0m
[1m[94m3480[0m [1m[94m|[0m     let b = rt.spawn_actor(Box::new(|| vec![]));
     [1m[94m|[0m                                     [1m[33m^^^^^^^^^[0m [1m[33mhelp: replace the closure with `Vec::new`: `std::vec::Vec::new`[0m
     [1m[94m|[0m
     [1m[94m= [0m[1mhelp[0m: for further information visit https://rust-lang.github.io/rust-clippy/rust-1.95.0/index.html#redundant_closure

[1m[33mwarning[0m[1m: redundant closure[0m
    [1m[94m--> [0msrc/runtime/tests.rs:3539:37
     [1m[94m|[0m
[1m[94m3539[0m [1m[94m|[0m     let a = rt.spawn_actor(Box::new(|| vec![]));
     [1m[94m|[0m                                     [1m[33m^^^^^^^^^[0m [1m[33mhelp: replace the closure with `Vec::new`: `std::vec::Vec::new`[0m
     [1m[94m|[0m
     [1m[94m= [0m[1mhelp[0m: for further information visit https://rust-lang.github.io/rust-clippy/rust-1.95.0/index.html#redundant_closure

[1m[33mwarning[0m[1m: redundant closure[0m
    [1m[94m--> [0msrc/runtime/tests.rs:3540:37
     [1m[94m|[0m
[1m[94m3540[0m [1m[94m|[0m     let b = rt.spawn_actor(Box::new(|| vec![]));
     [1m[94m|[0m                                     [1m[33m^^^^^^^^^[0m [1m[33mhelp: replace the closure with `Vec::new`: `std::vec::Vec::new`[0m
     [1m[94m|[0m
     [1m[94m= [0m[1mhelp[0m: for further information visit https://rust-lang.github.io/rust-clippy/rust-1.95.0/index.html#redundant_closure

[1m[33mwarning[0m[1m: redundant closure[0m
    [1m[94m--> [0msrc/runtime/tests.rs:3541:37
     [1m[94m|[0m
[1m[94m3541[0m [1m[94m|[0m     let c = rt.spawn_actor(Box::new(|| vec![]));
     [1m[94m|[0m                                     [1m[33m^^^^^^^^^[0m [1m[33mhelp: replace the closure with `Vec::new`: `std::vec::Vec::new`[0m
     [1m[94m|[0m
     [1m[94m= [0m[1mhelp[0m: for further information visit https://rust-lang.github.io/rust-clippy/rust-1.95.0/index.html#redundant_closure

[1m[33mwarning[0m[1m: redundant closure[0m
    [1m[94m--> [0msrc/runtime/tests.rs:3603:37
     [1m[94m|[0m
[1m[94m3603[0m [1m[94m|[0m     let a = rt.spawn_actor(Box::new(|| vec![]));
     [1m[94m|[0m                                     [1m[33m^^^^^^^^^[0m [1m[33mhelp: replace the closure with `Vec::new`: `std::vec::Vec::new`[0m
     [1m[94m|[0m
     [1m[94m= [0m[1mhelp[0m: for further information visit https://rust-lang.github.io/rust-clippy/rust-1.95.0/index.html#redundant_closure

[1m[33mwarning[0m[1m: redundant closure[0m
    [1m[94m--> [0msrc/runtime/tests.rs:3604:37
     [1m[94m|[0m
[1m[94m3604[0m [1m[94m|[0m     let b = rt.spawn_actor(Box::new(|| vec![]));
     [1m[94m|[0m                                     [1m[33m^^^^^^^^^[0m [1m[33mhelp: replace the closure with `Vec::new`: `std::vec::Vec::new`[0m
     [1m[94m|[0m
     [1m[94m= [0m[1mhelp[0m: for further information visit https://rust-lang.github.io/rust-clippy/rust-1.95.0/index.html#redundant_closure

[1m[33mwarning[0m[1m: redundant closure[0m
    [1m[94m--> [0msrc/runtime/tests.rs:4489:51
     [1m[94m|[0m
[1m[94m4489[0m [1m[94m|[0m     let monitor_watcher = rt.spawn_actor(Box::new(|| vec![]));
     [1m[94m|[0m                                                   [1m[33m^^^^^^^^^[0m [1m[33mhelp: replace the closure with `Vec::new`: `std::vec::Vec::new`[0m
     [1m[94m|[0m
     [1m[94m= [0m[1mhelp[0m: for further information visit https://rust-lang.github.io/rust-clippy/rust-1.95.0/index.html#redundant_closure

[1m[33mwarning[0m[1m: redundant closure[0m
    [1m[94m--> [0msrc/runtime/tests.rs:4490:48
     [1m[94m|[0m
[1m[94m4490[0m [1m[94m|[0m     let link_watcher = rt.spawn_actor(Box::new(|| vec![]));
     [1m[94m|[0m                                                [1m[33m^^^^^^^^^[0m [1m[33mhelp: replace the closure with `Vec::new`: `std::vec::Vec::new`[0m
     [1m[94m|[0m
     [1m[94m= [0m[1mhelp[0m: for further information visit https://rust-lang.github.io/rust-clippy/rust-1.95.0/index.html#redundant_closure

[1m[33mwarning[0m[1m: accessing first element with `args.get(0)`[0m
    [1m[94m--> [0msrc/runtime/tests.rs:4707:21
     [1m[94m|[0m
[1m[94m4707[0m [1m[94m|[0m             let n = args.get(0).and_then(|v| v.as_int()).unwrap_or(-1);
     [1m[94m|[0m                     [1m[33m^^^^^^^^^^^[0m [1m[33mhelp: try: `args.first()`[0m
     [1m[94m|[0m
     [1m[94m= [0m[1mhelp[0m: for further information visit https://rust-lang.github.io/rust-clippy/rust-1.95.0/index.html#get_first

[1m[33mwarning[0m[1m: accessing first element with `args.get(0)`[0m
    [1m[94m--> [0msrc/runtime/tests.rs:4809:21
     [1m[94m|[0m
[1m[94m4809[0m [1m[94m|[0m             let n = args.get(0).and_then(|v| v.as_int()).unwrap_or(-1);
     [1m[94m|[0m                     [1m[33m^^^^^^^^^^^[0m [1m[33mhelp: try: `args.first()`[0m
     [1m[94m|[0m
     [1m[94m= [0m[1mhelp[0m: for further information visit https://rust-lang.github.io/rust-clippy/rust-1.95.0/index.html#get_first

[1m[33mwarning[0m[1m: casting to the same type is unnecessary (`usize` -> `usize`)[0m
    [1m[94m--> [0msrc/runtime/tests.rs:4817:18
     [1m[94m|[0m
[1m[94m4817[0m [1m[94m|[0m         .map(|b| b.code_offset as usize)
     [1m[94m|[0m                  [1m[33m^^^^^^^^^^^^^^^^^^^^^^[0m [1m[33mhelp: try: `b.code_offset`[0m
     [1m[94m|[0m
     [1m[94m= [0m[1mhelp[0m: for further information visit https://rust-lang.github.io/rust-clippy/rust-1.95.0/index.html#unnecessary_cast

[1m[33mwarning[0m[1m: casting to the same type is unnecessary (`usize` -> `usize`)[0m
    [1m[94m--> [0msrc/runtime/tests.rs:4822:46
     [1m[94m|[0m
[1m[94m4822[0m [1m[94m|[0m         .map(|b| b.compensate_offset.map(|o| o as usize))
     [1m[94m|[0m                                              [1m[33m^^^^^^^^^^[0m [1m[33mhelp: try: `o`[0m
     [1m[94m|[0m
     [1m[94m= [0m[1mhelp[0m: for further information visit https://rust-lang.github.io/rust-clippy/rust-1.95.0/index.html#unnecessary_cast

[1m[33mwarning[0m[1m: accessing first element with `args.get(0)`[0m
    [1m[94m--> [0msrc/runtime/tests.rs:4944:21
     [1m[94m|[0m
[1m[94m4944[0m [1m[94m|[0m             let n = args.get(0).and_then(|v| v.as_int()).unwrap_or(-1);
     [1m[94m|[0m                     [1m[33m^^^^^^^^^^^[0m [1m[33mhelp: try: `args.first()`[0m
     [1m[94m|[0m
     [1m[94m= [0m[1mhelp[0m: for further information visit https://rust-lang.github.io/rust-clippy/rust-1.95.0/index.html#get_first

[1m[33mwarning[0m[1m: accessing first element with `args.get(0)`[0m
    [1m[94m--> [0msrc/runtime/tests.rs:5171:21
     [1m[94m|[0m
[1m[94m5171[0m [1m[94m|[0m             let n = args.get(0).and_then(|v| v.as_int()).unwrap_or(-1);
     [1m[94m|[0m                     [1m[33m^^^^^^^^^^^[0m [1m[33mhelp: try: `args.first()`[0m
     [1m[94m|[0m
     [1m[94m= [0m[1mhelp[0m: for further information visit https://rust-lang.github.io/rust-clippy/rust-1.95.0/index.html#get_first

[1m[33mwarning[0m[1m: accessing first element with `args.get(0)`[0m
    [1m[94m--> [0msrc/runtime/tests.rs:5365:21
     [1m[94m|[0m
[1m[94m5365[0m [1m[94m|[0m             let n = args.get(0).and_then(|v| v.as_int()).unwrap_or(-1);
     [1m[94m|[0m                     [1m[33m^^^^^^^^^^^[0m [1m[33mhelp: try: `args.first()`[0m
     [1m[94m|[0m
     [1m[94m= [0m[1mhelp[0m: for further information visit https://rust-lang.github.io/rust-clippy/rust-1.95.0/index.html#get_first

[1m[33mwarning[0m[1m: accessing first element with `args.get(0)`[0m
    [1m[94m--> [0msrc/runtime/tests.rs:5609:21
     [1m[94m|[0m
[1m[94m5609[0m [1m[94m|[0m             let n = args.get(0).and_then(|v| v.as_int()).unwrap_or(-1);
     [1m[94m|[0m                     [1m[33m^^^^^^^^^^^[0m [1m[33mhelp: try: `args.first()`[0m
     [1m[94m|[0m
     [1m[94m= [0m[1mhelp[0m: for further information visit https://rust-lang.github.io/rust-clippy/rust-1.95.0/index.html#get_first

[1m[33mwarning[0m[1m: accessing first element with `args.get(0)`[0m
    [1m[94m--> [0msrc/runtime/tests.rs:5732:25
     [1m[94m|[0m
[1m[94m5732[0m [1m[94m|[0m                 let n = args.get(0).and_then(|v| v.as_int()).unwrap_or(-1);
     [1m[94m|[0m                         [1m[33m^^^^^^^^^^^[0m [1m[33mhelp: try: `args.first()`[0m
     [1m[94m|[0m
     [1m[94m= [0m[1mhelp[0m: for further information visit https://rust-lang.github.io/rust-clippy/rust-1.95.0/index.html#get_first

[1m[33mwarning[0m[1m: the loop variable `i` is only used to index `nodes`[0m
    [1m[94m--> [0msrc/runtime/tests.rs:5797:14
     [1m[94m|[0m
[1m[94m5797[0m [1m[94m|[0m     for i in 1..5 {
     [1m[94m|[0m              [1m[33m^^^^[0m
     [1m[94m|[0m
     [1m[94m= [0m[1mhelp[0m: for further information visit https://rust-lang.github.io/rust-clippy/rust-1.95.0/index.html#needless_range_loop
[1m[96mhelp[0m: consider using an iterator
     [1m[94m|[0m
[1m[94m5797[0m [91m- [0m    for [91mi[0m in [91m1..5[0m {
[1m[94m5797[0m [92m+ [0m    for [92m<item>[0m in [92mnodes.iter_mut().take(5).skip(1)[0m {
     [1m[94m|[0m

[1m[33mwarning[0m[1m: the loop variable `i` is only used to index `nodes`[0m
    [1m[94m--> [0msrc/runtime/tests.rs:5821:14
     [1m[94m|[0m
[1m[94m5821[0m [1m[94m|[0m     for i in 0..2 {
     [1m[94m|[0m              [1m[33m^^^^[0m
     [1m[94m|[0m
     [1m[94m= [0m[1mhelp[0m: for further information visit https://rust-lang.github.io/rust-clippy/rust-1.95.0/index.html#needless_range_loop
[1m[96mhelp[0m: consider using an iterator
     [1m[94m|[0m
[1m[94m5821[0m [91m- [0m    for [91mi[0m in [91m0..2[0m {
[1m[94m5821[0m [92m+ [0m    for [92m<item>[0m in [92mnodes.iter_mut().take(2)[0m {
     [1m[94m|[0m

[1m[33mwarning[0m[1m: the loop variable `i` is only used to index `nodes`[0m
    [1m[94m--> [0msrc/runtime/tests.rs:5829:14
     [1m[94m|[0m
[1m[94m5829[0m [1m[94m|[0m     for i in 2..5 {
     [1m[94m|[0m              [1m[33m^^^^[0m
     [1m[94m|[0m
     [1m[94m= [0m[1mhelp[0m: for further information visit https://rust-lang.github.io/rust-clippy/rust-1.95.0/index.html#needless_range_loop
[1m[96mhelp[0m: consider using an iterator
     [1m[94m|[0m
[1m[94m5829[0m [91m- [0m    for [91mi[0m in [91m2..5[0m {
[1m[94m5829[0m [92m+ [0m    for [92m<item>[0m in [92mnodes.iter_mut().take(5).skip(2)[0m {
     [1m[94m|[0m

[1m[33mwarning[0m[1m: accessing first element with `args.get(0)`[0m
    [1m[94m--> [0msrc/runtime/tests.rs:5907:21
     [1m[94m|[0m
[1m[94m5907[0m [1m[94m|[0m             let n = args.get(0).and_then(|v| v.as_int()).unwrap_or(-1);
     [1m[94m|[0m                     [1m[33m^^^^^^^^^^^[0m [1m[33mhelp: try: `args.first()`[0m
     [1m[94m|[0m
     [1m[94m= [0m[1mhelp[0m: for further information visit https://rust-lang.github.io/rust-clippy/rust-1.95.0/index.html#get_first

[1m[33mwarning[0m[1m: accessing first element with `args.get(0)`[0m
    [1m[94m--> [0msrc/runtime/tests.rs:5986:21
     [1m[94m|[0m
[1m[94m5986[0m [1m[94m|[0m             let n = args.get(0).and_then(|v| v.as_int()).unwrap_or(-1);
     [1m[94m|[0m                     [1m[33m^^^^^^^^^^^[0m [1m[33mhelp: try: `args.first()`[0m
     [1m[94m|[0m
     [1m[94m= [0m[1mhelp[0m: for further information visit https://rust-lang.github.io/rust-clippy/rust-1.95.0/index.html#get_first

[1m[33mwarning[0m[1m: accessing first element with `args.get(0)`[0m
    [1m[94m--> [0msrc/runtime/tests.rs:6124:21
     [1m[94m|[0m
[1m[94m6124[0m [1m[94m|[0m             let n = args.get(0).and_then(|v| v.as_int()).unwrap_or(-1);
     [1m[94m|[0m                     [1m[33m^^^^^^^^^^^[0m [1m[33mhelp: try: `args.first()`[0m
     [1m[94m|[0m
     [1m[94m= [0m[1mhelp[0m: for further information visit https://rust-lang.github.io/rust-clippy/rust-1.95.0/index.html#get_first

[1m[33mwarning[0m[1m: redundant closure[0m
    [1m[94m--> [0msrc/runtime/tests.rs:6184:45
     [1m[94m|[0m
[1m[94m6184[0m [1m[94m|[0m     let watcher = rt_a.spawn_actor(Box::new(|| vec![]));
     [1m[94m|[0m                                             [1m[33m^^^^^^^^^[0m [1m[33mhelp: replace the closure with `Vec::new`: `std::vec::Vec::new`[0m
     [1m[94m|[0m
     [1m[94m= [0m[1mhelp[0m: for further information visit https://rust-lang.github.io/rust-clippy/rust-1.95.0/index.html#redundant_closure

[1m[33mwarning[0m[1m: accessing first element with `args.get(0)`[0m
    [1m[94m--> [0msrc/runtime/tests.rs:6379:21
     [1m[94m|[0m
[1m[94m6379[0m [1m[94m|[0m             let n = args.get(0).and_then(|v| v.as_int()).unwrap_or(-1);
     [1m[94m|[0m                     [1m[33m^^^^^^^^^^^[0m [1m[33mhelp: try: `args.first()`[0m
     [1m[94m|[0m
     [1m[94m= [0m[1mhelp[0m: for further information visit https://rust-lang.github.io/rust-clippy/rust-1.95.0/index.html#get_first

[1m[33mwarning[0m[1m: accessing first element with `args.get(0)`[0m
    [1m[94m--> [0msrc/runtime/tests.rs:6502:13
     [1m[94m|[0m
[1m[94m6502[0m [1m[94m|[0m     let n = args.get(0).and_then(|v| v.as_int()).unwrap_or(-1);
     [1m[94m|[0m             [1m[33m^^^^^^^^^^^[0m [1m[33mhelp: try: `args.first()`[0m
     [1m[94m|[0m
     [1m[94m= [0m[1mhelp[0m: for further information visit https://rust-lang.github.io/rust-clippy/rust-1.95.0/index.html#get_first

[1m[33mwarning[0m[1m: unnecessary use of `get(&placeholder_id).is_none()`[0m
    [1m[94m--> [0msrc/runtime/tests.rs:6803:37
     [1m[94m|[0m
[1m[94m6803[0m [1m[94m|[0m         rt_a.pending_spawn_messages.get(&placeholder_id).is_none(),
     [1m[94m|[0m         [1m[94m----------------------------[0m[1m[33m^^^^^^^^^^^^^^^^^^^^^^^^^^^^^^[0m
     [1m[94m|[0m         [1m[94m|[0m
     [1m[94m|[0m         [1m[94mhelp: replace it with: `!rt_a.pending_spawn_messages.contains_key(&placeholder_id)`[0m
     [1m[94m|[0m
     [1m[94m= [0m[1mhelp[0m: for further information visit https://rust-lang.github.io/rust-clippy/rust-1.95.0/index.html#unnecessary_get_then_check

[1m[33mwarning[0m[1m: redundant closure[0m
    [1m[94m--> [0msrc/runtime/tests.rs:6873:46
     [1m[94m|[0m
[1m[94m6873[0m [1m[94m|[0m     let local_id = rt_a.spawn_actor(Box::new(|| vec![]));
     [1m[94m|[0m                                              [1m[33m^^^^^^^^^[0m [1m[33mhelp: replace the closure with `Vec::new`: `std::vec::Vec::new`[0m
     [1m[94m|[0m
     [1m[94m= [0m[1mhelp[0m: for further information visit https://rust-lang.github.io/rust-clippy/rust-1.95.0/index.html#redundant_closure

[1m[33mwarning[0m[1m: accessing first element with `args.get(0)`[0m
    [1m[94m--> [0msrc/runtime/tests.rs:7407:26
     [1m[94m|[0m
[1m[94m7407[0m [1m[94m|[0m                 let by = args.get(0).and_then(|v| v.as_int()).unwrap_or(0);
     [1m[94m|[0m                          [1m[33m^^^^^^^^^^^[0m [1m[33mhelp: try: `args.first()`[0m
     [1m[94m|[0m
     [1m[94m= [0m[1mhelp[0m: for further information visit https://rust-lang.github.io/rust-clippy/rust-1.95.0/index.html#get_first

[1m[33mwarning[0m[1m: redundant closure[0m
    [1m[94m--> [0msrc/runtime/tests.rs:7415:45
     [1m[94m|[0m
[1m[94m7415[0m [1m[94m|[0m         let decoy = rt.spawn_actor(Box::new(|| vec![]));
     [1m[94m|[0m                                             [1m[33m^^^^^^^^^[0m [1m[33mhelp: replace the closure with `Vec::new`: `std::vec::Vec::new`[0m
     [1m[94m|[0m
     [1m[94m= [0m[1mhelp[0m: for further information visit https://rust-lang.github.io/rust-clippy/rust-1.95.0/index.html#redundant_closure

[1m[33mwarning[0m[1m: redundant closure[0m
    [1m[94m--> [0msrc/runtime/tests.rs:7489:47
     [1m[94m|[0m
[1m[94m7489[0m [1m[94m|[0m         let builder = rt.spawn_actor(Box::new(|| vec![]));
     [1m[94m|[0m                                               [1m[33m^^^^^^^^^[0m [1m[33mhelp: replace the closure with `Vec::new`: `std::vec::Vec::new`[0m
     [1m[94m|[0m
     [1m[94m= [0m[1mhelp[0m: for further information visit https://rust-lang.github.io/rust-clippy/rust-1.95.0/index.html#redundant_closure

[1m[33mwarning[0m[1m: redundant closure[0m
    [1m[94m--> [0msrc/runtime/tests.rs:7491:47
     [1m[94m|[0m
[1m[94m7491[0m [1m[94m|[0m         let churner = rt.spawn_actor(Box::new(|| vec![]));
     [1m[94m|[0m                                               [1m[33m^^^^^^^^^[0m [1m[33mhelp: replace the closure with `Vec::new`: `std::vec::Vec::new`[0m
     [1m[94m|[0m
     [1m[94m= [0m[1mhelp[0m: for further information visit https://rust-lang.github.io/rust-clippy/rust-1.95.0/index.html#redundant_closure

[1m[33mwarning[0m[1m: accessing first element with `args.get(0)`[0m
    [1m[94m--> [0msrc/runtime/tests.rs:7513:27
     [1m[94m|[0m
[1m[94m7513[0m [1m[94m|[0m                 let ptr = args.get(0).and_then(|v| v.as_ptr()).expect("payload array");
     [1m[94m|[0m                           [1m[33m^^^^^^^^^^^[0m [1m[33mhelp: try: `args.first()`[0m
     [1m[94m|[0m
     [1m[94m= [0m[1mhelp[0m: for further information visit https://rust-lang.github.io/rust-clippy/rust-1.95.0/index.html#get_first

[1m[33mwarning[0m[1m: redundant closure[0m
    [1m[94m--> [0msrc/runtime/tests.rs:7665:44
     [1m[94m|[0m
[1m[94m7665[0m [1m[94m|[0m     let receiver = rt.spawn_actor(Box::new(|| vec![]));
     [1m[94m|[0m                                            [1m[33m^^^^^^^^^[0m [1m[33mhelp: replace the closure with `Vec::new`: `std::vec::Vec::new`[0m
     [1m[94m|[0m
     [1m[94m= [0m[1mhelp[0m: for further information visit https://rust-lang.github.io/rust-clippy/rust-1.95.0/index.html#redundant_closure

[1m[33mwarning[0m[1m: redundant closure[0m
    [1m[94m--> [0msrc/runtime/tests.rs:7684:44
     [1m[94m|[0m
[1m[94m7684[0m [1m[94m|[0m     let receiver = rt.spawn_actor(Box::new(|| vec![]));
     [1m[94m|[0m                                            [1m[33m^^^^^^^^^[0m [1m[33mhelp: replace the closure with `Vec::new`: `std::vec::Vec::new`[0m
     [1m[94m|[0m
     [1m[94m= [0m[1mhelp[0m: for further information visit https://rust-lang.github.io/rust-clippy/rust-1.95.0/index.html#redundant_closure

[1m[33mwarning[0m[1m: redundant closure[0m
    [1m[94m--> [0msrc/runtime/tests.rs:7704:44
     [1m[94m|[0m
[1m[94m7704[0m [1m[94m|[0m     let receiver = rt.spawn_actor(Box::new(|| vec![]));
     [1m[94m|[0m                                            [1m[33m^^^^^^^^^[0m [1m[33mhelp: replace the closure with `Vec::new`: `std::vec::Vec::new`[0m
     [1m[94m|[0m
     [1m[94m= [0m[1mhelp[0m: for further information visit https://rust-lang.github.io/rust-clippy/rust-1.95.0/index.html#redundant_closure

[1m[33mwarning[0m[1m: redundant closure[0m
    [1m[94m--> [0msrc/runtime/tests.rs:7729:44
     [1m[94m|[0m
[1m[94m7729[0m [1m[94m|[0m     let receiver = rt.spawn_actor(Box::new(|| vec![]));
     [1m[94m|[0m                                            [1m[33m^^^^^^^^^[0m [1m[33mhelp: replace the closure with `Vec::new`: `std::vec::Vec::new`[0m
     [1m[94m|[0m
     [1m[94m= [0m[1mhelp[0m: for further information visit https://rust-lang.github.io/rust-clippy/rust-1.95.0/index.html#redundant_closure

[1m[33mwarning[0m[1m: redundant closure[0m
    [1m[94m--> [0msrc/runtime/tests.rs:7754:48
     [1m[94m|[0m
[1m[94m7754[0m [1m[94m|[0m     let mut a = shards[0].spawn_actor(Box::new(|| vec![]));
     [1m[94m|[0m                                                [1m[33m^^^^^^^^^[0m [1m[33mhelp: replace the closure with `Vec::new`: `std::vec::Vec::new`[0m
     [1m[94m|[0m
     [1m[94m= [0m[1mhelp[0m: for further information visit https://rust-lang.github.io/rust-clippy/rust-1.95.0/index.html#redundant_closure

[1m[33mwarning[0m[1m: manual implementation of `.is_multiple_of()`[0m
    [1m[94m--> [0msrc/runtime/tests.rs:7755:11
     [1m[94m|[0m
[1m[94m7755[0m [1m[94m|[0m     while a % 2 != 0 {
     [1m[94m|[0m           [1m[33m^^^^^^^^^^[0m [1m[33mhelp: replace with: `!a.is_multiple_of(2)`[0m
     [1m[94m|[0m
     [1m[94m= [0m[1mhelp[0m: for further information visit https://rust-lang.github.io/rust-clippy/rust-1.95.0/index.html#manual_is_multiple_of

[1m[33mwarning[0m[1m: redundant closure[0m
    [1m[94m--> [0msrc/runtime/tests.rs:7756:44
     [1m[94m|[0m
[1m[94m7756[0m [1m[94m|[0m         a = shards[0].spawn_actor(Box::new(|| vec![]));
     [1m[94m|[0m                                            [1m[33m^^^^^^^^^[0m [1m[33mhelp: replace the closure with `Vec::new`: `std::vec::Vec::new`[0m
     [1m[94m|[0m
     [1m[94m= [0m[1mhelp[0m: for further information visit https://rust-lang.github.io/rust-clippy/rust-1.95.0/index.html#redundant_closure

[1m[33mwarning[0m[1m: redundant closure[0m
    [1m[94m--> [0msrc/runtime/tests.rs:7758:48
     [1m[94m|[0m
[1m[94m7758[0m [1m[94m|[0m     let mut b = shards[1].spawn_actor(Box::new(|| vec![]));
     [1m[94m|[0m                                                [1m[33m^^^^^^^^^[0m [1m[33mhelp: replace the closure with `Vec::new`: `std::vec::Vec::new`[0m
     [1m[94m|[0m
     [1m[94m= [0m[1mhelp[0m: for further information visit https://rust-lang.github.io/rust-clippy/rust-1.95.0/index.html#redundant_closure

[1m[33mwarning[0m[1m: redundant closure[0m
    [1m[94m--> [0msrc/runtime/tests.rs:7760:44
     [1m[94m|[0m
[1m[94m7760[0m [1m[94m|[0m         b = shards[1].spawn_actor(Box::new(|| vec![]));
     [1m[94m|[0m                                            [1m[33m^^^^^^^^^[0m [1m[33mhelp: replace the closure with `Vec::new`: `std::vec::Vec::new`[0m
     [1m[94m|[0m
     [1m[94m= [0m[1mhelp[0m: for further information visit https://rust-lang.github.io/rust-clippy/rust-1.95.0/index.html#redundant_closure

[1m[33mwarning[0m[1m: redundant closure[0m
    [1m[94m--> [0msrc/runtime/tests.rs:7816:53
     [1m[94m|[0m
[1m[94m7816[0m [1m[94m|[0m     let mut target = shards[1].spawn_actor(Box::new(|| vec![]));
     [1m[94m|[0m                                                     [1m[33m^^^^^^^^^[0m [1m[33mhelp: replace the closure with `Vec::new`: `std::vec::Vec::new`[0m
     [1m[94m|[0m
     [1m[94m= [0m[1mhelp[0m: for further information visit https://rust-lang.github.io/rust-clippy/rust-1.95.0/index.html#redundant_closure

[1m[33mwarning[0m[1m: redundant closure[0m
    [1m[94m--> [0msrc/runtime/tests.rs:7818:49
     [1m[94m|[0m
[1m[94m7818[0m [1m[94m|[0m         target = shards[1].spawn_actor(Box::new(|| vec![]));
     [1m[94m|[0m                                                 [1m[33m^^^^^^^^^[0m [1m[33mhelp: replace the closure with `Vec::new`: `std::vec::Vec::new`[0m
     [1m[94m|[0m
     [1m[94m= [0m[1mhelp[0m: for further information visit https://rust-lang.github.io/rust-clippy/rust-1.95.0/index.html#redundant_closure

[1m[33mwarning[0m[1m: redundant closure[0m
    [1m[94m--> [0msrc/runtime/tests.rs:7853:53
     [1m[94m|[0m
[1m[94m7853[0m [1m[94m|[0m     let mut target = shards[1].spawn_actor(Box::new(|| vec![]));
     [1m[94m|[0m                                                     [1m[33m^^^^^^^^^[0m [1m[33mhelp: replace the closure with `Vec::new`: `std::vec::Vec::new`[0m
     [1m[94m|[0m
     [1m[94m= [0m[1mhelp[0m: for further information visit https://rust-lang.github.io/rust-clippy/rust-1.95.0/index.html#redundant_closure

[1m[33mwarning[0m[1m: redundant closure[0m
    [1m[94m--> [0msrc/runtime/tests.rs:7855:49
     [1m[94m|[0m
[1m[94m7855[0m [1m[94m|[0m         target = shards[1].spawn_actor(Box::new(|| vec![]));
     [1m[94m|[0m                                                 [1m[33m^^^^^^^^^[0m [1m[33mhelp: replace the closure with `Vec::new`: `std::vec::Vec::new`[0m
     [1m[94m|[0m
     [1m[94m= [0m[1mhelp[0m: for further information visit https://rust-lang.github.io/rust-clippy/rust-1.95.0/index.html#redundant_closure

[1m[33mwarning[0m[1m: redundant closure[0m
    [1m[94m--> [0msrc/runtime/tests.rs:7884:53
     [1m[94m|[0m
[1m[94m7884[0m [1m[94m|[0m     let mut target = shards[1].spawn_actor(Box::new(|| vec![]));
     [1m[94m|[0m                                                     [1m[33m^^^^^^^^^[0m [1m[33mhelp: replace the closure with `Vec::new`: `std::vec::Vec::new`[0m
     [1m[94m|[0m
     [1m[94m= [0m[1mhelp[0m: for further information visit https://rust-lang.github.io/rust-clippy/rust-1.95.0/index.html#redundant_closure

[1m[33mwarning[0m[1m: redundant closure[0m
    [1m[94m--> [0msrc/runtime/tests.rs:7886:49
     [1m[94m|[0m
[1m[94m7886[0m [1m[94m|[0m         target = shards[1].spawn_actor(Box::new(|| vec![]));
     [1m[94m|[0m                                                 [1m[33m^^^^^^^^^[0m [1m[33mhelp: replace the closure with `Vec::new`: `std::vec::Vec::new`[0m
     [1m[94m|[0m
     [1m[94m= [0m[1mhelp[0m: for further information visit https://rust-lang.github.io/rust-clippy/rust-1.95.0/index.html#redundant_closure

[1m[33mwarning[0m[1m: redundant closure[0m
    [1m[94m--> [0msrc/runtime/tests.rs:7908:53
     [1m[94m|[0m
[1m[94m7908[0m [1m[94m|[0m     let mut target = shards[1].spawn_actor(Box::new(|| vec![]));
     [1m[94m|[0m                                                     [1m[33m^^^^^^^^^[0m [1m[33mhelp: replace the closure with `Vec::new`: `std::vec::Vec::new`[0m
     [1m[94m|[0m
     [1m[94m= [0m[1mhelp[0m: for further information visit https://rust-lang.github.io/rust-clippy/rust-1.95.0/index.html#redundant_closure

[1m[33mwarning[0m[1m: redundant closure[0m
    [1m[94m--> [0msrc/runtime/tests.rs:7910:49
     [1m[94m|[0m
[1m[94m7910[0m [1m[94m|[0m         target = shards[1].spawn_actor(Box::new(|| vec![]));
     [1m[94m|[0m                                                 [1m[33m^^^^^^^^^[0m [1m[33mhelp: replace the closure with `Vec::new`: `std::vec::Vec::new`[0m
     [1m[94m|[0m
     [1m[94m= [0m[1mhelp[0m: for further information visit https://rust-lang.github.io/rust-clippy/rust-1.95.0/index.html#redundant_closure

[1m[33mwarning[0m[1m: redundant closure[0m
    [1m[94m--> [0msrc/runtime/tests.rs:7952:55
     [1m[94m|[0m
[1m[94m7952[0m [1m[94m|[0m     let mut receiver = shards[1].spawn_actor(Box::new(|| vec![]));
     [1m[94m|[0m                                                       [1m[33m^^^^^^^^^[0m [1m[33mhelp: replace the closure with `Vec::new`: `std::vec::Vec::new`[0m
     [1m[94m|[0m
     [1m[94m= [0m[1mhelp[0m: for further information visit https://rust-lang.github.io/rust-clippy/rust-1.95.0/index.html#redundant_closure

[1m[33mwarning[0m[1m: redundant closure[0m
    [1m[94m--> [0msrc/runtime/tests.rs:7954:51
     [1m[94m|[0m
[1m[94m7954[0m [1m[94m|[0m         receiver = shards[1].spawn_actor(Box::new(|| vec![]));
     [1m[94m|[0m                                                   [1m[33m^^^^^^^^^[0m [1m[33mhelp: replace the closure with `Vec::new`: `std::vec::Vec::new`[0m
     [1m[94m|[0m
     [1m[94m= [0m[1mhelp[0m: for further information visit https://rust-lang.github.io/rust-clippy/rust-1.95.0/index.html#redundant_closure

[1m[33mwarning[0m[1m: redundant closure[0m
    [1m[94m--> [0msrc/runtime/tests.rs:7973:44
     [1m[94m|[0m
[1m[94m7973[0m [1m[94m|[0m     let actor_id = rt.spawn_actor(Box::new(|| vec![]));
     [1m[94m|[0m                                            [1m[33m^^^^^^^^^[0m [1m[33mhelp: replace the closure with `Vec::new`: `std::vec::Vec::new`[0m
     [1m[94m|[0m
     [1m[94m= [0m[1mhelp[0m: for further information visit https://rust-lang.github.io/rust-clippy/rust-1.95.0/index.html#redundant_closure

[1m[33mwarning[0m[1m: redundant closure[0m
    [1m[94m--> [0msrc/runtime/tests.rs:8450:22
     [1m[94m|[0m
[1m[94m8450[0m [1m[94m|[0m             Box::new(|| vec![]),
     [1m[94m|[0m                      [1m[33m^^^^^^^^^[0m [1m[33mhelp: replace the closure with `Vec::new`: `std::vec::Vec::new`[0m
     [1m[94m|[0m
     [1m[94m= [0m[1mhelp[0m: for further information visit https://rust-lang.github.io/rust-clippy/rust-1.95.0/index.html#redundant_closure

[1m[33mwarning[0m[1m: redundant closure[0m
    [1m[94m--> [0msrc/runtime/tests.rs:8475:22
     [1m[94m|[0m
[1m[94m8475[0m [1m[94m|[0m             Box::new(|| vec![]),
     [1m[94m|[0m                      [1m[33m^^^^^^^^^[0m [1m[33mhelp: replace the closure with `Vec::new`: `std::vec::Vec::new`[0m
     [1m[94m|[0m
     [1m[94m= [0m[1mhelp[0m: for further information visit https://rust-lang.github.io/rust-clippy/rust-1.95.0/index.html#redundant_closure

[1m[33mwarning[0m[1m: redundant closure[0m
   [1m[94m--> [0msrc/stress_tests.rs:130:44
    [1m[94m|[0m
[1m[94m130[0m [1m[94m|[0m     let signaler = rt.spawn_actor(Box::new(|| vec![]));
    [1m[94m|[0m                                            [1m[33m^^^^^^^^^[0m [1m[33mhelp: replace the closure with `Vec::new`: `std::vec::Vec::new`[0m
    [1m[94m|[0m
    [1m[94m= [0m[1mhelp[0m: for further information visit https://rust-lang.github.io/rust-clippy/rust-1.95.0/index.html#redundant_closure

[1m[33mwarning[0m[1m: the loop variable `i` is used to index `ids`[0m
   [1m[94m--> [0msrc/stress_tests.rs:798:14
    [1m[94m|[0m
[1m[94m798[0m [1m[94m|[0m     for i in 0..N {
    [1m[94m|[0m              [1m[33m^^^^[0m
    [1m[94m|[0m
    [1m[94m= [0m[1mhelp[0m: for further information visit https://rust-lang.github.io/rust-clippy/rust-1.95.0/index.html#needless_range_loop
[1m[96mhelp[0m: consider using an iterator and enumerate()
    [1m[94m|[0m
[1m[94m798[0m [91m- [0m    for [91mi[0m in [91m0..N[0m {
[1m[94m798[0m [92m+ [0m    for [92m(i, <item>)[0m in [92mids.iter().enumerate().take(N)[0m {
    [1m[94m|[0m

[1m[33mwarning[0m[1m: the loop variable `i` is used to index `ids`[0m
   [1m[94m--> [0msrc/stress_tests.rs:811:14
    [1m[94m|[0m
[1m[94m811[0m [1m[94m|[0m     for i in 0..N {
    [1m[94m|[0m              [1m[33m^^^^[0m
    [1m[94m|[0m
    [1m[94m= [0m[1mhelp[0m: for further information visit https://rust-lang.github.io/rust-clippy/rust-1.95.0/index.html#needless_range_loop
[1m[96mhelp[0m: consider using an iterator and enumerate()
    [1m[94m|[0m
[1m[94m811[0m [91m- [0m    for [91mi[0m in [91m0..N[0m {
[1m[94m811[0m [92m+ [0m    for [92m(i, <item>)[0m in [92mids.iter().enumerate().take(N)[0m {
    [1m[94m|[0m

[1m[33mwarning[0m[1m: length comparison to zero[0m
    [1m[94m--> [0msrc/stress_tests.rs:1485:13
     [1m[94m|[0m
[1m[94m1485[0m [1m[94m|[0m             actor.mailbox.len() > 0 || actor.reduction_count > 0,
     [1m[94m|[0m             [1m[33m^^^^^^^^^^^^^^^^^^^^^^^[0m [1m[33mhelp: using `!is_empty` is clearer and more explicit: `!actor.mailbox.is_empty()`[0m
     [1m[94m|[0m
     [1m[94m= [0m[1mhelp[0m: for further information visit https://rust-lang.github.io/rust-clippy/rust-1.95.0/index.html#len_zero

[1m[33mwarning[0m[1m: used `assert_eq!` with a literal bool[0m
    [1m[94m--> [0msrc/vm.rs:8935:9
     [1m[94m|[0m
[1m[94m8935[0m [1m[94m|[0m         assert_eq!(cont.frames[0].regs[0].as_ptr().is_some(), true);
     [1m[94m|[0m         [1m[33m^^^^^^^^^^^^^^^^^^^^^^^^^^^^^^^^^^^^^^^^^^^^^^^^^^^^^^^^^^^[0m
     [1m[94m|[0m
     [1m[94m= [0m[1mhelp[0m: for further information visit https://rust-lang.github.io/rust-clippy/rust-1.95.0/index.html#bool_assert_comparison
[1m[96mhelp[0m: replace it with `assert!(..)`
     [1m[94m|[0m
[1m[94m8935[0m [91m- [0m        [91massert_eq[0m!(cont.frames[0].regs[0].as_ptr().is_some()[91m, true[0m);
[1m[94m8935[0m [92m+ [0m        [92massert[0m!(cont.frames[0].regs[0].as_ptr().is_some());
     [1m[94m|[0m

[1m[33mwarning[0m: `nulang` (lib test) generated 694 warnings (468 duplicates)
[1m[91merror[0m: could not compile `nulang` (lib test) due to 2 previous errors; 694 warnings emitted

exit_status=101
